period,sku,vendor,category,commodity,driver,units,cost_ext
2023-Q1,SKU-1001,Ironclad Auto,Brakes,Steel,Commodity / Material,3454,64142.16
2023-Q2,SKU-1001,Ironclad Auto,Brakes,Steel,Commodity / Material,3454,62410.33
2023-Q3,SKU-1001,Ironclad Auto,Brakes,Steel,Commodity / Material,3454,66312.66
2023-Q4,SKU-1001,Ironclad Auto,Brakes,Steel,Commodity / Material,3454,71088.85
2024-Q1,SKU-1001,Ironclad Auto,Brakes,Steel,Commodity / Material,3454,65931.33
2024-Q2,SKU-1001,Ironclad Auto,Brakes,Steel,Commodity / Material,3454,63286.95
2024-Q3,SKU-1001,Ironclad Auto,Brakes,Steel,Commodity / Material,3454,65273.69
2024-Q4,SKU-1001,Ironclad Auto,Brakes,Steel,Commodity / Material,3454,65873.31
2025-Q1,SKU-1001,Ironclad Auto,Brakes,Steel,Commodity / Material,3454,67464.91
2025-Q2,SKU-1001,Ironclad Auto,Brakes,Steel,Commodity / Material,3454,66273.97
2025-Q3,SKU-1001,Ironclad Auto,Brakes,Steel,Commodity / Material,3454,70844.65
2025-Q4,SKU-1001,Ironclad Auto,Brakes,Steel,Commodity / Material,3454,75371.12
2023-Q1,SKU-1002,Ironclad Auto,Brakes,Steel,Commodity / Material,2113,48385.8
2023-Q2,SKU-1002,Ironclad Auto,Brakes,Steel,Commodity / Material,2113,47079.33
2023-Q3,SKU-1002,Ironclad Auto,Brakes,Steel,Commodity / Material,2113,50022.95
2023-Q4,SKU-1002,Ironclad Auto,Brakes,Steel,Commodity / Material,2113,53626.04
2024-Q1,SKU-1002,Ironclad Auto,Brakes,Steel,Commodity / Material,2113,49735.37
2024-Q2,SKU-1002,Ironclad Auto,Brakes,Steel,Commodity / Material,2113,47740.49
2024-Q3,SKU-1002,Ironclad Auto,Brakes,Steel,Commodity / Material,2113,49239.24
2024-Q4,SKU-1002,Ironclad Auto,Brakes,Steel,Commodity / Material,2113,49691.63
2025-Q1,SKU-1002,Ironclad Auto,Brakes,Steel,Commodity / Material,2113,50892.03
2025-Q2,SKU-1002,Ironclad Auto,Brakes,Steel,Commodity / Material,2113,49993.79
2025-Q3,SKU-1002,Ironclad Auto,Brakes,Steel,Commodity / Material,2113,53441.78
2025-Q4,SKU-1002,Ironclad Auto,Brakes,Steel,Commodity / Material,2113,56856.18
2023-Q1,SKU-1003,Ironclad Auto,Brakes,Steel,Commodity / Material,16248,348604.09
2023-Q2,SKU-1003,Ironclad Auto,Brakes,Steel,Commodity / Material,16248,339193.25
2023-Q3,SKU-1003,Ironclad Auto,Brakes,Steel,Commodity / Material,16248,360400.14
2023-Q4,SKU-1003,Ironclad Auto,Brakes,Steel,Commodity / Material,16248,386357.94
2024-Q1,SKU-1003,Ironclad Auto,Brakes,Steel,Commodity / Material,16248,358326.89
2024-Q2,SKU-1003,Ironclad Auto,Brakes,Steel,Commodity / Material,16248,343955.54
2024-Q3,SKU-1003,Ironclad Auto,Brakes,Steel,Commodity / Material,16248,354752.33
2024-Q4,SKU-1003,Ironclad Auto,Brakes,Steel,Commodity / Material,16248,358011.68
2025-Q1,SKU-1003,Ironclad Auto,Brakes,Steel,Commodity / Material,16248,366662.12
2025-Q2,SKU-1003,Ironclad Auto,Brakes,Steel,Commodity / Material,16248,360188.91
2025-Q3,SKU-1003,Ironclad Auto,Brakes,Steel,Commodity / Material,16248,385032.11
2025-Q4,SKU-1003,Ironclad Auto,Brakes,Steel,Commodity / Material,16248,409631.58
2023-Q1,SKU-1004,Ironclad Auto,Radiators,Aluminum,Commodity / Material,7591,339899.17
2023-Q2,SKU-1004,Ironclad Auto,Radiators,Aluminum,Commodity / Material,7591,341686.09
2023-Q3,SKU-1004,Ironclad Auto,Radiators,Aluminum,Commodity / Material,7591,351983.28
2023-Q4,SKU-1004,Ironclad Auto,Radiators,Aluminum,Commodity / Material,7591,370043.79
2024-Q1,SKU-1004,Ironclad Auto,Radiators,Aluminum,Commodity / Material,7591,391344.14
2024-Q2,SKU-1004,Ironclad Auto,Radiators,Aluminum,Commodity / Material,7591,415477.44
2024-Q3,SKU-1004,Ironclad Auto,Radiators,Aluminum,Commodity / Material,7591,417373.68
2024-Q4,SKU-1004,Ironclad Auto,Radiators,Aluminum,Commodity / Material,7591,416906.83
2025-Q1,SKU-1004,Ironclad Auto,Radiators,Aluminum,Commodity / Material,7591,443964.19
2025-Q2,SKU-1004,Ironclad Auto,Radiators,Aluminum,Commodity / Material,7591,449484.36
2025-Q3,SKU-1004,Ironclad Auto,Radiators,Aluminum,Commodity / Material,7591,430703.47
2025-Q4,SKU-1004,Ironclad Auto,Radiators,Aluminum,Commodity / Material,7591,415772.73
2023-Q1,SKU-1005,Ironclad Auto,Radiators,Aluminum,Commodity / Material,11303,490310.58
2023-Q2,SKU-1005,Ironclad Auto,Radiators,Aluminum,Commodity / Material,11303,492887.66
2023-Q3,SKU-1005,Ironclad Auto,Radiators,Aluminum,Commodity / Material,11303,507742.06
2023-Q4,SKU-1005,Ironclad Auto,Radiators,Aluminum,Commodity / Material,11303,533795.48
2024-Q1,SKU-1005,Ironclad Auto,Radiators,Aluminum,Commodity / Material,11303,564521.55
2024-Q2,SKU-1005,Ironclad Auto,Radiators,Aluminum,Commodity / Material,11303,599333.66
2024-Q3,SKU-1005,Ironclad Auto,Radiators,Aluminum,Commodity / Material,11303,602068.99
2024-Q4,SKU-1005,Ironclad Auto,Radiators,Aluminum,Commodity / Material,11303,601396.46
2025-Q1,SKU-1005,Ironclad Auto,Radiators,Aluminum,Commodity / Material,11303,640425.72
2025-Q2,SKU-1005,Ironclad Auto,Radiators,Aluminum,Commodity / Material,11303,648389.81
2025-Q3,SKU-1005,Ironclad Auto,Radiators,Aluminum,Commodity / Material,11303,621296.52
2025-Q4,SKU-1005,Ironclad Auto,Radiators,Aluminum,Commodity / Material,11303,599759.79
2023-Q1,SKU-1006,Ironclad Auto,Radiators,Aluminum,Commodity / Material,18805,851189.52
2023-Q2,SKU-1006,Ironclad Auto,Radiators,Aluminum,Commodity / Material,18805,855663.23
2023-Q3,SKU-1006,Ironclad Auto,Radiators,Aluminum,Commodity / Material,18805,881450.53
2023-Q4,SKU-1006,Ironclad Auto,Radiators,Aluminum,Commodity / Material,18805,926678.43
2024-Q1,SKU-1006,Ironclad Auto,Radiators,Aluminum,Commodity / Material,18805,980020.69
2024-Q2,SKU-1006,Ironclad Auto,Radiators,Aluminum,Commodity / Material,18805,1040456.2
2024-Q3,SKU-1006,Ironclad Auto,Radiators,Aluminum,Commodity / Material,18805,1045204.47
2024-Q4,SKU-1006,Ironclad Auto,Radiators,Aluminum,Commodity / Material,18805,1044034.8
2025-Q1,SKU-1006,Ironclad Auto,Radiators,Aluminum,Commodity / Material,18805,1111792.97
2025-Q2,SKU-1006,Ironclad Auto,Radiators,Aluminum,Commodity / Material,18805,1125616.53
2025-Q3,SKU-1006,Ironclad Auto,Radiators,Aluminum,Commodity / Material,18805,1078583.34
2025-Q4,SKU-1006,Ironclad Auto,Radiators,Aluminum,Commodity / Material,18805,1041195.24
2023-Q1,SKU-1007,Ironclad Auto,Radiators,Aluminum,Commodity / Material,4989,200712.96
2023-Q2,SKU-1007,Ironclad Auto,Radiators,Aluminum,Commodity / Material,4989,201767.63
2023-Q3,SKU-1007,Ironclad Auto,Radiators,Aluminum,Commodity / Material,4989,207848.72
2023-Q4,SKU-1007,Ironclad Auto,Radiators,Aluminum,Commodity / Material,4989,218513.71
2024-Q1,SKU-1007,Ironclad Auto,Radiators,Aluminum,Commodity / Material,4989,231091.48
2024-Q2,SKU-1007,Ironclad Auto,Radiators,Aluminum,Commodity / Material,4989,245342.06
2024-Q3,SKU-1007,Ironclad Auto,Radiators,Aluminum,Commodity / Material,4989,246462.09
2024-Q4,SKU-1007,Ironclad Auto,Radiators,Aluminum,Commodity / Material,4989,246186.7
2025-Q1,SKU-1007,Ironclad Auto,Radiators,Aluminum,Commodity / Material,4989,262163.47
2025-Q2,SKU-1007,Ironclad Auto,Radiators,Aluminum,Commodity / Material,4989,265423.78
2025-Q3,SKU-1007,Ironclad Auto,Radiators,Aluminum,Commodity / Material,4989,254333.23
2025-Q4,SKU-1007,Ironclad Auto,Radiators,Aluminum,Commodity / Material,4989,245516.67
2023-Q1,SKU-1008,Ironclad Auto,Spark Plugs,Copper,Commodity / Material,16260,57924.62
2023-Q2,SKU-1008,Ironclad Auto,Spark Plugs,Copper,Commodity / Material,16260,61274.18
2023-Q3,SKU-1008,Ironclad Auto,Spark Plugs,Copper,Commodity / Material,16260,63513.19
2023-Q4,SKU-1008,Ironclad Auto,Spark Plugs,Copper,Commodity / Material,16260,67922.9
2024-Q1,SKU-1008,Ironclad Auto,Spark Plugs,Copper,Commodity / Material,16260,68083.87
2024-Q2,SKU-1008,Ironclad Auto,Spark Plugs,Copper,Commodity / Material,16260,70636.69
2024-Q3,SKU-1008,Ironclad Auto,Spark Plugs,Copper,Commodity / Material,16260,75265.91
2024-Q4,SKU-1008,Ironclad Auto,Spark Plugs,Copper,Commodity / Material,16260,75976.48
2025-Q1,SKU-1008,Ironclad Auto,Spark Plugs,Copper,Commodity / Material,16260,80186.19
2025-Q2,SKU-1008,Ironclad Auto,Spark Plugs,Copper,Commodity / Material,16260,79246.36
2025-Q3,SKU-1008,Ironclad Auto,Spark Plugs,Copper,Commodity / Material,16260,79739.04
2025-Q4,SKU-1008,Ironclad Auto,Spark Plugs,Copper,Commodity / Material,16260,80145.54
2023-Q1,SKU-1009,Ironclad Auto,Spark Plugs,Copper,Commodity / Material,19831,51852.12
2023-Q2,SKU-1009,Ironclad Auto,Spark Plugs,Copper,Commodity / Material,19831,54850.56
2023-Q3,SKU-1009,Ironclad Auto,Spark Plugs,Copper,Commodity / Material,19831,56855.48
2023-Q4,SKU-1009,Ironclad Auto,Spark Plugs,Copper,Commodity / Material,19831,60801.85
2024-Q1,SKU-1009,Ironclad Auto,Spark Plugs,Copper,Commodity / Material,19831,60946.61
2024-Q2,SKU-1009,Ironclad Auto,Spark Plugs,Copper,Commodity / Material,19831,63233.13
2024-Q3,SKU-1009,Ironclad Auto,Spark Plugs,Copper,Commodity / Material,19831,67375.82
2024-Q4,SKU-1009,Ironclad Auto,Spark Plugs,Copper,Commodity / Material,19831,68012.4
2025-Q1,SKU-1009,Ironclad Auto,Spark Plugs,Copper,Commodity / Material,19831,71780.29
2025-Q2,SKU-1009,Ironclad Auto,Spark Plugs,Copper,Commodity / Material,19831,70939.45
2025-Q3,SKU-1009,Ironclad Auto,Spark Plugs,Copper,Commodity / Material,19831,71381.68
2025-Q4,SKU-1009,Ironclad Auto,Spark Plugs,Copper,Commodity / Material,19831,71744.59
2023-Q1,SKU-1010,Ironclad Auto,Spark Plugs,Copper,Commodity / Material,8984,40540.3
2023-Q2,SKU-1010,Ironclad Auto,Spark Plugs,Copper,Commodity / Material,8984,42885.12
2023-Q3,SKU-1010,Ironclad Auto,Spark Plugs,Copper,Commodity / Material,8984,44451.93
2023-Q4,SKU-1010,Ironclad Auto,Spark Plugs,Copper,Commodity / Material,8984,47538.84
2024-Q1,SKU-1010,Ironclad Auto,Spark Plugs,Copper,Commodity / Material,8984,47651.14
2024-Q2,SKU-1010,Ironclad Auto,Spark Plugs,Copper,Commodity / Material,8984,49438.05
2024-Q3,SKU-1010,Ironclad Auto,Spark Plugs,Copper,Commodity / Material,8984,52678.58
2024-Q4,SKU-1010,Ironclad Auto,Spark Plugs,Copper,Commodity / Material,8984,53175.4
2025-Q1,SKU-1010,Ironclad Auto,Spark Plugs,Copper,Commodity / Material,8984,56122.15
2025-Q2,SKU-1010,Ironclad Auto,Spark Plugs,Copper,Commodity / Material,8984,55464.52
2025-Q3,SKU-1010,Ironclad Auto,Spark Plugs,Copper,Commodity / Material,8984,55809.51
2025-Q4,SKU-1010,Ironclad Auto,Spark Plugs,Copper,Commodity / Material,8984,56093.4
2023-Q1,SKU-1011,Ironclad Auto,Spark Plugs,Copper,Commodity / Material,2761,9839.38
2023-Q2,SKU-1011,Ironclad Auto,Spark Plugs,Copper,Commodity / Material,2761,10408.42
2023-Q3,SKU-1011,Ironclad Auto,Spark Plugs,Copper,Commodity / Material,2761,10788.88
2023-Q4,SKU-1011,Ironclad Auto,Spark Plugs,Copper,Commodity / Material,2761,11537.94
2024-Q1,SKU-1011,Ironclad Auto,Spark Plugs,Copper,Commodity / Material,2761,11565.0
2024-Q2,SKU-1011,Ironclad Auto,Spark Plugs,Copper,Commodity / Material,2761,11999.03
2024-Q3,SKU-1011,Ironclad Auto,Spark Plugs,Copper,Commodity / Material,2761,12785.36
2024-Q4,SKU-1011,Ironclad Auto,Spark Plugs,Copper,Commodity / Material,2761,12906.02
2025-Q1,SKU-1011,Ironclad Auto,Spark Plugs,Copper,Commodity / Material,2761,13621.12
2025-Q2,SKU-1011,Ironclad Auto,Spark Plugs,Copper,Commodity / Material,2761,13461.53
2025-Q3,SKU-1011,Ironclad Auto,Spark Plugs,Copper,Commodity / Material,2761,13545.19
2025-Q4,SKU-1011,Ironclad Auto,Spark Plugs,Copper,Commodity / Material,2761,13614.21
2023-Q1,SKU-1012,Zhongli Parts,Filters,Paper,Commodity / Material,17782,96131.27
2023-Q2,SKU-1012,Zhongli Parts,Filters,Paper,Commodity / Material,17782,96077.92
2023-Q3,SKU-1012,Zhongli Parts,Filters,Paper,Commodity / Material,17782,98572.74
2023-Q4,SKU-1012,Zhongli Parts,Filters,Paper,Commodity / Material,17782,100639.01
2024-Q1,SKU-1012,Zhongli Parts,Filters,Paper,Commodity / Material,17782,102891.99
2024-Q2,SKU-1012,Zhongli Parts,Filters,Paper,Commodity / Material,17782,105249.88
2024-Q3,SKU-1012,Zhongli Parts,Filters,Paper,Commodity / Material,17782,113065.07
2024-Q4,SKU-1012,Zhongli Parts,Filters,Paper,Commodity / Material,17782,112817.9
2025-Q1,SKU-1012,Zhongli Parts,Filters,Paper,Commodity / Material,17782,112211.53
2025-Q2,SKU-1012,Zhongli Parts,Filters,Paper,Commodity / Material,17782,110595.15
2025-Q3,SKU-1012,Zhongli Parts,Filters,Paper,Commodity / Material,17782,113744.34
2025-Q4,SKU-1012,Zhongli Parts,Filters,Paper,Commodity / Material,17782,118733.97
2023-Q1,SKU-1013,Zhongli Parts,Filters,Paper,Commodity / Material,18767,75839.32
2023-Q2,SKU-1013,Zhongli Parts,Filters,Paper,Commodity / Material,18767,75798.04
2023-Q3,SKU-1013,Zhongli Parts,Filters,Paper,Commodity / Material,18767,77764.82
2023-Q4,SKU-1013,Zhongli Parts,Filters,Paper,Commodity / Material,18767,79395.67
2024-Q1,SKU-1013,Zhongli Parts,Filters,Paper,Commodity / Material,18767,81172.91
2024-Q2,SKU-1013,Zhongli Parts,Filters,Paper,Commodity / Material,18767,83034.59
2024-Q3,SKU-1013,Zhongli Parts,Filters,Paper,Commodity / Material,18767,89199.55
2024-Q4,SKU-1013,Zhongli Parts,Filters,Paper,Commodity / Material,18767,89002.5
2025-Q1,SKU-1013,Zhongli Parts,Filters,Paper,Commodity / Material,18767,88525.82
2025-Q2,SKU-1013,Zhongli Parts,Filters,Paper,Commodity / Material,18767,87249.66
2025-Q3,SKU-1013,Zhongli Parts,Filters,Paper,Commodity / Material,18767,89734.41
2025-Q4,SKU-1013,Zhongli Parts,Filters,Paper,Commodity / Material,18767,93671.73
2023-Q1,SKU-1014,Zhongli Parts,Filters,Paper,Commodity / Material,7660,39640.5
2023-Q2,SKU-1014,Zhongli Parts,Filters,Paper,Commodity / Material,7660,39618.29
2023-Q3,SKU-1014,Zhongli Parts,Filters,Paper,Commodity / Material,7660,40647.02
2023-Q4,SKU-1014,Zhongli Parts,Filters,Paper,Commodity / Material,7660,41499.58
2024-Q1,SKU-1014,Zhongli Parts,Filters,Paper,Commodity / Material,7660,42427.97
2024-Q2,SKU-1014,Zhongli Parts,Filters,Paper,Commodity / Material,7660,43400.79
2024-Q3,SKU-1014,Zhongli Parts,Filters,Paper,Commodity / Material,7660,46623.36
2024-Q4,SKU-1014,Zhongli Parts,Filters,Paper,Commodity / Material,7660,46521.48
2025-Q1,SKU-1014,Zhongli Parts,Filters,Paper,Commodity / Material,7660,46271.76
2025-Q2,SKU-1014,Zhongli Parts,Filters,Paper,Commodity / Material,7660,45604.58
2025-Q3,SKU-1014,Zhongli Parts,Filters,Paper,Commodity / Material,7660,46902.95
2025-Q4,SKU-1014,Zhongli Parts,Filters,Paper,Commodity / Material,7660,48961.19
2023-Q1,SKU-1015,Zhongli Parts,Wipers,Rubber,Commodity / Material,6748,49491.86
2023-Q2,SKU-1015,Zhongli Parts,Wipers,Rubber,Commodity / Material,6748,50583.68
2023-Q3,SKU-1015,Zhongli Parts,Wipers,Rubber,Commodity / Material,6748,52371.23
2023-Q4,SKU-1015,Zhongli Parts,Wipers,Rubber,Commodity / Material,6748,55297.84
2024-Q1,SKU-1015,Zhongli Parts,Wipers,Rubber,Commodity / Material,6748,51458.9
2024-Q2,SKU-1015,Zhongli Parts,Wipers,Rubber,Commodity / Material,6748,51398.17
2024-Q3,SKU-1015,Zhongli Parts,Wipers,Rubber,Commodity / Material,6748,50872.5
2024-Q4,SKU-1015,Zhongli Parts,Wipers,Rubber,Commodity / Material,6748,49838.03
2025-Q1,SKU-1015,Zhongli Parts,Wipers,Rubber,Commodity / Material,6748,49912.26
2025-Q2,SKU-1015,Zhongli Parts,Wipers,Rubber,Commodity / Material,6748,55287.71
2025-Q3,SKU-1015,Zhongli Parts,Wipers,Rubber,Commodity / Material,6748,53411.09
2025-Q4,SKU-1015,Zhongli Parts,Wipers,Rubber,Commodity / Material,6748,57475.42
2023-Q1,SKU-1016,Zhongli Parts,Wipers,Rubber,Commodity / Material,771,3930.71
2023-Q2,SKU-1016,Zhongli Parts,Wipers,Rubber,Commodity / Material,771,4017.45
2023-Q3,SKU-1016,Zhongli Parts,Wipers,Rubber,Commodity / Material,771,4159.39
2023-Q4,SKU-1016,Zhongli Parts,Wipers,Rubber,Commodity / Material,771,4391.85
2024-Q1,SKU-1016,Zhongli Parts,Wipers,Rubber,Commodity / Material,771,4086.92
2024-Q2,SKU-1016,Zhongli Parts,Wipers,Rubber,Commodity / Material,771,4082.06
2024-Q3,SKU-1016,Zhongli Parts,Wipers,Rubber,Commodity / Material,771,4040.35
2024-Q4,SKU-1016,Zhongli Parts,Wipers,Rubber,Commodity / Material,771,3958.24
2025-Q1,SKU-1016,Zhongli Parts,Wipers,Rubber,Commodity / Material,771,3964.1
2025-Q2,SKU-1016,Zhongli Parts,Wipers,Rubber,Commodity / Material,771,4391.08
2025-Q3,SKU-1016,Zhongli Parts,Wipers,Rubber,Commodity / Material,771,4241.96
2025-Q4,SKU-1016,Zhongli Parts,Wipers,Rubber,Commodity / Material,771,4564.78
2023-Q1,SKU-1017,Zhongli Parts,Belts & Hoses,Rubber,Commodity / Material,10373,104442.63
2023-Q2,SKU-1017,Zhongli Parts,Belts & Hoses,Rubber,Commodity / Material,10373,106745.43
2023-Q3,SKU-1017,Zhongli Parts,Belts & Hoses,Rubber,Commodity / Material,10373,110519.13
2023-Q4,SKU-1017,Zhongli Parts,Belts & Hoses,Rubber,Commodity / Material,10373,116694.18
2024-Q1,SKU-1017,Zhongli Parts,Belts & Hoses,Rubber,Commodity / Material,10373,108591.83
2024-Q2,SKU-1017,Zhongli Parts,Belts & Hoses,Rubber,Commodity / Material,10373,108464.24
2024-Q3,SKU-1017,Zhongli Parts,Belts & Hoses,Rubber,Commodity / Material,10373,107355.36
2024-Q4,SKU-1017,Zhongli Parts,Belts & Hoses,Rubber,Commodity / Material,10373,105172.88
2025-Q1,SKU-1017,Zhongli Parts,Belts & Hoses,Rubber,Commodity / Material,10373,105329.52
2025-Q2,SKU-1017,Zhongli Parts,Belts & Hoses,Rubber,Commodity / Material,10373,116673.43
2025-Q3,SKU-1017,Zhongli Parts,Belts & Hoses,Rubber,Commodity / Material,10373,112711.98
2025-Q4,SKU-1017,Zhongli Parts,Belts & Hoses,Rubber,Commodity / Material,10373,121289.41
2023-Q1,SKU-1018,Zhongli Parts,Belts & Hoses,Rubber,Commodity / Material,2145,18306.5
2023-Q2,SKU-1018,Zhongli Parts,Belts & Hoses,Rubber,Commodity / Material,2145,18710.19
2023-Q3,SKU-1018,Zhongli Parts,Belts & Hoses,Rubber,Commodity / Material,2145,19371.71
2023-Q4,SKU-1018,Zhongli Parts,Belts & Hoses,Rubber,Commodity / Material,2145,20454.08
2024-Q1,SKU-1018,Zhongli Parts,Belts & Hoses,Rubber,Commodity / Material,2145,19033.87
2024-Q2,SKU-1018,Zhongli Parts,Belts & Hoses,Rubber,Commodity / Material,2145,19011.56
2024-Q3,SKU-1018,Zhongli Parts,Belts & Hoses,Rubber,Commodity / Material,2145,18817.23
2024-Q4,SKU-1018,Zhongli Parts,Belts & Hoses,Rubber,Commodity / Material,2145,18434.56
2025-Q1,SKU-1018,Zhongli Parts,Belts & Hoses,Rubber,Commodity / Material,2145,18462.02
2025-Q2,SKU-1018,Zhongli Parts,Belts & Hoses,Rubber,Commodity / Material,2145,20450.43
2025-Q3,SKU-1018,Zhongli Parts,Belts & Hoses,Rubber,Commodity / Material,2145,19756.09
2025-Q4,SKU-1018,Zhongli Parts,Belts & Hoses,Rubber,Commodity / Material,2145,21259.52
2023-Q1,SKU-1019,Zhongli Parts,Spark Plugs,Copper,Commodity / Material,19475,61379.36
2023-Q2,SKU-1019,Zhongli Parts,Spark Plugs,Copper,Commodity / Material,19475,64927.7
2023-Q3,SKU-1019,Zhongli Parts,Spark Plugs,Copper,Commodity / Material,19475,67301.7
2023-Q4,SKU-1019,Zhongli Parts,Spark Plugs,Copper,Commodity / Material,19475,71973.76
2024-Q1,SKU-1019,Zhongli Parts,Spark Plugs,Copper,Commodity / Material,19475,72143.19
2024-Q2,SKU-1019,Zhongli Parts,Spark Plugs,Copper,Commodity / Material,19475,74850.22
2024-Q3,SKU-1019,Zhongli Parts,Spark Plugs,Copper,Commodity / Material,19475,79755.97
2024-Q4,SKU-1019,Zhongli Parts,Spark Plugs,Copper,Commodity / Material,19475,80507.7
2025-Q1,SKU-1019,Zhongli Parts,Spark Plugs,Copper,Commodity / Material,19475,84969.42
2025-Q2,SKU-1019,Zhongli Parts,Spark Plugs,Copper,Commodity / Material,19475,83974.25
2025-Q3,SKU-1019,Zhongli Parts,Spark Plugs,Copper,Commodity / Material,19475,84496.18
2025-Q4,SKU-1019,Zhongli Parts,Spark Plugs,Copper,Commodity / Material,19475,84926.58
2023-Q1,SKU-1020,Zhongli Parts,Spark Plugs,Copper,Commodity / Material,19134,66668.6
2023-Q2,SKU-1020,Zhongli Parts,Spark Plugs,Copper,Commodity / Material,19134,70524.1
2023-Q3,SKU-1020,Zhongli Parts,Spark Plugs,Copper,Commodity / Material,19134,73101.45
2023-Q4,SKU-1020,Zhongli Parts,Spark Plugs,Copper,Commodity / Material,19134,78177.7
2024-Q1,SKU-1020,Zhongli Parts,Spark Plugs,Copper,Commodity / Material,19134,78363.3
2024-Q2,SKU-1020,Zhongli Parts,Spark Plugs,Copper,Commodity / Material,19134,81302.28
2024-Q3,SKU-1020,Zhongli Parts,Spark Plugs,Copper,Commodity / Material,19134,86629.18
2024-Q4,SKU-1020,Zhongli Parts,Spark Plugs,Copper,Commodity / Material,19134,87448.12
2025-Q1,SKU-1020,Zhongli Parts,Spark Plugs,Copper,Commodity / Material,19134,92292.85
2025-Q2,SKU-1020,Zhongli Parts,Spark Plugs,Copper,Commodity / Material,19134,91211.78
2025-Q3,SKU-1020,Zhongli Parts,Spark Plugs,Copper,Commodity / Material,19134,91778.14
2025-Q4,SKU-1020,Zhongli Parts,Spark Plugs,Copper,Commodity / Material,19134,92246.93
2023-Q1,SKU-1021,Zhongli Parts,Spark Plugs,Copper,Commodity / Material,16895,51058.38
2023-Q2,SKU-1021,Zhongli Parts,Spark Plugs,Copper,Commodity / Material,16895,54011.63
2023-Q3,SKU-1021,Zhongli Parts,Spark Plugs,Copper,Commodity / Material,16895,55984.96
2023-Q4,SKU-1021,Zhongli Parts,Spark Plugs,Copper,Commodity / Material,16895,59872.5
2024-Q1,SKU-1021,Zhongli Parts,Spark Plugs,Copper,Commodity / Material,16895,60014.42
2024-Q2,SKU-1021,Zhongli Parts,Spark Plugs,Copper,Commodity / Material,16895,62264.83
2024-Q3,SKU-1021,Zhongli Parts,Spark Plugs,Copper,Commodity / Material,16895,66346.66
2024-Q4,SKU-1021,Zhongli Parts,Spark Plugs,Copper,Commodity / Material,16895,66971.78
2025-Q1,SKU-1021,Zhongli Parts,Spark Plugs,Copper,Commodity / Material,16895,70683.61
2025-Q2,SKU-1021,Zhongli Parts,Spark Plugs,Copper,Commodity / Material,16895,69854.07
2025-Q3,SKU-1021,Zhongli Parts,Spark Plugs,Copper,Commodity / Material,16895,70288.27
2025-Q4,SKU-1021,Zhongli Parts,Spark Plugs,Copper,Commodity / Material,16895,70646.44
2023-Q1,SKU-1022,EuroTech GmbH,Brakes,Steel,Commodity / Material,4038,107581.61
2023-Q2,SKU-1022,EuroTech GmbH,Brakes,Steel,Commodity / Material,4038,104677.07
2023-Q3,SKU-1022,EuroTech GmbH,Brakes,Steel,Commodity / Material,4038,111221.46
2023-Q4,SKU-1022,EuroTech GmbH,Brakes,Steel,Commodity / Material,4038,119232.85
2024-Q1,SKU-1022,EuroTech GmbH,Brakes,Steel,Commodity / Material,4038,110582.25
2024-Q2,SKU-1022,EuroTech GmbH,Brakes,Steel,Commodity / Material,4038,106146.91
2024-Q3,SKU-1022,EuroTech GmbH,Brakes,Steel,Commodity / Material,4038,109479.06
2024-Q4,SKU-1022,EuroTech GmbH,Brakes,Steel,Commodity / Material,4038,110484.93
2025-Q1,SKU-1022,EuroTech GmbH,Brakes,Steel,Commodity / Material,4038,113154.05
2025-Q2,SKU-1022,EuroTech GmbH,Brakes,Steel,Commodity / Material,4038,111156.85
2025-Q3,SKU-1022,EuroTech GmbH,Brakes,Steel,Commodity / Material,4038,118823.4
2025-Q4,SKU-1022,EuroTech GmbH,Brakes,Steel,Commodity / Material,4038,126414.84
2023-Q1,SKU-1023,EuroTech GmbH,Brakes,Steel,Commodity / Material,15802,252749.83
2023-Q2,SKU-1023,EuroTech GmbH,Brakes,Steel,Commodity / Material,15802,245926.53
2023-Q3,SKU-1023,EuroTech GmbH,Brakes,Steel,Commodity / Material,15802,261301.87
2023-Q4,SKU-1023,EuroTech GmbH,Brakes,Steel,Commodity / Material,15802,280123.63
2024-Q1,SKU-1023,EuroTech GmbH,Brakes,Steel,Commodity / Material,15802,259800.68
2024-Q2,SKU-1023,EuroTech GmbH,Brakes,Steel,Commodity / Material,15802,249379.26
2024-Q3,SKU-1023,EuroTech GmbH,Brakes,Steel,Commodity / Material,15802,257207.57
2024-Q4,SKU-1023,EuroTech GmbH,Brakes,Steel,Commodity / Material,15802,259571.55
2025-Q1,SKU-1023,EuroTech GmbH,Brakes,Steel,Commodity / Material,15802,265843.37
2025-Q2,SKU-1023,EuroTech GmbH,Brakes,Steel,Commodity / Material,15802,261150.17
2025-Q3,SKU-1023,EuroTech GmbH,Brakes,Steel,Commodity / Material,15802,279161.29
2025-Q4,SKU-1023,EuroTech GmbH,Brakes,Steel,Commodity / Material,15802,296997.01
2023-Q1,SKU-1024,EuroTech GmbH,Batteries,Lead,Commodity / Material,5036,343613.83
2023-Q2,SKU-1024,EuroTech GmbH,Batteries,Lead,Commodity / Material,5036,364261.94
2023-Q3,SKU-1024,EuroTech GmbH,Batteries,Lead,Commodity / Material,5036,376537.69
2023-Q4,SKU-1024,EuroTech GmbH,Batteries,Lead,Commodity / Material,5036,369243.55
2024-Q1,SKU-1024,EuroTech GmbH,Batteries,Lead,Commodity / Material,5036,380228.07
2024-Q2,SKU-1024,EuroTech GmbH,Batteries,Lead,Commodity / Material,5036,371348.09
2024-Q3,SKU-1024,EuroTech GmbH,Batteries,Lead,Commodity / Material,5036,389966.69
2024-Q4,SKU-1024,EuroTech GmbH,Batteries,Lead,Commodity / Material,5036,395037.44
2025-Q1,SKU-1024,EuroTech GmbH,Batteries,Lead,Commodity / Material,5036,398041.91
2025-Q2,SKU-1024,EuroTech GmbH,Batteries,Lead,Commodity / Material,5036,393171.1
2025-Q3,SKU-1024,EuroTech GmbH,Batteries,Lead,Commodity / Material,5036,418295.2
2025-Q4,SKU-1024,EuroTech GmbH,Batteries,Lead,Commodity / Material,5036,421984.07
2023-Q1,SKU-1025,EuroTech GmbH,Batteries,Lead,Commodity / Material,2818,171735.4
2023-Q2,SKU-1025,EuroTech GmbH,Batteries,Lead,Commodity / Material,2818,182055.2
2023-Q3,SKU-1025,EuroTech GmbH,Batteries,Lead,Commodity / Material,2818,188190.27
2023-Q4,SKU-1025,EuroTech GmbH,Batteries,Lead,Commodity / Material,2818,184544.9
2024-Q1,SKU-1025,EuroTech GmbH,Batteries,Lead,Commodity / Material,2818,190034.93
2024-Q2,SKU-1025,EuroTech GmbH,Batteries,Lead,Commodity / Material,2818,185596.58
2024-Q3,SKU-1025,EuroTech GmbH,Batteries,Lead,Commodity / Material,2818,194902.18
2024-Q4,SKU-1025,EuroTech GmbH,Batteries,Lead,Commodity / Material,2818,197436.41
2025-Q1,SKU-1025,EuroTech GmbH,Batteries,Lead,Commodity / Material,2818,198938.12
2025-Q2,SKU-1025,EuroTech GmbH,Batteries,Lead,Commodity / Material,2818,196503.65
2025-Q3,SKU-1025,EuroTech GmbH,Batteries,Lead,Commodity / Material,2818,209060.66
2025-Q4,SKU-1025,EuroTech GmbH,Batteries,Lead,Commodity / Material,2818,210904.19
2023-Q1,SKU-1026,EuroTech GmbH,Batteries,Lead,Commodity / Material,17416,1007722.85
2023-Q2,SKU-1026,EuroTech GmbH,Batteries,Lead,Commodity / Material,17416,1068276.54
2023-Q3,SKU-1026,EuroTech GmbH,Batteries,Lead,Commodity / Material,17416,1104278.9
2023-Q4,SKU-1026,EuroTech GmbH,Batteries,Lead,Commodity / Material,17416,1082886.82
2024-Q1,SKU-1026,EuroTech GmbH,Batteries,Lead,Commodity / Material,17416,1115102.94
2024-Q2,SKU-1026,EuroTech GmbH,Batteries,Lead,Commodity / Material,17416,1089059.05
2024-Q3,SKU-1026,EuroTech GmbH,Batteries,Lead,Commodity / Material,17416,1143661.7
2024-Q4,SKU-1026,EuroTech GmbH,Batteries,Lead,Commodity / Material,17416,1158533.22
2025-Q1,SKU-1026,EuroTech GmbH,Batteries,Lead,Commodity / Material,17416,1167343.97
2025-Q2,SKU-1026,EuroTech GmbH,Batteries,Lead,Commodity / Material,17416,1153059.37
2025-Q3,SKU-1026,EuroTech GmbH,Batteries,Lead,Commodity / Material,17416,1226741.24
2025-Q4,SKU-1026,EuroTech GmbH,Batteries,Lead,Commodity / Material,17416,1237560.06
2023-Q1,SKU-1027,EuroTech GmbH,Batteries,Lead,Commodity / Material,19203,1182781.9
2023-Q2,SKU-1027,EuroTech GmbH,Batteries,Lead,Commodity / Material,19203,1253856.04
2023-Q3,SKU-1027,EuroTech GmbH,Batteries,Lead,Commodity / Material,19203,1296110.33
2023-Q4,SKU-1027,EuroTech GmbH,Batteries,Lead,Commodity / Material,19203,1271002.4
2024-Q1,SKU-1027,EuroTech GmbH,Batteries,Lead,Commodity / Material,19203,1308815.03
2024-Q2,SKU-1027,EuroTech GmbH,Batteries,Lead,Commodity / Material,19203,1278247.7
2024-Q3,SKU-1027,EuroTech GmbH,Batteries,Lead,Commodity / Material,19203,1342335.79
2024-Q4,SKU-1027,EuroTech GmbH,Batteries,Lead,Commodity / Material,19203,1359791.31
2025-Q1,SKU-1027,EuroTech GmbH,Batteries,Lead,Commodity / Material,19203,1370132.13
2025-Q2,SKU-1027,EuroTech GmbH,Batteries,Lead,Commodity / Material,19203,1353365.99
2025-Q3,SKU-1027,EuroTech GmbH,Batteries,Lead,Commodity / Material,19203,1439848.62
2025-Q4,SKU-1027,EuroTech GmbH,Batteries,Lead,Commodity / Material,19203,1452545.64
2023-Q1,SKU-1028,EuroTech GmbH,Radiators,Aluminum,Commodity / Material,6715,319658.85
2023-Q2,SKU-1028,EuroTech GmbH,Radiators,Aluminum,Commodity / Material,6715,321338.94
2023-Q3,SKU-1028,EuroTech GmbH,Radiators,Aluminum,Commodity / Material,6715,331023.31
2023-Q4,SKU-1028,EuroTech GmbH,Radiators,Aluminum,Commodity / Material,6715,348008.23
2024-Q1,SKU-1028,EuroTech GmbH,Radiators,Aluminum,Commodity / Material,6715,368039.75
2024-Q2,SKU-1028,EuroTech GmbH,Radiators,Aluminum,Commodity / Material,6715,390735.78
2024-Q3,SKU-1028,EuroTech GmbH,Radiators,Aluminum,Commodity / Material,6715,392519.28
2024-Q4,SKU-1028,EuroTech GmbH,Radiators,Aluminum,Commodity / Material,6715,392080.79
2025-Q1,SKU-1028,EuroTech GmbH,Radiators,Aluminum,Commodity / Material,6715,417525.94
2025-Q2,SKU-1028,EuroTech GmbH,Radiators,Aluminum,Commodity / Material,6715,422717.98
2025-Q3,SKU-1028,EuroTech GmbH,Radiators,Aluminum,Commodity / Material,6715,405054.84
2025-Q4,SKU-1028,EuroTech GmbH,Radiators,Aluminum,Commodity / Material,6715,391013.78
2023-Q1,SKU-1029,EuroTech GmbH,Radiators,Aluminum,Commodity / Material,3727,144088.43
2023-Q2,SKU-1029,EuroTech GmbH,Radiators,Aluminum,Commodity / Material,3727,144845.76
2023-Q3,SKU-1029,EuroTech GmbH,Radiators,Aluminum,Commodity / Material,3727,149211.19
2023-Q4,SKU-1029,EuroTech GmbH,Radiators,Aluminum,Commodity / Material,3727,156867.57
2024-Q1,SKU-1029,EuroTech GmbH,Radiators,Aluminum,Commodity / Material,3727,165896.97
2024-Q2,SKU-1029,EuroTech GmbH,Radiators,Aluminum,Commodity / Material,3727,176127.21
2024-Q3,SKU-1029,EuroTech GmbH,Radiators,Aluminum,Commodity / Material,3727,176931.13
2024-Q4,SKU-1029,EuroTech GmbH,Radiators,Aluminum,Commodity / Material,3727,176733.22
2025-Q1,SKU-1029,EuroTech GmbH,Radiators,Aluminum,Commodity / Material,3727,188203.06
2025-Q2,SKU-1029,EuroTech GmbH,Radiators,Aluminum,Commodity / Material,3727,190543.62
2025-Q3,SKU-1029,EuroTech GmbH,Radiators,Aluminum,Commodity / Material,3727,182581.63
2025-Q4,SKU-1029,EuroTech GmbH,Radiators,Aluminum,Commodity / Material,3727,176252.81
2023-Q1,SKU-1030,EuroTech GmbH,Radiators,Aluminum,Commodity / Material,4299,143285.24
2023-Q2,SKU-1030,EuroTech GmbH,Radiators,Aluminum,Commodity / Material,4299,144038.42
2023-Q3,SKU-1030,EuroTech GmbH,Radiators,Aluminum,Commodity / Material,4299,148379.13
2023-Q4,SKU-1030,EuroTech GmbH,Radiators,Aluminum,Commodity / Material,4299,155992.65
2024-Q1,SKU-1030,EuroTech GmbH,Radiators,Aluminum,Commodity / Material,4299,164971.98
2024-Q2,SKU-1030,EuroTech GmbH,Radiators,Aluminum,Commodity / Material,4299,175145.13
2024-Q3,SKU-1030,EuroTech GmbH,Radiators,Aluminum,Commodity / Material,4299,175944.74
2024-Q4,SKU-1030,EuroTech GmbH,Radiators,Aluminum,Commodity / Material,4299,175747.85
2025-Q1,SKU-1030,EuroTech GmbH,Radiators,Aluminum,Commodity / Material,4299,187153.96
2025-Q2,SKU-1030,EuroTech GmbH,Radiators,Aluminum,Commodity / Material,4299,189481.0
2025-Q3,SKU-1030,EuroTech GmbH,Radiators,Aluminum,Commodity / Material,4299,181563.54
2025-Q4,SKU-1030,EuroTech GmbH,Radiators,Aluminum,Commodity / Material,4299,175269.8
2023-Q1,SKU-1031,Monterrey Supply,Filters,Paper,Commodity / Material,16650,83431.48
2023-Q2,SKU-1031,Monterrey Supply,Filters,Paper,Commodity / Material,16650,83384.86
2023-Q3,SKU-1031,Monterrey Supply,Filters,Paper,Commodity / Material,16650,85551.03
2023-Q4,SKU-1031,Monterrey Supply,Filters,Paper,Commodity / Material,16650,87344.24
2024-Q1,SKU-1031,Monterrey Supply,Filters,Paper,Commodity / Material,16650,89298.94
2024-Q2,SKU-1031,Monterrey Supply,Filters,Paper,Commodity / Material,16650,91345.23
2024-Q3,SKU-1031,Monterrey Supply,Filters,Paper,Commodity / Material,16650,98128.44
2024-Q4,SKU-1031,Monterrey Supply,Filters,Paper,Commodity / Material,16650,97913.66
2025-Q1,SKU-1031,Monterrey Supply,Filters,Paper,Commodity / Material,16650,97387.52
2025-Q2,SKU-1031,Monterrey Supply,Filters,Paper,Commodity / Material,16650,95983.92
2025-Q3,SKU-1031,Monterrey Supply,Filters,Paper,Commodity / Material,16650,98717.85
2025-Q4,SKU-1031,Monterrey Supply,Filters,Paper,Commodity / Material,16650,103048.52
2023-Q1,SKU-1032,Monterrey Supply,Filters,Paper,Commodity / Material,17097,64561.69
2023-Q2,SKU-1032,Monterrey Supply,Filters,Paper,Commodity / Material,17097,64525.79
2023-Q3,SKU-1032,Monterrey Supply,Filters,Paper,Commodity / Material,17097,66201.29
2023-Q4,SKU-1032,Monterrey Supply,Filters,Paper,Commodity / Material,17097,67589.57
2024-Q1,SKU-1032,Monterrey Supply,Filters,Paper,Commodity / Material,17097,69102.65
2024-Q2,SKU-1032,Monterrey Supply,Filters,Paper,Commodity / Material,17097,70685.84
2024-Q3,SKU-1032,Monterrey Supply,Filters,Paper,Commodity / Material,17097,75934.62
2024-Q4,SKU-1032,Monterrey Supply,Filters,Paper,Commodity / Material,17097,75767.07
2025-Q1,SKU-1032,Monterrey Supply,Filters,Paper,Commodity / Material,17097,75361.87
2025-Q2,SKU-1032,Monterrey Supply,Filters,Paper,Commodity / Material,17097,74274.5
2025-Q3,SKU-1032,Monterrey Supply,Filters,Paper,Commodity / Material,17097,76391.11
2025-Q4,SKU-1032,Monterrey Supply,Filters,Paper,Commodity / Material,17097,79742.12
2023-Q1,SKU-1033,Monterrey Supply,Filters,Paper,Commodity / Material,19002,85377.89
2023-Q2,SKU-1033,Monterrey Supply,Filters,Paper,Commodity / Material,19002,85328.48
2023-Q3,SKU-1033,Monterrey Supply,Filters,Paper,Commodity / Material,19002,87544.11
2023-Q4,SKU-1033,Monterrey Supply,Filters,Paper,Commodity / Material,19002,89379.71
2024-Q1,SKU-1033,Monterrey Supply,Filters,Paper,Commodity / Material,19002,91380.62
2024-Q2,SKU-1033,Monterrey Supply,Filters,Paper,Commodity / Material,19002,93474.64
2024-Q3,SKU-1033,Monterrey Supply,Filters,Paper,Commodity / Material,19002,100416.07
2024-Q4,SKU-1033,Monterrey Supply,Filters,Paper,Commodity / Material,19002,100195.65
2025-Q1,SKU-1033,Monterrey Supply,Filters,Paper,Commodity / Material,19002,99657.89
2025-Q2,SKU-1033,Monterrey Supply,Filters,Paper,Commodity / Material,19002,98221.34
2025-Q3,SKU-1033,Monterrey Supply,Filters,Paper,Commodity / Material,19002,101018.43
2025-Q4,SKU-1033,Monterrey Supply,Filters,Paper,Commodity / Material,19002,105449.7
2023-Q1,SKU-1034,Monterrey Supply,Motor Oil,Crude Oil,Commodity / Material,2319,21540.96
2023-Q2,SKU-1034,Monterrey Supply,Motor Oil,Crude Oil,Commodity / Material,2319,20558.4
2023-Q3,SKU-1034,Monterrey Supply,Motor Oil,Crude Oil,Commodity / Material,2319,19649.58
2023-Q4,SKU-1034,Monterrey Supply,Motor Oil,Crude Oil,Commodity / Material,2319,21389.76
2024-Q1,SKU-1034,Monterrey Supply,Motor Oil,Crude Oil,Commodity / Material,2319,23462.25
2024-Q2,SKU-1034,Monterrey Supply,Motor Oil,Crude Oil,Commodity / Material,2319,25313.04
2024-Q3,SKU-1034,Monterrey Supply,Motor Oil,Crude Oil,Commodity / Material,2319,24556.12
2024-Q4,SKU-1034,Monterrey Supply,Motor Oil,Crude Oil,Commodity / Material,2319,25806.06
2025-Q1,SKU-1034,Monterrey Supply,Motor Oil,Crude Oil,Commodity / Material,2319,26851.24
2025-Q2,SKU-1034,Monterrey Supply,Motor Oil,Crude Oil,Commodity / Material,2319,28185.13
2025-Q3,SKU-1034,Monterrey Supply,Motor Oil,Crude Oil,Commodity / Material,2319,31241.34
2025-Q4,SKU-1034,Monterrey Supply,Motor Oil,Crude Oil,Commodity / Material,2319,32807.12
2023-Q1,SKU-1035,Monterrey Supply,Motor Oil,Crude Oil,Commodity / Material,2432,41860.56
2023-Q2,SKU-1035,Monterrey Supply,Motor Oil,Crude Oil,Commodity / Material,2432,39951.19
2023-Q3,SKU-1035,Monterrey Supply,Motor Oil,Crude Oil,Commodity / Material,2432,38185.32
2023-Q4,SKU-1035,Monterrey Supply,Motor Oil,Crude Oil,Commodity / Material,2432,41566.53
2024-Q1,SKU-1035,Monterrey Supply,Motor Oil,Crude Oil,Commodity / Material,2432,45594.16
2024-Q2,SKU-1035,Monterrey Supply,Motor Oil,Crude Oil,Commodity / Material,2432,49190.85
2024-Q3,SKU-1035,Monterrey Supply,Motor Oil,Crude Oil,Commodity / Material,2432,47720.22
2024-Q4,SKU-1035,Monterrey Supply,Motor Oil,Crude Oil,Commodity / Material,2432,50148.81
2025-Q1,SKU-1035,Monterrey Supply,Motor Oil,Crude Oil,Commodity / Material,2432,52180.02
2025-Q2,SKU-1035,Monterrey Supply,Motor Oil,Crude Oil,Commodity / Material,2432,54772.53
2025-Q3,SKU-1035,Monterrey Supply,Motor Oil,Crude Oil,Commodity / Material,2432,60711.23
2025-Q4,SKU-1035,Monterrey Supply,Motor Oil,Crude Oil,Commodity / Material,2432,63754.39
2023-Q1,SKU-1036,Monterrey Supply,Motor Oil,Crude Oil,Commodity / Material,12742,205968.06
2023-Q2,SKU-1036,Monterrey Supply,Motor Oil,Crude Oil,Commodity / Material,12742,196573.38
2023-Q3,SKU-1036,Monterrey Supply,Motor Oil,Crude Oil,Commodity / Material,12742,187884.61
2023-Q4,SKU-1036,Monterrey Supply,Motor Oil,Crude Oil,Commodity / Material,12742,204521.84
2024-Q1,SKU-1036,Monterrey Supply,Motor Oil,Crude Oil,Commodity / Material,12742,224338.2
2024-Q2,SKU-1036,Monterrey Supply,Motor Oil,Crude Oil,Commodity / Material,12742,242035.56
2024-Q3,SKU-1036,Monterrey Supply,Motor Oil,Crude Oil,Commodity / Material,12742,234799.38
2024-Q4,SKU-1036,Monterrey Supply,Motor Oil,Crude Oil,Commodity / Material,12742,246750.1
2025-Q1,SKU-1036,Monterrey Supply,Motor Oil,Crude Oil,Commodity / Material,12742,256743.65
2025-Q2,SKU-1036,Monterrey Supply,Motor Oil,Crude Oil,Commodity / Material,12742,269498.4
2025-Q3,SKU-1036,Monterrey Supply,Motor Oil,Crude Oil,Commodity / Material,12742,298719.63
2025-Q4,SKU-1036,Monterrey Supply,Motor Oil,Crude Oil,Commodity / Material,12742,313692.75
2023-Q1,SKU-1037,Monterrey Supply,Motor Oil,Crude Oil,Commodity / Material,10953,164308.14
2023-Q2,SKU-1037,Monterrey Supply,Motor Oil,Crude Oil,Commodity / Material,10953,156813.01
2023-Q3,SKU-1037,Monterrey Supply,Motor Oil,Crude Oil,Commodity / Material,10953,149881.95
2023-Q4,SKU-1037,Monterrey Supply,Motor Oil,Crude Oil,Commodity / Material,10953,163154.79
2024-Q1,SKU-1037,Monterrey Supply,Motor Oil,Crude Oil,Commodity / Material,10953,178963.26
2024-Q2,SKU-1037,Monterrey Supply,Motor Oil,Crude Oil,Commodity / Material,10953,193080.58
2024-Q3,SKU-1037,Monterrey Supply,Motor Oil,Crude Oil,Commodity / Material,10953,187307.25
2024-Q4,SKU-1037,Monterrey Supply,Motor Oil,Crude Oil,Commodity / Material,10953,196840.74
2025-Q1,SKU-1037,Monterrey Supply,Motor Oil,Crude Oil,Commodity / Material,10953,204813.43
2025-Q2,SKU-1037,Monterrey Supply,Motor Oil,Crude Oil,Commodity / Material,10953,214988.77
2025-Q3,SKU-1037,Monterrey Supply,Motor Oil,Crude Oil,Commodity / Material,10953,238300.04
2025-Q4,SKU-1037,Monterrey Supply,Motor Oil,Crude Oil,Commodity / Material,10953,250244.29
2023-Q1,SKU-1038,Monterrey Supply,Wipers,Rubber,Commodity / Material,12971,67445.31
2023-Q2,SKU-1038,Monterrey Supply,Wipers,Rubber,Commodity / Material,12971,68931.79
2023-Q3,SKU-1038,Monterrey Supply,Wipers,Rubber,Commodity / Material,12971,71369.04
2023-Q4,SKU-1038,Monterrey Supply,Wipers,Rubber,Commodity / Material,12971,75356.32
2024-Q1,SKU-1038,Monterrey Supply,Wipers,Rubber,Commodity / Material,12971,70125.12
2024-Q2,SKU-1038,Monterrey Supply,Wipers,Rubber,Commodity / Material,12971,70042.1
2024-Q3,SKU-1038,Monterrey Supply,Wipers,Rubber,Commodity / Material,12971,69326.1
2024-Q4,SKU-1038,Monterrey Supply,Wipers,Rubber,Commodity / Material,12971,67916.16
2025-Q1,SKU-1038,Monterrey Supply,Wipers,Rubber,Commodity / Material,12971,68017.33
2025-Q2,SKU-1038,Monterrey Supply,Wipers,Rubber,Commodity / Material,12971,75343.35
2025-Q3,SKU-1038,Monterrey Supply,Wipers,Rubber,Commodity / Material,12971,72785.47
2025-Q4,SKU-1038,Monterrey Supply,Wipers,Rubber,Commodity / Material,12971,78324.09
2023-Q1,SKU-1039,Monterrey Supply,Wipers,Rubber,Commodity / Material,7095,39785.92
2023-Q2,SKU-1039,Monterrey Supply,Wipers,Rubber,Commodity / Material,7095,40663.57
2023-Q3,SKU-1039,Monterrey Supply,Wipers,Rubber,Commodity / Material,7095,42101.02
2023-Q4,SKU-1039,Monterrey Supply,Wipers,Rubber,Commodity / Material,7095,44453.72
2024-Q1,SKU-1039,Monterrey Supply,Wipers,Rubber,Commodity / Material,7095,41367.4
2024-Q2,SKU-1039,Monterrey Supply,Wipers,Rubber,Commodity / Material,7095,41318.44
2024-Q3,SKU-1039,Monterrey Supply,Wipers,Rubber,Commodity / Material,7095,40895.58
2024-Q4,SKU-1039,Monterrey Supply,Wipers,Rubber,Commodity / Material,7095,40064.05
2025-Q1,SKU-1039,Monterrey Supply,Wipers,Rubber,Commodity / Material,7095,40124.35
2025-Q2,SKU-1039,Monterrey Supply,Wipers,Rubber,Commodity / Material,7095,44445.21
2025-Q3,SKU-1039,Monterrey Supply,Wipers,Rubber,Commodity / Material,7095,42936.1
2025-Q4,SKU-1039,Monterrey Supply,Wipers,Rubber,Commodity / Material,7095,46204.06
2023-Q1,SKU-1040,Monterrey Supply,Wipers,Rubber,Commodity / Material,7899,51869.57
2023-Q2,SKU-1040,Monterrey Supply,Wipers,Rubber,Commodity / Material,7899,53014.14
2023-Q3,SKU-1040,Monterrey Supply,Wipers,Rubber,Commodity / Material,7899,54887.78
2023-Q4,SKU-1040,Monterrey Supply,Wipers,Rubber,Commodity / Material,7899,57954.96
2024-Q1,SKU-1040,Monterrey Supply,Wipers,Rubber,Commodity / Material,7899,53931.21
2024-Q2,SKU-1040,Monterrey Supply,Wipers,Rubber,Commodity / Material,7899,53867.23
2024-Q3,SKU-1040,Monterrey Supply,Wipers,Rubber,Commodity / Material,7899,53316.67
2024-Q4,SKU-1040,Monterrey Supply,Wipers,Rubber,Commodity / Material,7899,52232.93
2025-Q1,SKU-1040,Monterrey Supply,Wipers,Rubber,Commodity / Material,7899,52310.34
2025-Q2,SKU-1040,Monterrey Supply,Wipers,Rubber,Commodity / Material,7899,57943.9
2025-Q3,SKU-1040,Monterrey Supply,Wipers,Rubber,Commodity / Material,7899,55977.05
2025-Q4,SKU-1040,Monterrey Supply,Wipers,Rubber,Commodity / Material,7899,60236.98
2023-Q1,SKU-1041,Great Lakes Mfg,Batteries,Lead,Commodity / Material,9877,604700.56
2023-Q2,SKU-1041,Great Lakes Mfg,Batteries,Lead,Commodity / Material,9877,641037.05
2023-Q3,SKU-1041,Great Lakes Mfg,Batteries,Lead,Commodity / Material,9877,662640.03
2023-Q4,SKU-1041,Great Lakes Mfg,Batteries,Lead,Commodity / Material,9877,649803.88
2024-Q1,SKU-1041,Great Lakes Mfg,Batteries,Lead,Commodity / Material,9877,669135.14
2024-Q2,SKU-1041,Great Lakes Mfg,Batteries,Lead,Commodity / Material,9877,653507.75
2024-Q3,SKU-1041,Great Lakes Mfg,Batteries,Lead,Commodity / Material,9877,686272.73
2024-Q4,SKU-1041,Great Lakes Mfg,Batteries,Lead,Commodity / Material,9877,695196.6
2025-Q1,SKU-1041,Great Lakes Mfg,Batteries,Lead,Commodity / Material,9877,700483.75
2025-Q2,SKU-1041,Great Lakes Mfg,Batteries,Lead,Commodity / Material,9877,691911.51
2025-Q3,SKU-1041,Great Lakes Mfg,Batteries,Lead,Commodity / Material,9877,736125.9
2025-Q4,SKU-1041,Great Lakes Mfg,Batteries,Lead,Commodity / Material,9877,742618.05
2023-Q1,SKU-1042,Great Lakes Mfg,Batteries,Lead,Commodity / Material,11284,861203.91
2023-Q2,SKU-1042,Great Lakes Mfg,Batteries,Lead,Commodity / Material,11284,912953.46
2023-Q3,SKU-1042,Great Lakes Mfg,Batteries,Lead,Commodity / Material,11284,943720.41
2023-Q4,SKU-1042,Great Lakes Mfg,Batteries,Lead,Commodity / Material,11284,925439.21
2024-Q1,SKU-1042,Great Lakes Mfg,Batteries,Lead,Commodity / Material,11284,952971.04
2024-Q2,SKU-1042,Great Lakes Mfg,Batteries,Lead,Commodity / Material,11284,930713.35
2024-Q3,SKU-1042,Great Lakes Mfg,Batteries,Lead,Commodity / Material,11284,977378.33
2024-Q4,SKU-1042,Great Lakes Mfg,Batteries,Lead,Commodity / Material,11284,990086.37
2025-Q1,SKU-1042,Great Lakes Mfg,Batteries,Lead,Commodity / Material,11284,997616.18
2025-Q2,SKU-1042,Great Lakes Mfg,Batteries,Lead,Commodity / Material,11284,985409.15
2025-Q3,SKU-1042,Great Lakes Mfg,Batteries,Lead,Commodity / Material,11284,1048378.39
2025-Q4,SKU-1042,Great Lakes Mfg,Batteries,Lead,Commodity / Material,11284,1057623.37
2023-Q1,SKU-1043,Great Lakes Mfg,Batteries,Lead,Commodity / Material,14830,907957.85
2023-Q2,SKU-1043,Great Lakes Mfg,Batteries,Lead,Commodity / Material,14830,962517.42
2023-Q3,SKU-1043,Great Lakes Mfg,Batteries,Lead,Commodity / Material,14830,994953.6
2023-Q4,SKU-1043,Great Lakes Mfg,Batteries,Lead,Commodity / Material,14830,975680.53
2024-Q1,SKU-1043,Great Lakes Mfg,Batteries,Lead,Commodity / Material,14830,1004707.29
2024-Q2,SKU-1043,Great Lakes Mfg,Batteries,Lead,Commodity / Material,14830,981241.78
2024-Q3,SKU-1043,Great Lakes Mfg,Batteries,Lead,Commodity / Material,14830,1030438.82
2024-Q4,SKU-1043,Great Lakes Mfg,Batteries,Lead,Commodity / Material,14830,1043837.73
2025-Q1,SKU-1043,Great Lakes Mfg,Batteries,Lead,Commodity / Material,14830,1051776.23
2025-Q2,SKU-1043,Great Lakes Mfg,Batteries,Lead,Commodity / Material,14830,1038905.27
2025-Q3,SKU-1043,Great Lakes Mfg,Batteries,Lead,Commodity / Material,14830,1105293.25
2025-Q4,SKU-1043,Great Lakes Mfg,Batteries,Lead,Commodity / Material,14830,1115041.01
2023-Q1,SKU-1044,Great Lakes Mfg,Batteries,Lead,Commodity / Material,12906,947815.35
2023-Q2,SKU-1044,Great Lakes Mfg,Batteries,Lead,Commodity / Material,12906,1004769.53
2023-Q3,SKU-1044,Great Lakes Mfg,Batteries,Lead,Commodity / Material,12906,1038631.0
2023-Q4,SKU-1044,Great Lakes Mfg,Batteries,Lead,Commodity / Material,12906,1018510.55
2024-Q1,SKU-1044,Great Lakes Mfg,Batteries,Lead,Commodity / Material,12906,1048811.25
2024-Q2,SKU-1044,Great Lakes Mfg,Batteries,Lead,Commodity / Material,12906,1024315.66
2024-Q3,SKU-1044,Great Lakes Mfg,Batteries,Lead,Commodity / Material,12906,1075672.51
2024-Q4,SKU-1044,Great Lakes Mfg,Batteries,Lead,Commodity / Material,12906,1089660.03
2025-Q1,SKU-1044,Great Lakes Mfg,Batteries,Lead,Commodity / Material,12906,1097946.98
2025-Q2,SKU-1044,Great Lakes Mfg,Batteries,Lead,Commodity / Material,12906,1084511.83
2025-Q3,SKU-1044,Great Lakes Mfg,Batteries,Lead,Commodity / Material,12906,1153813.18
2025-Q4,SKU-1044,Great Lakes Mfg,Batteries,Lead,Commodity / Material,12906,1163988.27
2023-Q1,SKU-1045,Great Lakes Mfg,Brakes,Steel,Commodity / Material,19218,421075.99
2023-Q2,SKU-1045,Great Lakes Mfg,Brakes,Steel,Commodity / Material,19218,409706.62
2023-Q3,SKU-1045,Great Lakes Mfg,Brakes,Steel,Commodity / Material,19218,435324.21
2023-Q4,SKU-1045,Great Lakes Mfg,Brakes,Steel,Commodity / Material,19218,466678.38
2024-Q1,SKU-1045,Great Lakes Mfg,Brakes,Steel,Commodity / Material,19218,432820.11
2024-Q2,SKU-1045,Great Lakes Mfg,Brakes,Steel,Commodity / Material,19218,415460.49
2024-Q3,SKU-1045,Great Lakes Mfg,Brakes,Steel,Commodity / Material,19218,428501.82
2024-Q4,SKU-1045,Great Lakes Mfg,Brakes,Steel,Commodity / Material,19218,432439.59
2025-Q1,SKU-1045,Great Lakes Mfg,Brakes,Steel,Commodity / Material,19218,442886.5
2025-Q2,SKU-1045,Great Lakes Mfg,Brakes,Steel,Commodity / Material,19218,435068.61
2025-Q3,SKU-1045,Great Lakes Mfg,Brakes,Steel,Commodity / Material,19218,465075.6
2025-Q4,SKU-1045,Great Lakes Mfg,Brakes,Steel,Commodity / Material,19218,494790.47
2023-Q1,SKU-1046,Great Lakes Mfg,Brakes,Steel,Commodity / Material,15761,473079.02
2023-Q2,SKU-1046,Great Lakes Mfg,Brakes,Steel,Commodity / Material,15761,460306.31
2023-Q3,SKU-1046,Great Lakes Mfg,Brakes,Steel,Commodity / Material,15761,489085.9
2023-Q4,SKU-1046,Great Lakes Mfg,Brakes,Steel,Commodity / Material,15761,524313.31
2024-Q1,SKU-1046,Great Lakes Mfg,Brakes,Steel,Commodity / Material,15761,486272.56
2024-Q2,SKU-1046,Great Lakes Mfg,Brakes,Steel,Commodity / Material,15761,466769.9
2024-Q3,SKU-1046,Great Lakes Mfg,Brakes,Steel,Commodity / Material,15761,481422.9
2024-Q4,SKU-1046,Great Lakes Mfg,Brakes,Steel,Commodity / Material,15761,485845.43
2025-Q1,SKU-1046,Great Lakes Mfg,Brakes,Steel,Commodity / Material,15761,497582.65
2025-Q2,SKU-1046,Great Lakes Mfg,Brakes,Steel,Commodity / Material,15761,488800.62
2025-Q3,SKU-1046,Great Lakes Mfg,Brakes,Steel,Commodity / Material,15761,522511.82
2025-Q4,SKU-1046,Great Lakes Mfg,Brakes,Steel,Commodity / Material,15761,555895.2
2023-Q1,SKU-1047,Great Lakes Mfg,Brakes,Steel,Commodity / Material,10650,181522.86
2023-Q2,SKU-1047,Great Lakes Mfg,Brakes,Steel,Commodity / Material,10650,176621.73
2023-Q3,SKU-1047,Great Lakes Mfg,Brakes,Steel,Commodity / Material,10650,187664.72
2023-Q4,SKU-1047,Great Lakes Mfg,Brakes,Steel,Commodity / Material,10650,201181.7
2024-Q1,SKU-1047,Great Lakes Mfg,Brakes,Steel,Commodity / Material,10650,186584.8
2024-Q2,SKU-1047,Great Lakes Mfg,Brakes,Steel,Commodity / Material,10650,179101.05
2024-Q3,SKU-1047,Great Lakes Mfg,Brakes,Steel,Commodity / Material,10650,184724.25
2024-Q4,SKU-1047,Great Lakes Mfg,Brakes,Steel,Commodity / Material,10650,186420.8
2025-Q1,SKU-1047,Great Lakes Mfg,Brakes,Steel,Commodity / Material,10650,190924.68
2025-Q2,SKU-1047,Great Lakes Mfg,Brakes,Steel,Commodity / Material,10650,187555.02
2025-Q3,SKU-1047,Great Lakes Mfg,Brakes,Steel,Commodity / Material,10650,200490.51
2025-Q4,SKU-1047,Great Lakes Mfg,Brakes,Steel,Commodity / Material,10650,213299.26
2023-Q1,SKU-1048,Great Lakes Mfg,Belts & Hoses,Rubber,Commodity / Material,13745,134846.7
2023-Q2,SKU-1048,Great Lakes Mfg,Belts & Hoses,Rubber,Commodity / Material,13745,137821.12
2023-Q3,SKU-1048,Great Lakes Mfg,Belts & Hoses,Rubber,Commodity / Material,13745,142692.34
2023-Q4,SKU-1048,Great Lakes Mfg,Belts & Hoses,Rubber,Commodity / Material,13745,150665.82
2024-Q1,SKU-1048,Great Lakes Mfg,Belts & Hoses,Rubber,Commodity / Material,13745,140205.87
2024-Q2,SKU-1048,Great Lakes Mfg,Belts & Hoses,Rubber,Commodity / Material,13745,140039.56
2024-Q3,SKU-1048,Great Lakes Mfg,Belts & Hoses,Rubber,Commodity / Material,13745,138608.7
2024-Q4,SKU-1048,Great Lakes Mfg,Belts & Hoses,Rubber,Commodity / Material,13745,135789.6
2025-Q1,SKU-1048,Great Lakes Mfg,Belts & Hoses,Rubber,Commodity / Material,13745,135993.03
2025-Q2,SKU-1048,Great Lakes Mfg,Belts & Hoses,Rubber,Commodity / Material,13745,150638.33
2025-Q3,SKU-1048,Great Lakes Mfg,Belts & Hoses,Rubber,Commodity / Material,13745,145523.81
2025-Q4,SKU-1048,Great Lakes Mfg,Belts & Hoses,Rubber,Commodity / Material,13745,156598.16
2023-Q1,SKU-1049,Great Lakes Mfg,Belts & Hoses,Rubber,Commodity / Material,10096,110210.96
2023-Q2,SKU-1049,Great Lakes Mfg,Belts & Hoses,Rubber,Commodity / Material,10096,112642.08
2023-Q3,SKU-1049,Great Lakes Mfg,Belts & Hoses,Rubber,Commodity / Material,10096,116622.93
2023-Q4,SKU-1049,Great Lakes Mfg,Belts & Hoses,Rubber,Commodity / Material,10096,123139.9
2024-Q1,SKU-1049,Great Lakes Mfg,Belts & Hoses,Rubber,Commodity / Material,10096,114590.61
2024-Q2,SKU-1049,Great Lakes Mfg,Belts & Hoses,Rubber,Commodity / Material,10096,114455.32
2024-Q3,SKU-1049,Great Lakes Mfg,Belts & Hoses,Rubber,Commodity / Material,10096,113285.2
2024-Q4,SKU-1049,Great Lakes Mfg,Belts & Hoses,Rubber,Commodity / Material,10096,110981.29
2025-Q1,SKU-1049,Great Lakes Mfg,Belts & Hoses,Rubber,Commodity / Material,10096,111146.86
2025-Q2,SKU-1049,Great Lakes Mfg,Belts & Hoses,Rubber,Commodity / Material,10096,123117.69
2025-Q3,SKU-1049,Great Lakes Mfg,Belts & Hoses,Rubber,Commodity / Material,10096,118937.95
2025-Q4,SKU-1049,Great Lakes Mfg,Belts & Hoses,Rubber,Commodity / Material,10096,127988.0
2023-Q1,SKU-1050,Pacific Components,Filters,Paper,Commodity / Material,2210,11913.0
2023-Q2,SKU-1050,Pacific Components,Filters,Paper,Commodity / Material,2210,11906.38
2023-Q3,SKU-1050,Pacific Components,Filters,Paper,Commodity / Material,2210,12215.55
2023-Q4,SKU-1050,Pacific Components,Filters,Paper,Commodity / Material,2210,12471.69
2024-Q1,SKU-1050,Pacific Components,Filters,Paper,Commodity / Material,2210,12750.82
2024-Q2,SKU-1050,Pacific Components,Filters,Paper,Commodity / Material,2210,13042.98
2024-Q3,SKU-1050,Pacific Components,Filters,Paper,Commodity / Material,2210,14011.4
2024-Q4,SKU-1050,Pacific Components,Filters,Paper,Commodity / Material,2210,13980.68
2025-Q1,SKU-1050,Pacific Components,Filters,Paper,Commodity / Material,2210,13905.76
2025-Q2,SKU-1050,Pacific Components,Filters,Paper,Commodity / Material,2210,13705.32
2025-Q3,SKU-1050,Pacific Components,Filters,Paper,Commodity / Material,2210,14095.6
2025-Q4,SKU-1050,Pacific Components,Filters,Paper,Commodity / Material,2210,14713.96
2023-Q1,SKU-1051,Pacific Components,Filters,Paper,Commodity / Material,14895,79582.5
2023-Q2,SKU-1051,Pacific Components,Filters,Paper,Commodity / Material,14895,79537.81
2023-Q3,SKU-1051,Pacific Components,Filters,Paper,Commodity / Material,14895,81603.75
2023-Q4,SKU-1051,Pacific Components,Filters,Paper,Commodity / Material,14895,83313.69
2024-Q1,SKU-1051,Pacific Components,Filters,Paper,Commodity / Material,14895,85178.55
2024-Q2,SKU-1051,Pacific Components,Filters,Paper,Commodity / Material,14895,87131.28
2024-Q3,SKU-1051,Pacific Components,Filters,Paper,Commodity / Material,14895,93601.67
2024-Q4,SKU-1051,Pacific Components,Filters,Paper,Commodity / Material,14895,93396.12
2025-Q1,SKU-1051,Pacific Components,Filters,Paper,Commodity / Material,14895,92894.16
2025-Q2,SKU-1051,Pacific Components,Filters,Paper,Commodity / Material,14895,91555.1
2025-Q3,SKU-1051,Pacific Components,Filters,Paper,Commodity / Material,14895,94163.21
2025-Q4,SKU-1051,Pacific Components,Filters,Paper,Commodity / Material,14895,98293.59
2023-Q1,SKU-1052,Pacific Components,Wipers,Rubber,Commodity / Material,6603,35177.48
2023-Q2,SKU-1052,Pacific Components,Wipers,Rubber,Commodity / Material,6603,35953.34
2023-Q3,SKU-1052,Pacific Components,Wipers,Rubber,Commodity / Material,6603,37224.41
2023-Q4,SKU-1052,Pacific Components,Wipers,Rubber,Commodity / Material,6603,39304.36
2024-Q1,SKU-1052,Pacific Components,Wipers,Rubber,Commodity / Material,6603,36575.34
2024-Q2,SKU-1052,Pacific Components,Wipers,Rubber,Commodity / Material,6603,36532.42
2024-Q3,SKU-1052,Pacific Components,Wipers,Rubber,Commodity / Material,6603,36158.69
2024-Q4,SKU-1052,Pacific Components,Wipers,Rubber,Commodity / Material,6603,35423.77
2025-Q1,SKU-1052,Pacific Components,Wipers,Rubber,Commodity / Material,6603,35476.6
2025-Q2,SKU-1052,Pacific Components,Wipers,Rubber,Commodity / Material,6603,39297.09
2025-Q3,SKU-1052,Pacific Components,Wipers,Rubber,Commodity / Material,6603,37963.29
2025-Q4,SKU-1052,Pacific Components,Wipers,Rubber,Commodity / Material,6603,40852.1
2023-Q1,SKU-1053,Pacific Components,Wipers,Rubber,Commodity / Material,9039,61623.38
2023-Q2,SKU-1053,Pacific Components,Wipers,Rubber,Commodity / Material,9039,62981.94
2023-Q3,SKU-1053,Pacific Components,Wipers,Rubber,Commodity / Material,9039,65208.25
2023-Q4,SKU-1053,Pacific Components,Wipers,Rubber,Commodity / Material,9039,68851.87
2024-Q1,SKU-1053,Pacific Components,Wipers,Rubber,Commodity / Material,9039,64072.05
2024-Q2,SKU-1053,Pacific Components,Wipers,Rubber,Commodity / Material,9039,63996.12
2024-Q3,SKU-1053,Pacific Components,Wipers,Rubber,Commodity / Material,9039,63341.7
2024-Q4,SKU-1053,Pacific Components,Wipers,Rubber,Commodity / Material,9039,62054.54
2025-Q1,SKU-1053,Pacific Components,Wipers,Rubber,Commodity / Material,9039,62146.74
2025-Q2,SKU-1053,Pacific Components,Wipers,Rubber,Commodity / Material,9039,68839.22
2025-Q3,SKU-1053,Pacific Components,Wipers,Rubber,Commodity / Material,9039,66502.63
2025-Q4,SKU-1053,Pacific Components,Wipers,Rubber,Commodity / Material,9039,71563.57
2023-Q1,SKU-1054,Pacific Components,Wipers,Rubber,Commodity / Material,12447,87253.47
2023-Q2,SKU-1054,Pacific Components,Wipers,Rubber,Commodity / Material,12447,89177.78
2023-Q3,SKU-1054,Pacific Components,Wipers,Rubber,Commodity / Material,12447,92329.36
2023-Q4,SKU-1054,Pacific Components,Wipers,Rubber,Commodity / Material,12447,97488.64
2024-Q1,SKU-1054,Pacific Components,Wipers,Rubber,Commodity / Material,12447,90719.96
2024-Q2,SKU-1054,Pacific Components,Wipers,Rubber,Commodity / Material,12447,90612.92
2024-Q3,SKU-1054,Pacific Components,Wipers,Rubber,Commodity / Material,12447,89686.86
2024-Q4,SKU-1054,Pacific Components,Wipers,Rubber,Commodity / Material,12447,87863.37
2025-Q1,SKU-1054,Pacific Components,Wipers,Rubber,Commodity / Material,12447,87994.07
2025-Q2,SKU-1054,Pacific Components,Wipers,Rubber,Commodity / Material,12447,97471.21
2025-Q3,SKU-1054,Pacific Components,Wipers,Rubber,Commodity / Material,12447,94161.56
2025-Q4,SKU-1054,Pacific Components,Wipers,Rubber,Commodity / Material,12447,101327.29
2023-Q1,SKU-1055,Pacific Components,Wipers,Rubber,Commodity / Material,14496,97271.06
2023-Q2,SKU-1055,Pacific Components,Wipers,Rubber,Commodity / Material,14496,99416.47
2023-Q3,SKU-1055,Pacific Components,Wipers,Rubber,Commodity / Material,14496,102931.75
2023-Q4,SKU-1055,Pacific Components,Wipers,Rubber,Commodity / Material,14496,108682.31
2024-Q1,SKU-1055,Pacific Components,Wipers,Rubber,Commodity / Material,14496,101137.14
2024-Q2,SKU-1055,Pacific Components,Wipers,Rubber,Commodity / Material,14496,101016.83
2024-Q3,SKU-1055,Pacific Components,Wipers,Rubber,Commodity / Material,14496,99984.71
2024-Q4,SKU-1055,Pacific Components,Wipers,Rubber,Commodity / Material,14496,97952.37
2025-Q1,SKU-1055,Pacific Components,Wipers,Rubber,Commodity / Material,14496,98097.33
2025-Q2,SKU-1055,Pacific Components,Wipers,Rubber,Commodity / Material,14496,108663.47
2025-Q3,SKU-1055,Pacific Components,Wipers,Rubber,Commodity / Material,14496,104974.23
2025-Q4,SKU-1055,Pacific Components,Wipers,Rubber,Commodity / Material,14496,112961.53
2023-Q1,SKU-1056,Pacific Components,Spark Plugs,Copper,Commodity / Material,2877,10494.43
2023-Q2,SKU-1056,Pacific Components,Spark Plugs,Copper,Commodity / Material,2877,11101.19
2023-Q3,SKU-1056,Pacific Components,Spark Plugs,Copper,Commodity / Material,2877,11507.14
2023-Q4,SKU-1056,Pacific Components,Spark Plugs,Copper,Commodity / Material,2877,12306.08
2024-Q1,SKU-1056,Pacific Components,Spark Plugs,Copper,Commodity / Material,2877,12335.14
2024-Q2,SKU-1056,Pacific Components,Spark Plugs,Copper,Commodity / Material,2877,12797.76
2024-Q3,SKU-1056,Pacific Components,Spark Plugs,Copper,Commodity / Material,2877,13636.4
2024-Q4,SKU-1056,Pacific Components,Spark Plugs,Copper,Commodity / Material,2877,13765.29
2025-Q1,SKU-1056,Pacific Components,Spark Plugs,Copper,Commodity / Material,2877,14527.99
2025-Q2,SKU-1056,Pacific Components,Spark Plugs,Copper,Commodity / Material,2877,14357.67
2025-Q3,SKU-1056,Pacific Components,Spark Plugs,Copper,Commodity / Material,2877,14446.86
2025-Q4,SKU-1056,Pacific Components,Spark Plugs,Copper,Commodity / Material,2877,14520.51
2023-Q1,SKU-1057,Pacific Components,Spark Plugs,Copper,Commodity / Material,8910,32729.1
2023-Q2,SKU-1057,Pacific Components,Spark Plugs,Copper,Commodity / Material,8910,34621.59
2023-Q3,SKU-1057,Pacific Components,Spark Plugs,Copper,Commodity / Material,8910,35886.81
2023-Q4,SKU-1057,Pacific Components,Spark Plugs,Copper,Commodity / Material,8910,38378.93
2024-Q1,SKU-1057,Pacific Components,Spark Plugs,Copper,Commodity / Material,8910,38469.82
2024-Q2,SKU-1057,Pacific Components,Spark Plugs,Copper,Commodity / Material,8910,39912.34
2024-Q3,SKU-1057,Pacific Components,Spark Plugs,Copper,Commodity / Material,8910,42528.32
2024-Q4,SKU-1057,Pacific Components,Spark Plugs,Copper,Commodity / Material,8910,42930.16
2025-Q1,SKU-1057,Pacific Components,Spark Plugs,Copper,Commodity / Material,8910,45308.24
2025-Q2,SKU-1057,Pacific Components,Spark Plugs,Copper,Commodity / Material,8910,44777.2
2025-Q3,SKU-1057,Pacific Components,Spark Plugs,Copper,Commodity / Material,8910,45056.09
2025-Q4,SKU-1057,Pacific Components,Spark Plugs,Copper,Commodity / Material,8910,45285.97
2023-Q1,SKU-1058,Pacific Components,Spark Plugs,Copper,Commodity / Material,6387,27121.76
2023-Q2,SKU-1058,Pacific Components,Spark Plugs,Copper,Commodity / Material,6387,28690.4
2023-Q3,SKU-1058,Pacific Components,Spark Plugs,Copper,Commodity / Material,6387,29738.51
2023-Q4,SKU-1058,Pacific Components,Spark Plugs,Copper,Commodity / Material,6387,31803.43
2024-Q1,SKU-1058,Pacific Components,Spark Plugs,Copper,Commodity / Material,6387,31878.79
2024-Q2,SKU-1058,Pacific Components,Spark Plugs,Copper,Commodity / Material,6387,33074.44
2024-Q3,SKU-1058,Pacific Components,Spark Plugs,Copper,Commodity / Material,6387,35242.19
2024-Q4,SKU-1058,Pacific Components,Spark Plugs,Copper,Commodity / Material,6387,35574.95
2025-Q1,SKU-1058,Pacific Components,Spark Plugs,Copper,Commodity / Material,6387,37545.98
2025-Q2,SKU-1058,Pacific Components,Spark Plugs,Copper,Commodity / Material,6387,37105.92
2025-Q3,SKU-1058,Pacific Components,Spark Plugs,Copper,Commodity / Material,6387,37336.49
2025-Q4,SKU-1058,Pacific Components,Spark Plugs,Copper,Commodity / Material,6387,37526.82
2023-Q1,SKU-1059,Pacific Components,Motor Oil,Crude Oil,Commodity / Material,17644,238836.24
2023-Q2,SKU-1059,Pacific Components,Motor Oil,Crude Oil,Commodity / Material,17644,227941.07
2023-Q3,SKU-1059,Pacific Components,Motor Oil,Crude Oil,Commodity / Material,17644,217866.35
2023-Q4,SKU-1059,Pacific Components,Motor Oil,Crude Oil,Commodity / Material,17644,237158.3
2024-Q1,SKU-1059,Pacific Components,Motor Oil,Crude Oil,Commodity / Material,17644,260137.84
2024-Q2,SKU-1059,Pacific Components,Motor Oil,Crude Oil,Commodity / Material,17644,280657.81
2024-Q3,SKU-1059,Pacific Components,Motor Oil,Crude Oil,Commodity / Material,17644,272268.09
2024-Q4,SKU-1059,Pacific Components,Motor Oil,Crude Oil,Commodity / Material,17644,286123.93
2025-Q1,SKU-1059,Pacific Components,Motor Oil,Crude Oil,Commodity / Material,17644,297712.51
2025-Q2,SKU-1059,Pacific Components,Motor Oil,Crude Oil,Commodity / Material,17644,312503.47
2025-Q3,SKU-1059,Pacific Components,Motor Oil,Crude Oil,Commodity / Material,17644,346388.77
2025-Q4,SKU-1059,Pacific Components,Motor Oil,Crude Oil,Commodity / Material,17644,363750.47
2023-Q1,SKU-1060,Pacific Components,Motor Oil,Crude Oil,Commodity / Material,3162,37876.33
2023-Q2,SKU-1060,Pacific Components,Motor Oil,Crude Oil,Commodity / Material,3162,36148.62
2023-Q3,SKU-1060,Pacific Components,Motor Oil,Crude Oil,Commodity / Material,3162,34550.86
2023-Q4,SKU-1060,Pacific Components,Motor Oil,Crude Oil,Commodity / Material,3162,37610.41
2024-Q1,SKU-1060,Pacific Components,Motor Oil,Crude Oil,Commodity / Material,3162,41254.61
2024-Q2,SKU-1060,Pacific Components,Motor Oil,Crude Oil,Commodity / Material,3162,44508.94
2024-Q3,SKU-1060,Pacific Components,Motor Oil,Crude Oil,Commodity / Material,3162,43178.37
2024-Q4,SKU-1060,Pacific Components,Motor Oil,Crude Oil,Commodity / Material,3162,45375.96
2025-Q1,SKU-1060,Pacific Components,Motor Oil,Crude Oil,Commodity / Material,3162,47213.72
2025-Q2,SKU-1060,Pacific Components,Motor Oil,Crude Oil,Commodity / Material,3162,49559.29
2025-Q3,SKU-1060,Pacific Components,Motor Oil,Crude Oil,Commodity / Material,3162,54933.11
2025-Q4,SKU-1060,Pacific Components,Motor Oil,Crude Oil,Commodity / Material,3162,57686.58
2023-Q1,SKU-1061,Pacific Components,Motor Oil,Crude Oil,Commodity / Material,1065,10964.92
2023-Q2,SKU-1061,Pacific Components,Motor Oil,Crude Oil,Commodity / Material,1065,10464.8
2023-Q3,SKU-1061,Pacific Components,Motor Oil,Crude Oil,Commodity / Material,1065,10002.16
2023-Q4,SKU-1061,Pacific Components,Motor Oil,Crude Oil,Commodity / Material,1065,10887.92
2024-Q1,SKU-1061,Pacific Components,Motor Oil,Crude Oil,Commodity / Material,1065,11942.91
2024-Q2,SKU-1061,Pacific Components,Motor Oil,Crude Oil,Commodity / Material,1065,12885.01
2024-Q3,SKU-1061,Pacific Components,Motor Oil,Crude Oil,Commodity / Material,1065,12499.8
2024-Q4,SKU-1061,Pacific Components,Motor Oil,Crude Oil,Commodity / Material,1065,13135.92
2025-Q1,SKU-1061,Pacific Components,Motor Oil,Crude Oil,Commodity / Material,1065,13668.0
2025-Q2,SKU-1061,Pacific Components,Motor Oil,Crude Oil,Commodity / Material,1065,14347.04
2025-Q3,SKU-1061,Pacific Components,Motor Oil,Crude Oil,Commodity / Material,1065,15902.69
2025-Q4,SKU-1061,Pacific Components,Motor Oil,Crude Oil,Commodity / Material,1065,16699.73
2023-Q1,SKU-1062,Pacific Components,Motor Oil,Crude Oil,Commodity / Material,6133,78355.21
2023-Q2,SKU-1062,Pacific Components,Motor Oil,Crude Oil,Commodity / Material,6133,74781.51
2023-Q3,SKU-1062,Pacific Components,Motor Oil,Crude Oil,Commodity / Material,6133,71475.82
2023-Q4,SKU-1062,Pacific Components,Motor Oil,Crude Oil,Commodity / Material,6133,77805.08
2024-Q1,SKU-1062,Pacific Components,Motor Oil,Crude Oil,Commodity / Material,6133,85343.76
2024-Q2,SKU-1062,Pacific Components,Motor Oil,Crude Oil,Commodity / Material,6133,92076.57
2024-Q3,SKU-1062,Pacific Components,Motor Oil,Crude Oil,Commodity / Material,6133,89323.47
2024-Q4,SKU-1062,Pacific Components,Motor Oil,Crude Oil,Commodity / Material,6133,93869.86
2025-Q1,SKU-1062,Pacific Components,Motor Oil,Crude Oil,Commodity / Material,6133,97671.7
2025-Q2,SKU-1062,Pacific Components,Motor Oil,Crude Oil,Commodity / Material,6133,102524.13
2025-Q3,SKU-1062,Pacific Components,Motor Oil,Crude Oil,Commodity / Material,6133,113640.81
2025-Q4,SKU-1062,Pacific Components,Motor Oil,Crude Oil,Commodity / Material,6133,119336.53
2023-Q1,SKU-1001,Ironclad Auto,Brakes,Steel,Freight,3454,22762.9
2023-Q2,SKU-1001,Ironclad Auto,Brakes,Steel,Freight,3454,24104.78
2023-Q3,SKU-1001,Ironclad Auto,Brakes,Steel,Freight,3454,23681.66
2023-Q4,SKU-1001,Ironclad Auto,Brakes,Steel,Freight,3454,24179.04
2024-Q1,SKU-1001,Ironclad Auto,Brakes,Steel,Freight,3454,25592.76
2024-Q2,SKU-1001,Ironclad Auto,Brakes,Steel,Freight,3454,27018.57
2024-Q3,SKU-1001,Ironclad Auto,Brakes,Steel,Freight,3454,28997.37
2024-Q4,SKU-1001,Ironclad Auto,Brakes,Steel,Freight,3454,29348.64
2025-Q1,SKU-1001,Ironclad Auto,Brakes,Steel,Freight,3454,28941.76
2025-Q2,SKU-1001,Ironclad Auto,Brakes,Steel,Freight,3454,29336.2
2025-Q3,SKU-1001,Ironclad Auto,Brakes,Steel,Freight,3454,25963.03
2025-Q4,SKU-1001,Ironclad Auto,Brakes,Steel,Freight,3454,23476.49
2023-Q1,SKU-1002,Ironclad Auto,Brakes,Steel,Freight,2113,18761.33
2023-Q2,SKU-1002,Ironclad Auto,Brakes,Steel,Freight,2113,19867.48
2023-Q3,SKU-1002,Ironclad Auto,Brakes,Steel,Freight,2113,19518.84
2023-Q4,SKU-1002,Ironclad Auto,Brakes,Steel,Freight,2113,19928.55
2024-Q1,SKU-1002,Ironclad Auto,Brakes,Steel,Freight,2113,21093.66
2024-Q2,SKU-1002,Ironclad Auto,Brakes,Steel,Freight,2113,22269.12
2024-Q3,SKU-1002,Ironclad Auto,Brakes,Steel,Freight,2113,23899.93
2024-Q4,SKU-1002,Ironclad Auto,Brakes,Steel,Freight,2113,24189.62
2025-Q1,SKU-1002,Ironclad Auto,Brakes,Steel,Freight,2113,23854.08
2025-Q2,SKU-1002,Ironclad Auto,Brakes,Steel,Freight,2113,24179.06
2025-Q3,SKU-1002,Ironclad Auto,Brakes,Steel,Freight,2113,21398.77
2025-Q4,SKU-1002,Ironclad Auto,Brakes,Steel,Freight,2113,19349.59
2023-Q1,SKU-1003,Ironclad Auto,Brakes,Steel,Freight,16248,109703.25
2023-Q2,SKU-1003,Ironclad Auto,Brakes,Steel,Freight,16248,116171.58
2023-Q3,SKU-1003,Ironclad Auto,Brakes,Steel,Freight,16248,114132.45
2023-Q4,SKU-1003,Ironclad Auto,Brakes,Steel,Freight,16248,116529.03
2024-Q1,SKU-1003,Ironclad Auto,Brakes,Steel,Freight,16248,123341.82
2024-Q2,SKU-1003,Ironclad Auto,Brakes,Steel,Freight,16248,130214.72
2024-Q3,SKU-1003,Ironclad Auto,Brakes,Steel,Freight,16248,139750.67
2024-Q4,SKU-1003,Ironclad Auto,Brakes,Steel,Freight,16248,141443.71
2025-Q1,SKU-1003,Ironclad Auto,Brakes,Steel,Freight,16248,139482.58
2025-Q2,SKU-1003,Ironclad Auto,Brakes,Steel,Freight,16248,141383.6
2025-Q3,SKU-1003,Ironclad Auto,Brakes,Steel,Freight,16248,125125.85
2025-Q4,SKU-1003,Ironclad Auto,Brakes,Steel,Freight,16248,113142.95
2023-Q1,SKU-1004,Ironclad Auto,Radiators,Aluminum,Freight,7591,63109.3
2023-Q2,SKU-1004,Ironclad Auto,Radiators,Aluminum,Freight,7591,66830.4
2023-Q3,SKU-1004,Ironclad Auto,Radiators,Aluminum,Freight,7591,65656.84
2023-Q4,SKU-1004,Ironclad Auto,Radiators,Aluminum,Freight,7591,67036.12
2024-Q1,SKU-1004,Ironclad Auto,Radiators,Aluminum,Freight,7591,70954.6
2024-Q2,SKU-1004,Ironclad Auto,Radiators,Aluminum,Freight,7591,74908.75
2024-Q3,SKU-1004,Ironclad Auto,Radiators,Aluminum,Freight,7591,80394.0
2024-Q4,SKU-1004,Ironclad Auto,Radiators,Aluminum,Freight,7591,81368.69
2025-Q1,SKU-1004,Ironclad Auto,Radiators,Aluminum,Freight,7591,80240.67
2025-Q2,SKU-1004,Ironclad Auto,Radiators,Aluminum,Freight,7591,81333.77
2025-Q3,SKU-1004,Ironclad Auto,Radiators,Aluminum,Freight,7591,71981.66
2025-Q4,SKU-1004,Ironclad Auto,Radiators,Aluminum,Freight,7591,65087.51
2023-Q1,SKU-1005,Ironclad Auto,Radiators,Aluminum,Freight,11303,112204.88
2023-Q2,SKU-1005,Ironclad Auto,Radiators,Aluminum,Freight,11303,118820.53
2023-Q3,SKU-1005,Ironclad Auto,Radiators,Aluminum,Freight,11303,116735.12
2023-Q4,SKU-1005,Ironclad Auto,Radiators,Aluminum,Freight,11303,119186.74
2024-Q1,SKU-1005,Ironclad Auto,Radiators,Aluminum,Freight,11303,126153.91
2024-Q2,SKU-1005,Ironclad Auto,Radiators,Aluminum,Freight,11303,133183.25
2024-Q3,SKU-1005,Ironclad Auto,Radiators,Aluminum,Freight,11303,142936.61
2024-Q4,SKU-1005,Ironclad Auto,Radiators,Aluminum,Freight,11303,144669.36
2025-Q1,SKU-1005,Ironclad Auto,Radiators,Aluminum,Freight,11303,142664.21
2025-Q2,SKU-1005,Ironclad Auto,Radiators,Aluminum,Freight,11303,144607.19
2025-Q3,SKU-1005,Ironclad Auto,Radiators,Aluminum,Freight,11303,127979.35
2025-Q4,SKU-1005,Ironclad Auto,Radiators,Aluminum,Freight,11303,115722.37
2023-Q1,SKU-1006,Ironclad Auto,Radiators,Aluminum,Freight,18805,378928.27
2023-Q2,SKU-1006,Ironclad Auto,Radiators,Aluminum,Freight,18805,401268.61
2023-Q3,SKU-1006,Ironclad Auto,Radiators,Aluminum,Freight,18805,394226.14
2023-Q4,SKU-1006,Ironclad Auto,Radiators,Aluminum,Freight,18805,402504.1
2024-Q1,SKU-1006,Ironclad Auto,Radiators,Aluminum,Freight,18805,426034.8
2024-Q2,SKU-1006,Ironclad Auto,Radiators,Aluminum,Freight,18805,449774.23
2024-Q3,SKU-1006,Ironclad Auto,Radiators,Aluminum,Freight,18805,482711.19
2024-Q4,SKU-1006,Ironclad Auto,Radiators,Aluminum,Freight,18805,488563.3
2025-Q1,SKU-1006,Ironclad Auto,Radiators,Aluminum,Freight,18805,481789.74
2025-Q2,SKU-1006,Ironclad Auto,Radiators,Aluminum,Freight,18805,488352.69
2025-Q3,SKU-1006,Ironclad Auto,Radiators,Aluminum,Freight,18805,432199.08
2025-Q4,SKU-1006,Ironclad Auto,Radiators,Aluminum,Freight,18805,390807.39
2023-Q1,SKU-1007,Ironclad Auto,Radiators,Aluminum,Freight,4989,51705.5
2023-Q2,SKU-1007,Ironclad Auto,Radiators,Aluminum,Freight,4989,54753.78
2023-Q3,SKU-1007,Ironclad Auto,Radiators,Aluminum,Freight,4989,53792.89
2023-Q4,SKU-1007,Ironclad Auto,Radiators,Aluminum,Freight,4989,54922.4
2024-Q1,SKU-1007,Ironclad Auto,Radiators,Aluminum,Freight,4989,58132.83
2024-Q2,SKU-1007,Ironclad Auto,Radiators,Aluminum,Freight,4989,61372.18
2024-Q3,SKU-1007,Ironclad Auto,Radiators,Aluminum,Freight,4989,65866.77
2024-Q4,SKU-1007,Ironclad Auto,Radiators,Aluminum,Freight,4989,66665.01
2025-Q1,SKU-1007,Ironclad Auto,Radiators,Aluminum,Freight,4989,65741.05
2025-Q2,SKU-1007,Ironclad Auto,Radiators,Aluminum,Freight,4989,66636.58
2025-Q3,SKU-1007,Ironclad Auto,Radiators,Aluminum,Freight,4989,58973.97
2025-Q4,SKU-1007,Ironclad Auto,Radiators,Aluminum,Freight,4989,53326.42
2023-Q1,SKU-1008,Ironclad Auto,Spark Plugs,Copper,Freight,16260,12199.88
2023-Q2,SKU-1008,Ironclad Auto,Spark Plugs,Copper,Freight,16260,12918.57
2023-Q3,SKU-1008,Ironclad Auto,Spark Plugs,Copper,Freight,16260,12690.93
2023-Q4,SKU-1008,Ironclad Auto,Spark Plugs,Copper,Freight,16260,12957.59
2024-Q1,SKU-1008,Ironclad Auto,Spark Plugs,Copper,Freight,16260,13715.31
2024-Q2,SKU-1008,Ironclad Auto,Spark Plugs,Copper,Freight,16260,14479.53
2024-Q3,SKU-1008,Ironclad Auto,Spark Plugs,Copper,Freight,16260,15539.68
2024-Q4,SKU-1008,Ironclad Auto,Spark Plugs,Copper,Freight,16260,15728.3
2025-Q1,SKU-1008,Ironclad Auto,Spark Plugs,Copper,Freight,16260,15510.41
2025-Q2,SKU-1008,Ironclad Auto,Spark Plugs,Copper,Freight,16260,15721.79
2025-Q3,SKU-1008,Ironclad Auto,Spark Plugs,Copper,Freight,16260,13913.68
2025-Q4,SKU-1008,Ironclad Auto,Spark Plugs,Copper,Freight,16260,12581.99
2023-Q1,SKU-1009,Ironclad Auto,Spark Plugs,Copper,Freight,19831,11315.57
2023-Q2,SKU-1009,Ironclad Auto,Spark Plugs,Copper,Freight,19831,11983.87
2023-Q3,SKU-1009,Ironclad Auto,Spark Plugs,Copper,Freight,19831,11771.68
2023-Q4,SKU-1009,Ironclad Auto,Spark Plugs,Copper,Freight,19831,12019.57
2024-Q1,SKU-1009,Ironclad Auto,Spark Plugs,Copper,Freight,19831,12721.59
2024-Q2,SKU-1009,Ironclad Auto,Spark Plugs,Copper,Freight,19831,13431.54
2024-Q3,SKU-1009,Ironclad Auto,Spark Plugs,Copper,Freight,19831,14415.15
2024-Q4,SKU-1009,Ironclad Auto,Spark Plugs,Copper,Freight,19831,14589.67
2025-Q1,SKU-1009,Ironclad Auto,Spark Plugs,Copper,Freight,19831,14387.39
2025-Q2,SKU-1009,Ironclad Auto,Spark Plugs,Copper,Freight,19831,14583.72
2025-Q3,SKU-1009,Ironclad Auto,Spark Plugs,Copper,Freight,19831,12906.01
2025-Q4,SKU-1009,Ironclad Auto,Spark Plugs,Copper,Freight,19831,11670.54
2023-Q1,SKU-1010,Ironclad Auto,Spark Plugs,Copper,Freight,8984,12247.89
2023-Q2,SKU-1010,Ironclad Auto,Spark Plugs,Copper,Freight,8984,12970.2
2023-Q3,SKU-1010,Ironclad Auto,Spark Plugs,Copper,Freight,8984,12742.91
2023-Q4,SKU-1010,Ironclad Auto,Spark Plugs,Copper,Freight,8984,13009.73
2024-Q1,SKU-1010,Ironclad Auto,Spark Plugs,Copper,Freight,8984,13770.68
2024-Q2,SKU-1010,Ironclad Auto,Spark Plugs,Copper,Freight,8984,14537.91
2024-Q3,SKU-1010,Ironclad Auto,Spark Plugs,Copper,Freight,8984,15602.51
2024-Q4,SKU-1010,Ironclad Auto,Spark Plugs,Copper,Freight,8984,15792.08
2025-Q1,SKU-1010,Ironclad Auto,Spark Plugs,Copper,Freight,8984,15572.87
2025-Q2,SKU-1010,Ironclad Auto,Spark Plugs,Copper,Freight,8984,15784.89
2025-Q3,SKU-1010,Ironclad Auto,Spark Plugs,Copper,Freight,8984,13970.12
2025-Q4,SKU-1010,Ironclad Auto,Spark Plugs,Copper,Freight,8984,12632.4
2023-Q1,SKU-1011,Ironclad Auto,Spark Plugs,Copper,Freight,2761,3693.67
2023-Q2,SKU-1011,Ironclad Auto,Spark Plugs,Copper,Freight,2761,3911.23
2023-Q3,SKU-1011,Ironclad Auto,Spark Plugs,Copper,Freight,2761,3842.76
2023-Q4,SKU-1011,Ironclad Auto,Spark Plugs,Copper,Freight,2761,3923.38
2024-Q1,SKU-1011,Ironclad Auto,Spark Plugs,Copper,Freight,2761,4152.82
2024-Q2,SKU-1011,Ironclad Auto,Spark Plugs,Copper,Freight,2761,4384.19
2024-Q3,SKU-1011,Ironclad Auto,Spark Plugs,Copper,Freight,2761,4705.02
2024-Q4,SKU-1011,Ironclad Auto,Spark Plugs,Copper,Freight,2761,4762.17
2025-Q1,SKU-1011,Ironclad Auto,Spark Plugs,Copper,Freight,2761,4696.18
2025-Q2,SKU-1011,Ironclad Auto,Spark Plugs,Copper,Freight,2761,4760.24
2025-Q3,SKU-1011,Ironclad Auto,Spark Plugs,Copper,Freight,2761,4212.73
2025-Q4,SKU-1011,Ironclad Auto,Spark Plugs,Copper,Freight,2761,3809.35
2023-Q1,SKU-1012,Zhongli Parts,Filters,Paper,Freight,17782,21091.23
2023-Q2,SKU-1012,Zhongli Parts,Filters,Paper,Freight,17782,22334.19
2023-Q3,SKU-1012,Zhongli Parts,Filters,Paper,Freight,17782,21942.99
2023-Q4,SKU-1012,Zhongli Parts,Filters,Paper,Freight,17782,22403.54
2024-Q1,SKU-1012,Zhongli Parts,Filters,Paper,Freight,17782,23712.3
2024-Q2,SKU-1012,Zhongli Parts,Filters,Paper,Freight,17782,25033.5
2024-Q3,SKU-1012,Zhongli Parts,Filters,Paper,Freight,17782,26866.82
2024-Q4,SKU-1012,Zhongli Parts,Filters,Paper,Freight,17782,27192.23
2025-Q1,SKU-1012,Zhongli Parts,Filters,Paper,Freight,17782,26815.26
2025-Q2,SKU-1012,Zhongli Parts,Filters,Paper,Freight,17782,27181.57
2025-Q3,SKU-1012,Zhongli Parts,Filters,Paper,Freight,17782,24055.49
2025-Q4,SKU-1012,Zhongli Parts,Filters,Paper,Freight,17782,21752.72
2023-Q1,SKU-1013,Zhongli Parts,Filters,Paper,Freight,18767,31920.79
2023-Q2,SKU-1013,Zhongli Parts,Filters,Paper,Freight,18767,33801.24
2023-Q3,SKU-1013,Zhongli Parts,Filters,Paper,Freight,18767,33208.21
2023-Q4,SKU-1013,Zhongli Parts,Filters,Paper,Freight,18767,33906.34
2024-Q1,SKU-1013,Zhongli Parts,Filters,Paper,Freight,18767,35888.13
2024-Q2,SKU-1013,Zhongli Parts,Filters,Paper,Freight,18767,37888.7
2024-Q3,SKU-1013,Zhongli Parts,Filters,Paper,Freight,18767,40662.46
2024-Q4,SKU-1013,Zhongli Parts,Filters,Paper,Freight,18767,41156.03
2025-Q1,SKU-1013,Zhongli Parts,Filters,Paper,Freight,18767,40585.51
2025-Q2,SKU-1013,Zhongli Parts,Filters,Paper,Freight,18767,41137.26
2025-Q3,SKU-1013,Zhongli Parts,Filters,Paper,Freight,18767,36407.98
2025-Q4,SKU-1013,Zhongli Parts,Filters,Paper,Freight,18767,32921.07
2023-Q1,SKU-1014,Zhongli Parts,Filters,Paper,Freight,7660,7838.48
2023-Q2,SKU-1014,Zhongli Parts,Filters,Paper,Freight,7660,8301.14
2023-Q3,SKU-1014,Zhongli Parts,Filters,Paper,Freight,7660,8154.84
2023-Q4,SKU-1014,Zhongli Parts,Filters,Paper,Freight,7660,8326.42
2024-Q1,SKU-1014,Zhongli Parts,Filters,Paper,Freight,7660,8812.83
2024-Q2,SKU-1014,Zhongli Parts,Filters,Paper,Freight,7660,9304.6
2024-Q3,SKU-1014,Zhongli Parts,Filters,Paper,Freight,7660,9985.58
2024-Q4,SKU-1014,Zhongli Parts,Filters,Paper,Freight,7660,10106.6
2025-Q1,SKU-1014,Zhongli Parts,Filters,Paper,Freight,7660,9966.43
2025-Q2,SKU-1014,Zhongli Parts,Filters,Paper,Freight,7660,10102.01
2025-Q3,SKU-1014,Zhongli Parts,Filters,Paper,Freight,7660,8940.75
2025-Q4,SKU-1014,Zhongli Parts,Filters,Paper,Freight,7660,8084.36
2023-Q1,SKU-1015,Zhongli Parts,Wipers,Rubber,Freight,6748,10549.82
2023-Q2,SKU-1015,Zhongli Parts,Wipers,Rubber,Freight,6748,11171.31
2023-Q3,SKU-1015,Zhongli Parts,Wipers,Rubber,Freight,6748,10975.62
2023-Q4,SKU-1015,Zhongli Parts,Wipers,Rubber,Freight,6748,11205.73
2024-Q1,SKU-1015,Zhongli Parts,Wipers,Rubber,Freight,6748,11860.96
2024-Q2,SKU-1015,Zhongli Parts,Wipers,Rubber,Freight,6748,12522.26
2024-Q3,SKU-1015,Zhongli Parts,Wipers,Rubber,Freight,6748,13438.64
2024-Q4,SKU-1015,Zhongli Parts,Wipers,Rubber,Freight,6748,13601.94
2025-Q1,SKU-1015,Zhongli Parts,Wipers,Rubber,Freight,6748,13413.0
2025-Q2,SKU-1015,Zhongli Parts,Wipers,Rubber,Freight,6748,13595.87
2025-Q3,SKU-1015,Zhongli Parts,Wipers,Rubber,Freight,6748,12032.36
2025-Q4,SKU-1015,Zhongli Parts,Wipers,Rubber,Freight,6748,10880.48
2023-Q1,SKU-1016,Zhongli Parts,Wipers,Rubber,Freight,771,1496.13
2023-Q2,SKU-1016,Zhongli Parts,Wipers,Rubber,Freight,771,1584.33
2023-Q3,SKU-1016,Zhongli Parts,Wipers,Rubber,Freight,771,1556.57
2023-Q4,SKU-1016,Zhongli Parts,Wipers,Rubber,Freight,771,1589.26
2024-Q1,SKU-1016,Zhongli Parts,Wipers,Rubber,Freight,771,1682.17
2024-Q2,SKU-1016,Zhongli Parts,Wipers,Rubber,Freight,771,1775.92
2024-Q3,SKU-1016,Zhongli Parts,Wipers,Rubber,Freight,771,1905.91
2024-Q4,SKU-1016,Zhongli Parts,Wipers,Rubber,Freight,771,1929.04
2025-Q1,SKU-1016,Zhongli Parts,Wipers,Rubber,Freight,771,1902.29
2025-Q2,SKU-1016,Zhongli Parts,Wipers,Rubber,Freight,771,1928.19
2025-Q3,SKU-1016,Zhongli Parts,Wipers,Rubber,Freight,771,1706.45
2025-Q4,SKU-1016,Zhongli Parts,Wipers,Rubber,Freight,771,1543.08
2023-Q1,SKU-1017,Zhongli Parts,Belts & Hoses,Rubber,Freight,10373,22867.28
2023-Q2,SKU-1017,Zhongli Parts,Belts & Hoses,Rubber,Freight,10373,24215.77
2023-Q3,SKU-1017,Zhongli Parts,Belts & Hoses,Rubber,Freight,10373,23790.48
2023-Q4,SKU-1017,Zhongli Parts,Belts & Hoses,Rubber,Freight,10373,24290.45
2024-Q1,SKU-1017,Zhongli Parts,Belts & Hoses,Rubber,Freight,10373,25710.52
2024-Q2,SKU-1017,Zhongli Parts,Belts & Hoses,Rubber,Freight,10373,27143.03
2024-Q3,SKU-1017,Zhongli Parts,Belts & Hoses,Rubber,Freight,10373,29130.5
2024-Q4,SKU-1017,Zhongli Parts,Belts & Hoses,Rubber,Freight,10373,29483.18
2025-Q1,SKU-1017,Zhongli Parts,Belts & Hoses,Rubber,Freight,10373,29074.48
2025-Q2,SKU-1017,Zhongli Parts,Belts & Hoses,Rubber,Freight,10373,29470.73
2025-Q3,SKU-1017,Zhongli Parts,Belts & Hoses,Rubber,Freight,10373,26081.87
2025-Q4,SKU-1017,Zhongli Parts,Belts & Hoses,Rubber,Freight,10373,23584.05
2023-Q1,SKU-1018,Zhongli Parts,Belts & Hoses,Rubber,Freight,2145,4415.05
2023-Q2,SKU-1018,Zhongli Parts,Belts & Hoses,Rubber,Freight,2145,4675.46
2023-Q3,SKU-1018,Zhongli Parts,Belts & Hoses,Rubber,Freight,2145,4593.3
2023-Q4,SKU-1018,Zhongli Parts,Belts & Hoses,Rubber,Freight,2145,4689.83
2024-Q1,SKU-1018,Zhongli Parts,Belts & Hoses,Rubber,Freight,2145,4963.96
2024-Q2,SKU-1018,Zhongli Parts,Belts & Hoses,Rubber,Freight,2145,5240.45
2024-Q3,SKU-1018,Zhongli Parts,Belts & Hoses,Rubber,Freight,2145,5624.4
2024-Q4,SKU-1018,Zhongli Parts,Belts & Hoses,Rubber,Freight,2145,5692.4
2025-Q1,SKU-1018,Zhongli Parts,Belts & Hoses,Rubber,Freight,2145,5613.46
2025-Q2,SKU-1018,Zhongli Parts,Belts & Hoses,Rubber,Freight,2145,5690.04
2025-Q3,SKU-1018,Zhongli Parts,Belts & Hoses,Rubber,Freight,2145,5035.82
2025-Q4,SKU-1018,Zhongli Parts,Belts & Hoses,Rubber,Freight,2145,4553.41
2023-Q1,SKU-1019,Zhongli Parts,Spark Plugs,Copper,Freight,19475,20119.62
2023-Q2,SKU-1019,Zhongli Parts,Spark Plugs,Copper,Freight,19475,21305.65
2023-Q3,SKU-1019,Zhongli Parts,Spark Plugs,Copper,Freight,19475,20931.73
2023-Q4,SKU-1019,Zhongli Parts,Spark Plugs,Copper,Freight,19475,21371.86
2024-Q1,SKU-1019,Zhongli Parts,Spark Plugs,Copper,Freight,19475,22622.16
2024-Q2,SKU-1019,Zhongli Parts,Spark Plugs,Copper,Freight,19475,23882.19
2024-Q3,SKU-1019,Zhongli Parts,Spark Plugs,Copper,Freight,19475,25631.05
2024-Q4,SKU-1019,Zhongli Parts,Spark Plugs,Copper,Freight,19475,25940.7
2025-Q1,SKU-1019,Zhongli Parts,Spark Plugs,Copper,Freight,19475,25582.36
2025-Q2,SKU-1019,Zhongli Parts,Spark Plugs,Copper,Freight,19475,25930.96
2025-Q3,SKU-1019,Zhongli Parts,Spark Plugs,Copper,Freight,19475,22949.34
2025-Q4,SKU-1019,Zhongli Parts,Spark Plugs,Copper,Freight,19475,20750.61
2023-Q1,SKU-1020,Zhongli Parts,Spark Plugs,Copper,Freight,19134,10812.62
2023-Q2,SKU-1020,Zhongli Parts,Spark Plugs,Copper,Freight,19134,11449.79
2023-Q3,SKU-1020,Zhongli Parts,Spark Plugs,Copper,Freight,19134,11248.88
2023-Q4,SKU-1020,Zhongli Parts,Spark Plugs,Copper,Freight,19134,11486.14
2024-Q1,SKU-1020,Zhongli Parts,Spark Plugs,Copper,Freight,19134,12157.74
2024-Q2,SKU-1020,Zhongli Parts,Spark Plugs,Copper,Freight,19134,12835.09
2024-Q3,SKU-1020,Zhongli Parts,Spark Plugs,Copper,Freight,19134,13774.57
2024-Q4,SKU-1020,Zhongli Parts,Spark Plugs,Copper,Freight,19134,13941.03
2025-Q1,SKU-1020,Zhongli Parts,Spark Plugs,Copper,Freight,19134,13747.78
2025-Q2,SKU-1020,Zhongli Parts,Spark Plugs,Copper,Freight,19134,13935.29
2025-Q3,SKU-1020,Zhongli Parts,Spark Plugs,Copper,Freight,19134,12333.78
2025-Q4,SKU-1020,Zhongli Parts,Spark Plugs,Copper,Freight,19134,11151.3
2023-Q1,SKU-1021,Zhongli Parts,Spark Plugs,Copper,Freight,16895,16051.94
2023-Q2,SKU-1021,Zhongli Parts,Spark Plugs,Copper,Freight,16895,16998.06
2023-Q3,SKU-1021,Zhongli Parts,Spark Plugs,Copper,Freight,16895,16699.02
2023-Q4,SKU-1021,Zhongli Parts,Spark Plugs,Copper,Freight,16895,17050.43
2024-Q1,SKU-1021,Zhongli Parts,Spark Plugs,Copper,Freight,16895,18047.24
2024-Q2,SKU-1021,Zhongli Parts,Spark Plugs,Copper,Freight,16895,19052.49
2024-Q3,SKU-1021,Zhongli Parts,Spark Plugs,Copper,Freight,16895,20448.02
2024-Q4,SKU-1021,Zhongli Parts,Spark Plugs,Copper,Freight,16895,20696.38
2025-Q1,SKU-1021,Zhongli Parts,Spark Plugs,Copper,Freight,16895,20409.16
2025-Q2,SKU-1021,Zhongli Parts,Spark Plugs,Copper,Freight,16895,20686.24
2025-Q3,SKU-1021,Zhongli Parts,Spark Plugs,Copper,Freight,16895,18309.11
2025-Q4,SKU-1021,Zhongli Parts,Spark Plugs,Copper,Freight,16895,16555.41
2023-Q1,SKU-1022,EuroTech GmbH,Brakes,Steel,Freight,4038,27488.68
2023-Q2,SKU-1022,EuroTech GmbH,Brakes,Steel,Freight,4038,29109.13
2023-Q3,SKU-1022,EuroTech GmbH,Brakes,Steel,Freight,4038,28598.33
2023-Q4,SKU-1022,EuroTech GmbH,Brakes,Steel,Freight,4038,29198.78
2024-Q1,SKU-1022,EuroTech GmbH,Brakes,Steel,Freight,4038,30905.64
2024-Q2,SKU-1022,EuroTech GmbH,Brakes,Steel,Freight,4038,32627.85
2024-Q3,SKU-1022,EuroTech GmbH,Brakes,Steel,Freight,4038,35017.13
2024-Q4,SKU-1022,EuroTech GmbH,Brakes,Steel,Freight,4038,35441.53
2025-Q1,SKU-1022,EuroTech GmbH,Brakes,Steel,Freight,4038,34950.51
2025-Q2,SKU-1022,EuroTech GmbH,Brakes,Steel,Freight,4038,35426.59
2025-Q3,SKU-1022,EuroTech GmbH,Brakes,Steel,Freight,4038,31353.05
2025-Q4,SKU-1022,EuroTech GmbH,Brakes,Steel,Freight,4038,28350.39
2023-Q1,SKU-1023,EuroTech GmbH,Brakes,Steel,Freight,15802,106884.73
2023-Q2,SKU-1023,EuroTech GmbH,Brakes,Steel,Freight,15802,113186.57
2023-Q3,SKU-1023,EuroTech GmbH,Brakes,Steel,Freight,15802,111200.25
2023-Q4,SKU-1023,EuroTech GmbH,Brakes,Steel,Freight,15802,113535.79
2024-Q1,SKU-1023,EuroTech GmbH,Brakes,Steel,Freight,15802,120172.63
2024-Q2,SKU-1023,EuroTech GmbH,Brakes,Steel,Freight,15802,126869.52
2024-Q3,SKU-1023,EuroTech GmbH,Brakes,Steel,Freight,15802,136159.51
2024-Q4,SKU-1023,EuroTech GmbH,Brakes,Steel,Freight,15802,137810.82
2025-Q1,SKU-1023,EuroTech GmbH,Brakes,Steel,Freight,15802,135900.36
2025-Q2,SKU-1023,EuroTech GmbH,Brakes,Steel,Freight,15802,137750.77
2025-Q3,SKU-1023,EuroTech GmbH,Brakes,Steel,Freight,15802,121910.85
2025-Q4,SKU-1023,EuroTech GmbH,Brakes,Steel,Freight,15802,110236.33
2023-Q1,SKU-1024,EuroTech GmbH,Batteries,Lead,Freight,5036,122795.81
2023-Q2,SKU-1024,EuroTech GmbH,Batteries,Lead,Freight,5036,130036.07
2023-Q3,SKU-1024,EuroTech GmbH,Batteries,Lead,Freight,5036,127753.25
2023-Q4,SKU-1024,EuroTech GmbH,Batteries,Lead,Freight,5036,130435.93
2024-Q1,SKU-1024,EuroTech GmbH,Batteries,Lead,Freight,5036,138061.44
2024-Q2,SKU-1024,EuroTech GmbH,Batteries,Lead,Freight,5036,145754.43
2024-Q3,SKU-1024,EuroTech GmbH,Batteries,Lead,Freight,5036,156428.23
2024-Q4,SKU-1024,EuroTech GmbH,Batteries,Lead,Freight,5036,158324.29
2025-Q1,SKU-1024,EuroTech GmbH,Batteries,Lead,Freight,5036,156129.6
2025-Q2,SKU-1024,EuroTech GmbH,Batteries,Lead,Freight,5036,158256.3
2025-Q3,SKU-1024,EuroTech GmbH,Batteries,Lead,Freight,5036,140058.71
2025-Q4,SKU-1024,EuroTech GmbH,Batteries,Lead,Freight,5036,126645.83
2023-Q1,SKU-1025,EuroTech GmbH,Batteries,Lead,Freight,2818,57193.56
2023-Q2,SKU-1025,EuroTech GmbH,Batteries,Lead,Freight,2818,60565.58
2023-Q3,SKU-1025,EuroTech GmbH,Batteries,Lead,Freight,2818,59502.63
2023-Q4,SKU-1025,EuroTech GmbH,Batteries,Lead,Freight,2818,60752.13
2024-Q1,SKU-1025,EuroTech GmbH,Batteries,Lead,Freight,2818,64303.66
2024-Q2,SKU-1025,EuroTech GmbH,Batteries,Lead,Freight,2818,67887.03
2024-Q3,SKU-1025,EuroTech GmbH,Batteries,Lead,Freight,2818,72858.26
2024-Q4,SKU-1025,EuroTech GmbH,Batteries,Lead,Freight,2818,73741.42
2025-Q1,SKU-1025,EuroTech GmbH,Batteries,Lead,Freight,2818,72719.05
2025-Q2,SKU-1025,EuroTech GmbH,Batteries,Lead,Freight,2818,73709.58
2025-Q3,SKU-1025,EuroTech GmbH,Batteries,Lead,Freight,2818,65234.16
2025-Q4,SKU-1025,EuroTech GmbH,Batteries,Lead,Freight,2818,58986.66
2023-Q1,SKU-1026,EuroTech GmbH,Batteries,Lead,Freight,17416,259005.53
2023-Q2,SKU-1026,EuroTech GmbH,Batteries,Lead,Freight,17416,274275.88
2023-Q3,SKU-1026,EuroTech GmbH,Batteries,Lead,Freight,17416,269462.09
2023-Q4,SKU-1026,EuroTech GmbH,Batteries,Lead,Freight,17416,275120.55
2024-Q1,SKU-1026,EuroTech GmbH,Batteries,Lead,Freight,17416,291204.23
2024-Q2,SKU-1026,EuroTech GmbH,Batteries,Lead,Freight,17416,307430.72
2024-Q3,SKU-1026,EuroTech GmbH,Batteries,Lead,Freight,17416,329944.38
2024-Q4,SKU-1026,EuroTech GmbH,Batteries,Lead,Freight,17416,333943.09
2025-Q1,SKU-1026,EuroTech GmbH,Batteries,Lead,Freight,17416,329313.92
2025-Q2,SKU-1026,EuroTech GmbH,Batteries,Lead,Freight,17416,333800.28
2025-Q3,SKU-1026,EuroTech GmbH,Batteries,Lead,Freight,17416,295417.16
2025-Q4,SKU-1026,EuroTech GmbH,Batteries,Lead,Freight,17416,267126.61
2023-Q1,SKU-1027,EuroTech GmbH,Batteries,Lead,Freight,19203,437390.57
2023-Q2,SKU-1027,EuroTech GmbH,Batteries,Lead,Freight,19203,463178.28
2023-Q3,SKU-1027,EuroTech GmbH,Batteries,Lead,Freight,19203,455049.65
2023-Q4,SKU-1027,EuroTech GmbH,Batteries,Lead,Freight,19203,464605.06
2024-Q1,SKU-1027,EuroTech GmbH,Batteries,Lead,Freight,19203,491765.79
2024-Q2,SKU-1027,EuroTech GmbH,Batteries,Lead,Freight,19203,519168.47
2024-Q3,SKU-1027,EuroTech GmbH,Batteries,Lead,Freight,19203,557186.57
2024-Q4,SKU-1027,EuroTech GmbH,Batteries,Lead,Freight,19203,563940.26
2025-Q1,SKU-1027,EuroTech GmbH,Batteries,Lead,Freight,19203,556122.72
2025-Q2,SKU-1027,EuroTech GmbH,Batteries,Lead,Freight,19203,563698.3
2025-Q3,SKU-1027,EuroTech GmbH,Batteries,Lead,Freight,19203,498880.5
2025-Q4,SKU-1027,EuroTech GmbH,Batteries,Lead,Freight,19203,451103.43
2023-Q1,SKU-1028,EuroTech GmbH,Radiators,Aluminum,Freight,6715,140553.68
2023-Q2,SKU-1028,EuroTech GmbH,Radiators,Aluminum,Freight,6715,148839.99
2023-Q3,SKU-1028,EuroTech GmbH,Radiators,Aluminum,Freight,6715,146227.85
2023-Q4,SKU-1028,EuroTech GmbH,Radiators,Aluminum,Freight,6715,149298.62
2024-Q1,SKU-1028,EuroTech GmbH,Radiators,Aluminum,Freight,6715,158026.11
2024-Q2,SKU-1028,EuroTech GmbH,Radiators,Aluminum,Freight,6715,166832.16
2024-Q3,SKU-1028,EuroTech GmbH,Radiators,Aluminum,Freight,6715,179049.43
2024-Q4,SKU-1028,EuroTech GmbH,Radiators,Aluminum,Freight,6715,181219.72
2025-Q1,SKU-1028,EuroTech GmbH,Radiators,Aluminum,Freight,6715,178706.97
2025-Q2,SKU-1028,EuroTech GmbH,Radiators,Aluminum,Freight,6715,181141.83
2025-Q3,SKU-1028,EuroTech GmbH,Radiators,Aluminum,Freight,6715,160312.57
2025-Q4,SKU-1028,EuroTech GmbH,Radiators,Aluminum,Freight,6715,144959.39
2023-Q1,SKU-1029,EuroTech GmbH,Radiators,Aluminum,Freight,3727,34127.39
2023-Q2,SKU-1029,EuroTech GmbH,Radiators,Aluminum,Freight,3727,36139.23
2023-Q3,SKU-1029,EuroTech GmbH,Radiators,Aluminum,Freight,3727,35504.89
2023-Q4,SKU-1029,EuroTech GmbH,Radiators,Aluminum,Freight,3727,36250.67
2024-Q1,SKU-1029,EuroTech GmbH,Radiators,Aluminum,Freight,3727,38369.84
2024-Q2,SKU-1029,EuroTech GmbH,Radiators,Aluminum,Freight,3727,40508.02
2024-Q3,SKU-1029,EuroTech GmbH,Radiators,Aluminum,Freight,3727,43474.34
2024-Q4,SKU-1029,EuroTech GmbH,Radiators,Aluminum,Freight,3727,44001.33
2025-Q1,SKU-1029,EuroTech GmbH,Radiators,Aluminum,Freight,3727,43391.22
2025-Q2,SKU-1029,EuroTech GmbH,Radiators,Aluminum,Freight,3727,43982.33
2025-Q3,SKU-1029,EuroTech GmbH,Radiators,Aluminum,Freight,3727,38924.79
2025-Q4,SKU-1029,EuroTech GmbH,Radiators,Aluminum,Freight,3727,35197.04
2023-Q1,SKU-1030,EuroTech GmbH,Radiators,Aluminum,Freight,4299,53167.02
2023-Q2,SKU-1030,EuroTech GmbH,Radiators,Aluminum,Freight,4299,56301.42
2023-Q3,SKU-1030,EuroTech GmbH,Radiators,Aluminum,Freight,4299,55313.51
2023-Q4,SKU-1030,EuroTech GmbH,Radiators,Aluminum,Freight,4299,56475.1
2024-Q1,SKU-1030,EuroTech GmbH,Radiators,Aluminum,Freight,4299,59776.31
2024-Q2,SKU-1030,EuroTech GmbH,Radiators,Aluminum,Freight,4299,63107.17
2024-Q3,SKU-1030,EuroTech GmbH,Radiators,Aluminum,Freight,4299,67728.6
2024-Q4,SKU-1030,EuroTech GmbH,Radiators,Aluminum,Freight,4299,68549.7
2025-Q1,SKU-1030,EuroTech GmbH,Radiators,Aluminum,Freight,4299,67599.2
2025-Q2,SKU-1030,EuroTech GmbH,Radiators,Aluminum,Freight,4299,68520.04
2025-Q3,SKU-1030,EuroTech GmbH,Radiators,Aluminum,Freight,4299,60641.26
2025-Q4,SKU-1030,EuroTech GmbH,Radiators,Aluminum,Freight,4299,54833.74
2023-Q1,SKU-1031,Monterrey Supply,Filters,Paper,Freight,16650,31045.59
2023-Q2,SKU-1031,Monterrey Supply,Filters,Paper,Freight,16650,32877.09
2023-Q3,SKU-1031,Monterrey Supply,Filters,Paper,Freight,16650,32299.34
2023-Q4,SKU-1031,Monterrey Supply,Filters,Paper,Freight,16650,32978.66
2024-Q1,SKU-1031,Monterrey Supply,Filters,Paper,Freight,16650,34905.06
2024-Q2,SKU-1031,Monterrey Supply,Filters,Paper,Freight,16650,36851.44
2024-Q3,SKU-1031,Monterrey Supply,Filters,Paper,Freight,16650,39548.75
2024-Q4,SKU-1031,Monterrey Supply,Filters,Paper,Freight,16650,40028.26
2025-Q1,SKU-1031,Monterrey Supply,Filters,Paper,Freight,16650,39473.82
2025-Q2,SKU-1031,Monterrey Supply,Filters,Paper,Freight,16650,40011.62
2025-Q3,SKU-1031,Monterrey Supply,Filters,Paper,Freight,16650,35411.22
2025-Q4,SKU-1031,Monterrey Supply,Filters,Paper,Freight,16650,32019.62
2023-Q1,SKU-1032,Monterrey Supply,Filters,Paper,Freight,17097,17047.42
2023-Q2,SKU-1032,Monterrey Supply,Filters,Paper,Freight,17097,18052.72
2023-Q3,SKU-1032,Monterrey Supply,Filters,Paper,Freight,17097,17736.43
2023-Q4,SKU-1032,Monterrey Supply,Filters,Paper,Freight,17097,18109.14
2024-Q1,SKU-1032,Monterrey Supply,Filters,Paper,Freight,17097,19167.45
2024-Q2,SKU-1032,Monterrey Supply,Filters,Paper,Freight,17097,20236.01
2024-Q3,SKU-1032,Monterrey Supply,Filters,Paper,Freight,17097,21716.61
2024-Q4,SKU-1032,Monterrey Supply,Filters,Paper,Freight,17097,21979.9
2025-Q1,SKU-1032,Monterrey Supply,Filters,Paper,Freight,17097,21675.58
2025-Q2,SKU-1032,Monterrey Supply,Filters,Paper,Freight,17097,21971.35
2025-Q3,SKU-1032,Monterrey Supply,Filters,Paper,Freight,17097,19444.42
2025-Q4,SKU-1032,Monterrey Supply,Filters,Paper,Freight,17097,17582.55
2023-Q1,SKU-1033,Monterrey Supply,Filters,Paper,Freight,19002,26889.73
2023-Q2,SKU-1033,Monterrey Supply,Filters,Paper,Freight,19002,28476.4
2023-Q3,SKU-1033,Monterrey Supply,Filters,Paper,Freight,19002,27976.64
2023-Q4,SKU-1033,Monterrey Supply,Filters,Paper,Freight,19002,28563.81
2024-Q1,SKU-1033,Monterrey Supply,Filters,Paper,Freight,19002,30232.18
2024-Q2,SKU-1033,Monterrey Supply,Filters,Paper,Freight,19002,31917.66
2024-Q3,SKU-1033,Monterrey Supply,Filters,Paper,Freight,19002,34254.91
2024-Q4,SKU-1033,Monterrey Supply,Filters,Paper,Freight,19002,34671.05
2025-Q1,SKU-1033,Monterrey Supply,Filters,Paper,Freight,19002,34190.3
2025-Q2,SKU-1033,Monterrey Supply,Filters,Paper,Freight,19002,34655.85
2025-Q3,SKU-1033,Monterrey Supply,Filters,Paper,Freight,19002,30671.13
2025-Q4,SKU-1033,Monterrey Supply,Filters,Paper,Freight,19002,27733.42
2023-Q1,SKU-1034,Monterrey Supply,Motor Oil,Crude Oil,Freight,2319,9871.52
2023-Q2,SKU-1034,Monterrey Supply,Motor Oil,Crude Oil,Freight,2319,10453.36
2023-Q3,SKU-1034,Monterrey Supply,Motor Oil,Crude Oil,Freight,2319,10269.92
2023-Q4,SKU-1034,Monterrey Supply,Motor Oil,Crude Oil,Freight,2319,10485.59
2024-Q1,SKU-1034,Monterrey Supply,Motor Oil,Crude Oil,Freight,2319,11098.5
2024-Q2,SKU-1034,Monterrey Supply,Motor Oil,Crude Oil,Freight,2319,11716.98
2024-Q3,SKU-1034,Monterrey Supply,Motor Oil,Crude Oil,Freight,2319,12575.01
2024-Q4,SKU-1034,Monterrey Supply,Motor Oil,Crude Oil,Freight,2319,12727.6
2025-Q1,SKU-1034,Monterrey Supply,Motor Oil,Crude Oil,Freight,2319,12551.12
2025-Q2,SKU-1034,Monterrey Supply,Motor Oil,Crude Oil,Freight,2319,12722.03
2025-Q3,SKU-1034,Monterrey Supply,Motor Oil,Crude Oil,Freight,2319,11259.21
2025-Q4,SKU-1034,Monterrey Supply,Motor Oil,Crude Oil,Freight,2319,10180.87
2023-Q1,SKU-1035,Monterrey Supply,Motor Oil,Crude Oil,Freight,2432,14442.92
2023-Q2,SKU-1035,Monterrey Supply,Motor Oil,Crude Oil,Freight,2432,15294.36
2023-Q3,SKU-1035,Monterrey Supply,Motor Oil,Crude Oil,Freight,2432,15026.11
2023-Q4,SKU-1035,Monterrey Supply,Motor Oil,Crude Oil,Freight,2432,15341.54
2024-Q1,SKU-1035,Monterrey Supply,Motor Oil,Crude Oil,Freight,2432,16238.46
2024-Q2,SKU-1035,Monterrey Supply,Motor Oil,Crude Oil,Freight,2432,17143.17
2024-Q3,SKU-1035,Monterrey Supply,Motor Oil,Crude Oil,Freight,2432,18398.57
2024-Q4,SKU-1035,Monterrey Supply,Motor Oil,Crude Oil,Freight,2432,18621.58
2025-Q1,SKU-1035,Monterrey Supply,Motor Oil,Crude Oil,Freight,2432,18363.55
2025-Q2,SKU-1035,Monterrey Supply,Motor Oil,Crude Oil,Freight,2432,18613.56
2025-Q3,SKU-1035,Monterrey Supply,Motor Oil,Crude Oil,Freight,2432,16473.4
2025-Q4,SKU-1035,Monterrey Supply,Motor Oil,Crude Oil,Freight,2432,14895.76
2023-Q1,SKU-1036,Monterrey Supply,Motor Oil,Crude Oil,Freight,12742,39488.73
2023-Q2,SKU-1036,Monterrey Supply,Motor Oil,Crude Oil,Freight,12742,41816.7
2023-Q3,SKU-1036,Monterrey Supply,Motor Oil,Crude Oil,Freight,12742,41082.76
2023-Q4,SKU-1036,Monterrey Supply,Motor Oil,Crude Oil,Freight,12742,41946.66
2024-Q1,SKU-1036,Monterrey Supply,Motor Oil,Crude Oil,Freight,12742,44398.22
2024-Q2,SKU-1036,Monterrey Supply,Motor Oil,Crude Oil,Freight,12742,46872.72
2024-Q3,SKU-1036,Monterrey Supply,Motor Oil,Crude Oil,Freight,12742,50304.14
2024-Q4,SKU-1036,Monterrey Supply,Motor Oil,Crude Oil,Freight,12742,50914.48
2025-Q1,SKU-1036,Monterrey Supply,Motor Oil,Crude Oil,Freight,12742,50208.58
2025-Q2,SKU-1036,Monterrey Supply,Motor Oil,Crude Oil,Freight,12742,50892.82
2025-Q3,SKU-1036,Monterrey Supply,Motor Oil,Crude Oil,Freight,12742,45040.42
2025-Q4,SKU-1036,Monterrey Supply,Motor Oil,Crude Oil,Freight,12742,40727.25
2023-Q1,SKU-1037,Monterrey Supply,Motor Oil,Crude Oil,Freight,10953,41118.66
2023-Q2,SKU-1037,Monterrey Supply,Motor Oil,Crude Oil,Freight,10953,43542.56
2023-Q3,SKU-1037,Monterrey Supply,Motor Oil,Crude Oil,Freight,10953,42779.13
2023-Q4,SKU-1037,Monterrey Supply,Motor Oil,Crude Oil,Freight,10953,43677.28
2024-Q1,SKU-1037,Monterrey Supply,Motor Oil,Crude Oil,Freight,10953,46230.42
2024-Q2,SKU-1037,Monterrey Supply,Motor Oil,Crude Oil,Freight,10953,48806.57
2024-Q3,SKU-1037,Monterrey Supply,Motor Oil,Crude Oil,Freight,10953,52380.53
2024-Q4,SKU-1037,Monterrey Supply,Motor Oil,Crude Oil,Freight,10953,53015.81
2025-Q1,SKU-1037,Monterrey Supply,Motor Oil,Crude Oil,Freight,10953,52280.86
2025-Q2,SKU-1037,Monterrey Supply,Motor Oil,Crude Oil,Freight,10953,52992.8
2025-Q3,SKU-1037,Monterrey Supply,Motor Oil,Crude Oil,Freight,10953,46899.65
2025-Q4,SKU-1037,Monterrey Supply,Motor Oil,Crude Oil,Freight,10953,42407.83
2023-Q1,SKU-1038,Monterrey Supply,Wipers,Rubber,Freight,12971,22203.76
2023-Q2,SKU-1038,Monterrey Supply,Wipers,Rubber,Freight,12971,23512.53
2023-Q3,SKU-1038,Monterrey Supply,Wipers,Rubber,Freight,12971,23100.05
2023-Q4,SKU-1038,Monterrey Supply,Wipers,Rubber,Freight,12971,23585.17
2024-Q1,SKU-1038,Monterrey Supply,Wipers,Rubber,Freight,12971,24963.99
2024-Q2,SKU-1038,Monterrey Supply,Wipers,Rubber,Freight,12971,26354.48
2024-Q3,SKU-1038,Monterrey Supply,Wipers,Rubber,Freight,12971,28284.56
2024-Q4,SKU-1038,Monterrey Supply,Wipers,Rubber,Freight,12971,28627.0
2025-Q1,SKU-1038,Monterrey Supply,Wipers,Rubber,Freight,12971,28230.08
2025-Q2,SKU-1038,Monterrey Supply,Wipers,Rubber,Freight,12971,28615.32
2025-Q3,SKU-1038,Monterrey Supply,Wipers,Rubber,Freight,12971,25324.58
2025-Q4,SKU-1038,Monterrey Supply,Wipers,Rubber,Freight,12971,22899.0
2023-Q1,SKU-1039,Monterrey Supply,Wipers,Rubber,Freight,7095,10591.42
2023-Q2,SKU-1039,Monterrey Supply,Wipers,Rubber,Freight,7095,11215.78
2023-Q3,SKU-1039,Monterrey Supply,Wipers,Rubber,Freight,7095,11018.54
2023-Q4,SKU-1039,Monterrey Supply,Wipers,Rubber,Freight,7095,11250.54
2024-Q1,SKU-1039,Monterrey Supply,Wipers,Rubber,Freight,7095,11908.25
2024-Q2,SKU-1039,Monterrey Supply,Wipers,Rubber,Freight,7095,12571.63
2024-Q3,SKU-1039,Monterrey Supply,Wipers,Rubber,Freight,7095,13491.85
2024-Q4,SKU-1039,Monterrey Supply,Wipers,Rubber,Freight,7095,13655.75
2025-Q1,SKU-1039,Monterrey Supply,Wipers,Rubber,Freight,7095,13466.31
2025-Q2,SKU-1039,Monterrey Supply,Wipers,Rubber,Freight,7095,13650.07
2025-Q3,SKU-1039,Monterrey Supply,Wipers,Rubber,Freight,7095,12079.95
2025-Q4,SKU-1039,Monterrey Supply,Wipers,Rubber,Freight,7095,10923.46
2023-Q1,SKU-1040,Monterrey Supply,Wipers,Rubber,Freight,7899,21777.54
2023-Q2,SKU-1040,Monterrey Supply,Wipers,Rubber,Freight,7899,23061.92
2023-Q3,SKU-1040,Monterrey Supply,Wipers,Rubber,Freight,7899,22656.7
2023-Q4,SKU-1040,Monterrey Supply,Wipers,Rubber,Freight,7899,23133.01
2024-Q1,SKU-1040,Monterrey Supply,Wipers,Rubber,Freight,7899,24485.32
2024-Q2,SKU-1040,Monterrey Supply,Wipers,Rubber,Freight,7899,25849.48
2024-Q3,SKU-1040,Monterrey Supply,Wipers,Rubber,Freight,7899,27742.08
2024-Q4,SKU-1040,Monterrey Supply,Wipers,Rubber,Freight,7899,28078.58
2025-Q1,SKU-1040,Monterrey Supply,Wipers,Rubber,Freight,7899,27689.15
2025-Q2,SKU-1040,Monterrey Supply,Wipers,Rubber,Freight,7899,28066.73
2025-Q3,SKU-1040,Monterrey Supply,Wipers,Rubber,Freight,7899,24839.2
2025-Q4,SKU-1040,Monterrey Supply,Wipers,Rubber,Freight,7899,22460.81
2023-Q1,SKU-1041,Great Lakes Mfg,Batteries,Lead,Freight,9877,219076.8
2023-Q2,SKU-1041,Great Lakes Mfg,Batteries,Lead,Freight,9877,231993.94
2023-Q3,SKU-1041,Great Lakes Mfg,Batteries,Lead,Freight,9877,227921.65
2023-Q4,SKU-1041,Great Lakes Mfg,Batteries,Lead,Freight,9877,232708.05
2024-Q1,SKU-1041,Great Lakes Mfg,Batteries,Lead,Freight,9877,246311.64
2024-Q2,SKU-1041,Great Lakes Mfg,Batteries,Lead,Freight,9877,260036.72
2024-Q3,SKU-1041,Great Lakes Mfg,Batteries,Lead,Freight,9877,279079.57
2024-Q4,SKU-1041,Great Lakes Mfg,Batteries,Lead,Freight,9877,282462.45
2025-Q1,SKU-1041,Great Lakes Mfg,Batteries,Lead,Freight,9877,278546.22
2025-Q2,SKU-1041,Great Lakes Mfg,Batteries,Lead,Freight,9877,282340.96
2025-Q3,SKU-1041,Great Lakes Mfg,Batteries,Lead,Freight,9877,249875.26
2025-Q4,SKU-1041,Great Lakes Mfg,Batteries,Lead,Freight,9877,225945.26
2023-Q1,SKU-1042,Great Lakes Mfg,Batteries,Lead,Freight,11284,201010.92
2023-Q2,SKU-1042,Great Lakes Mfg,Batteries,Lead,Freight,11284,212862.5
2023-Q3,SKU-1042,Great Lakes Mfg,Batteries,Lead,Freight,11284,209126.37
2023-Q4,SKU-1042,Great Lakes Mfg,Batteries,Lead,Freight,11284,213518.1
2024-Q1,SKU-1042,Great Lakes Mfg,Batteries,Lead,Freight,11284,225999.34
2024-Q2,SKU-1042,Great Lakes Mfg,Batteries,Lead,Freight,11284,238593.41
2024-Q3,SKU-1042,Great Lakes Mfg,Batteries,Lead,Freight,11284,256065.56
2024-Q4,SKU-1042,Great Lakes Mfg,Batteries,Lead,Freight,11284,259169.78
2025-Q1,SKU-1042,Great Lakes Mfg,Batteries,Lead,Freight,11284,255575.83
2025-Q2,SKU-1042,Great Lakes Mfg,Batteries,Lead,Freight,11284,259058.07
2025-Q3,SKU-1042,Great Lakes Mfg,Batteries,Lead,Freight,11284,229269.44
2025-Q4,SKU-1042,Great Lakes Mfg,Batteries,Lead,Freight,11284,207313.03
2023-Q1,SKU-1043,Great Lakes Mfg,Batteries,Lead,Freight,14830,313392.01
2023-Q2,SKU-1043,Great Lakes Mfg,Batteries,Lead,Freight,14830,331868.71
2023-Q3,SKU-1043,Great Lakes Mfg,Batteries,Lead,Freight,14830,326043.48
2023-Q4,SKU-1043,Great Lakes Mfg,Batteries,Lead,Freight,14830,332890.49
2024-Q1,SKU-1043,Great Lakes Mfg,Batteries,Lead,Freight,14830,352351.9
2024-Q2,SKU-1043,Great Lakes Mfg,Batteries,Lead,Freight,14830,371985.34
2024-Q3,SKU-1043,Great Lakes Mfg,Batteries,Lead,Freight,14830,399226.57
2024-Q4,SKU-1043,Great Lakes Mfg,Batteries,Lead,Freight,14830,404065.6
2025-Q1,SKU-1043,Great Lakes Mfg,Batteries,Lead,Freight,14830,398464.3
2025-Q2,SKU-1043,Great Lakes Mfg,Batteries,Lead,Freight,14830,403892.08
2025-Q3,SKU-1043,Great Lakes Mfg,Batteries,Lead,Freight,14830,357448.97
2025-Q4,SKU-1043,Great Lakes Mfg,Batteries,Lead,Freight,14830,323216.88
2023-Q1,SKU-1044,Great Lakes Mfg,Batteries,Lead,Freight,12906,175405.45
2023-Q2,SKU-1044,Great Lakes Mfg,Batteries,Lead,Freight,12906,185747.02
2023-Q3,SKU-1044,Great Lakes Mfg,Batteries,Lead,Freight,12906,182486.97
2023-Q4,SKU-1044,Great Lakes Mfg,Batteries,Lead,Freight,12906,186318.76
2024-Q1,SKU-1044,Great Lakes Mfg,Batteries,Lead,Freight,12906,197211.42
2024-Q2,SKU-1044,Great Lakes Mfg,Batteries,Lead,Freight,12906,208200.88
2024-Q3,SKU-1044,Great Lakes Mfg,Batteries,Lead,Freight,12906,223446.74
2024-Q4,SKU-1044,Great Lakes Mfg,Batteries,Lead,Freight,12906,226155.71
2025-Q1,SKU-1044,Great Lakes Mfg,Batteries,Lead,Freight,12906,223020.84
2025-Q2,SKU-1044,Great Lakes Mfg,Batteries,Lead,Freight,12906,226058.91
2025-Q3,SKU-1044,Great Lakes Mfg,Batteries,Lead,Freight,12906,200064.94
2025-Q4,SKU-1044,Great Lakes Mfg,Batteries,Lead,Freight,12906,180904.69
2023-Q1,SKU-1045,Great Lakes Mfg,Brakes,Steel,Freight,19218,118171.48
2023-Q2,SKU-1045,Great Lakes Mfg,Brakes,Steel,Freight,19218,125139.93
2023-Q3,SKU-1045,Great Lakes Mfg,Brakes,Steel,Freight,19218,122943.31
2023-Q4,SKU-1045,Great Lakes Mfg,Brakes,Steel,Freight,19218,125524.29
2024-Q1,SKU-1045,Great Lakes Mfg,Brakes,Steel,Freight,19218,132861.72
2024-Q2,SKU-1045,Great Lakes Mfg,Brakes,Steel,Freight,19218,140266.42
2024-Q3,SKU-1045,Great Lakes Mfg,Brakes,Steel,Freight,19218,150538.44
2024-Q4,SKU-1045,Great Lakes Mfg,Brakes,Steel,Freight,19218,152362.23
2025-Q1,SKU-1045,Great Lakes Mfg,Brakes,Steel,Freight,19218,150250.17
2025-Q2,SKU-1045,Great Lakes Mfg,Brakes,Steel,Freight,19218,152296.88
2025-Q3,SKU-1045,Great Lakes Mfg,Brakes,Steel,Freight,19218,134785.44
2025-Q4,SKU-1045,Great Lakes Mfg,Brakes,Steel,Freight,19218,121876.71
2023-Q1,SKU-1046,Great Lakes Mfg,Brakes,Steel,Freight,15761,96514.06
2023-Q2,SKU-1046,Great Lakes Mfg,Brakes,Steel,Freight,15761,102203.78
2023-Q3,SKU-1046,Great Lakes Mfg,Brakes,Steel,Freight,15761,100410.18
2023-Q4,SKU-1046,Great Lakes Mfg,Brakes,Steel,Freight,15761,102519.0
2024-Q1,SKU-1046,Great Lakes Mfg,Brakes,Steel,Freight,15761,108512.91
2024-Q2,SKU-1046,Great Lakes Mfg,Brakes,Steel,Freight,15761,114558.83
2024-Q3,SKU-1046,Great Lakes Mfg,Brakes,Steel,Freight,15761,122948.41
2024-Q4,SKU-1046,Great Lakes Mfg,Brakes,Steel,Freight,15761,124437.82
2025-Q1,SKU-1046,Great Lakes Mfg,Brakes,Steel,Freight,15761,122713.57
2025-Q2,SKU-1046,Great Lakes Mfg,Brakes,Steel,Freight,15761,124384.24
2025-Q3,SKU-1046,Great Lakes Mfg,Brakes,Steel,Freight,15761,110082.7
2025-Q4,SKU-1046,Great Lakes Mfg,Brakes,Steel,Freight,15761,99540.17
2023-Q1,SKU-1047,Great Lakes Mfg,Brakes,Steel,Freight,10650,62896.77
2023-Q2,SKU-1047,Great Lakes Mfg,Brakes,Steel,Freight,10650,66605.1
2023-Q3,SKU-1047,Great Lakes Mfg,Brakes,Steel,Freight,10650,65435.73
2023-Q4,SKU-1047,Great Lakes Mfg,Brakes,Steel,Freight,10650,66810.64
2024-Q1,SKU-1047,Great Lakes Mfg,Brakes,Steel,Freight,10650,70716.0
2024-Q2,SKU-1047,Great Lakes Mfg,Brakes,Steel,Freight,10650,74656.5
2024-Q3,SKU-1047,Great Lakes Mfg,Brakes,Steel,Freight,10650,80123.14
2024-Q4,SKU-1047,Great Lakes Mfg,Brakes,Steel,Freight,10650,81094.42
2025-Q1,SKU-1047,Great Lakes Mfg,Brakes,Steel,Freight,10650,79970.85
2025-Q2,SKU-1047,Great Lakes Mfg,Brakes,Steel,Freight,10650,81060.34
2025-Q3,SKU-1047,Great Lakes Mfg,Brakes,Steel,Freight,10650,71739.47
2025-Q4,SKU-1047,Great Lakes Mfg,Brakes,Steel,Freight,10650,64869.15
2023-Q1,SKU-1048,Great Lakes Mfg,Belts & Hoses,Rubber,Freight,13745,43825.93
2023-Q2,SKU-1048,Great Lakes Mfg,Belts & Hoses,Rubber,Freight,13745,46409.99
2023-Q3,SKU-1048,Great Lakes Mfg,Belts & Hoses,Rubber,Freight,13745,45594.91
2023-Q4,SKU-1048,Great Lakes Mfg,Belts & Hoses,Rubber,Freight,13745,46552.94
2024-Q1,SKU-1048,Great Lakes Mfg,Belts & Hoses,Rubber,Freight,13745,49274.45
2024-Q2,SKU-1048,Great Lakes Mfg,Belts & Hoses,Rubber,Freight,13745,52020.7
2024-Q3,SKU-1048,Great Lakes Mfg,Belts & Hoses,Rubber,Freight,13745,55829.44
2024-Q4,SKU-1048,Great Lakes Mfg,Belts & Hoses,Rubber,Freight,13745,56507.07
2025-Q1,SKU-1048,Great Lakes Mfg,Belts & Hoses,Rubber,Freight,13745,55723.6
2025-Q2,SKU-1048,Great Lakes Mfg,Belts & Hoses,Rubber,Freight,13745,56482.33
2025-Q3,SKU-1048,Great Lakes Mfg,Belts & Hoses,Rubber,Freight,13745,49987.82
2025-Q4,SKU-1048,Great Lakes Mfg,Belts & Hoses,Rubber,Freight,13745,45200.43
2023-Q1,SKU-1049,Great Lakes Mfg,Belts & Hoses,Rubber,Freight,10096,19810.37
2023-Q2,SKU-1049,Great Lakes Mfg,Belts & Hoses,Rubber,Freight,10096,20978.48
2023-Q3,SKU-1049,Great Lakes Mfg,Belts & Hoses,Rubber,Freight,10096,20610.98
2023-Q4,SKU-1049,Great Lakes Mfg,Belts & Hoses,Rubber,Freight,10096,21043.09
2024-Q1,SKU-1049,Great Lakes Mfg,Belts & Hoses,Rubber,Freight,10096,22273.8
2024-Q2,SKU-1049,Great Lakes Mfg,Belts & Hoses,Rubber,Freight,10096,23514.59
2024-Q3,SKU-1049,Great Lakes Mfg,Belts & Hoses,Rubber,Freight,10096,25236.97
2024-Q4,SKU-1049,Great Lakes Mfg,Belts & Hoses,Rubber,Freight,10096,25542.88
2025-Q1,SKU-1049,Great Lakes Mfg,Belts & Hoses,Rubber,Freight,10096,25188.51
2025-Q2,SKU-1049,Great Lakes Mfg,Belts & Hoses,Rubber,Freight,10096,25531.77
2025-Q3,SKU-1049,Great Lakes Mfg,Belts & Hoses,Rubber,Freight,10096,22595.86
2025-Q4,SKU-1049,Great Lakes Mfg,Belts & Hoses,Rubber,Freight,10096,20432.28
2023-Q1,SKU-1050,Pacific Components,Filters,Paper,Freight,2210,4306.18
2023-Q2,SKU-1050,Pacific Components,Filters,Paper,Freight,2210,4559.89
2023-Q3,SKU-1050,Pacific Components,Filters,Paper,Freight,2210,4479.89
2023-Q4,SKU-1050,Pacific Components,Filters,Paper,Freight,2210,4574.04
2024-Q1,SKU-1050,Pacific Components,Filters,Paper,Freight,2210,4841.45
2024-Q2,SKU-1050,Pacific Components,Filters,Paper,Freight,2210,5111.07
2024-Q3,SKU-1050,Pacific Components,Filters,Paper,Freight,2210,5485.44
2024-Q4,SKU-1050,Pacific Components,Filters,Paper,Freight,2210,5551.96
2025-Q1,SKU-1050,Pacific Components,Filters,Paper,Freight,2210,5475.05
2025-Q2,SKU-1050,Pacific Components,Filters,Paper,Freight,2210,5549.53
2025-Q3,SKU-1050,Pacific Components,Filters,Paper,Freight,2210,4911.5
2025-Q4,SKU-1050,Pacific Components,Filters,Paper,Freight,2210,4441.0
2023-Q1,SKU-1051,Pacific Components,Filters,Paper,Freight,14895,17497.16
2023-Q2,SKU-1051,Pacific Components,Filters,Paper,Freight,14895,18527.89
2023-Q3,SKU-1051,Pacific Components,Filters,Paper,Freight,14895,18203.18
2023-Q4,SKU-1051,Pacific Components,Filters,Paper,Freight,14895,18585.98
2024-Q1,SKU-1051,Pacific Components,Filters,Paper,Freight,14895,19671.83
2024-Q2,SKU-1051,Pacific Components,Filters,Paper,Freight,14895,20768.1
2024-Q3,SKU-1051,Pacific Components,Filters,Paper,Freight,14895,22288.88
2024-Q4,SKU-1051,Pacific Components,Filters,Paper,Freight,14895,22558.48
2025-Q1,SKU-1051,Pacific Components,Filters,Paper,Freight,14895,22245.68
2025-Q2,SKU-1051,Pacific Components,Filters,Paper,Freight,14895,22549.54
2025-Q3,SKU-1051,Pacific Components,Filters,Paper,Freight,14895,19956.32
2025-Q4,SKU-1051,Pacific Components,Filters,Paper,Freight,14895,18045.29
2023-Q1,SKU-1052,Pacific Components,Wipers,Rubber,Freight,6603,15575.82
2023-Q2,SKU-1052,Pacific Components,Wipers,Rubber,Freight,6603,16494.29
2023-Q3,SKU-1052,Pacific Components,Wipers,Rubber,Freight,6603,16204.42
2023-Q4,SKU-1052,Pacific Components,Wipers,Rubber,Freight,6603,16545.14
2024-Q1,SKU-1052,Pacific Components,Wipers,Rubber,Freight,6603,17511.82
2024-Q2,SKU-1052,Pacific Components,Wipers,Rubber,Freight,6603,18487.74
2024-Q3,SKU-1052,Pacific Components,Wipers,Rubber,Freight,6603,19842.02
2024-Q4,SKU-1052,Pacific Components,Wipers,Rubber,Freight,6603,20082.36
2025-Q1,SKU-1052,Pacific Components,Wipers,Rubber,Freight,6603,19803.72
2025-Q2,SKU-1052,Pacific Components,Wipers,Rubber,Freight,6603,20073.78
2025-Q3,SKU-1052,Pacific Components,Wipers,Rubber,Freight,6603,17765.37
2025-Q4,SKU-1052,Pacific Components,Wipers,Rubber,Freight,6603,16063.78
2023-Q1,SKU-1053,Pacific Components,Wipers,Rubber,Freight,9039,17202.12
2023-Q2,SKU-1053,Pacific Components,Wipers,Rubber,Freight,9039,18216.3
2023-Q3,SKU-1053,Pacific Components,Wipers,Rubber,Freight,9039,17897.22
2023-Q4,SKU-1053,Pacific Components,Wipers,Rubber,Freight,9039,18272.34
2024-Q1,SKU-1053,Pacific Components,Wipers,Rubber,Freight,9039,19340.75
2024-Q2,SKU-1053,Pacific Components,Wipers,Rubber,Freight,9039,20419.1
2024-Q3,SKU-1053,Pacific Components,Wipers,Rubber,Freight,9039,21914.15
2024-Q4,SKU-1053,Pacific Components,Wipers,Rubber,Freight,9039,22179.9
2025-Q1,SKU-1053,Pacific Components,Wipers,Rubber,Freight,9039,21872.57
2025-Q2,SKU-1053,Pacific Components,Wipers,Rubber,Freight,9039,22169.96
2025-Q3,SKU-1053,Pacific Components,Wipers,Rubber,Freight,9039,19620.96
2025-Q4,SKU-1053,Pacific Components,Wipers,Rubber,Freight,9039,17741.75
2023-Q1,SKU-1054,Pacific Components,Wipers,Rubber,Freight,12447,36278.03
2023-Q2,SKU-1054,Pacific Components,Wipers,Rubber,Freight,12447,38416.42
2023-Q3,SKU-1054,Pacific Components,Wipers,Rubber,Freight,12447,37743.04
2023-Q4,SKU-1054,Pacific Components,Wipers,Rubber,Freight,12447,38534.67
2024-Q1,SKU-1054,Pacific Components,Wipers,Rubber,Freight,12447,40787.57
2024-Q2,SKU-1054,Pacific Components,Wipers,Rubber,Freight,12447,43060.4
2024-Q3,SKU-1054,Pacific Components,Wipers,Rubber,Freight,12447,46214.47
2024-Q4,SKU-1054,Pacific Components,Wipers,Rubber,Freight,12447,46774.58
2025-Q1,SKU-1054,Pacific Components,Wipers,Rubber,Freight,12447,46126.09
2025-Q2,SKU-1054,Pacific Components,Wipers,Rubber,Freight,12447,46753.42
2025-Q3,SKU-1054,Pacific Components,Wipers,Rubber,Freight,12447,41377.56
2025-Q4,SKU-1054,Pacific Components,Wipers,Rubber,Freight,12447,37415.68
2023-Q1,SKU-1055,Pacific Components,Wipers,Rubber,Freight,14496,41493.35
2023-Q2,SKU-1055,Pacific Components,Wipers,Rubber,Freight,14496,43938.83
2023-Q3,SKU-1055,Pacific Components,Wipers,Rubber,Freight,14496,43167.64
2023-Q4,SKU-1055,Pacific Components,Wipers,Rubber,Freight,14496,44075.09
2024-Q1,SKU-1055,Pacific Components,Wipers,Rubber,Freight,14496,46651.03
2024-Q2,SKU-1055,Pacific Components,Wipers,Rubber,Freight,14496,49251.61
2024-Q3,SKU-1055,Pacific Components,Wipers,Rubber,Freight,14496,52858.21
2024-Q4,SKU-1055,Pacific Components,Wipers,Rubber,Freight,14496,53498.94
2025-Q1,SKU-1055,Pacific Components,Wipers,Rubber,Freight,14496,52756.74
2025-Q2,SKU-1055,Pacific Components,Wipers,Rubber,Freight,14496,53475.74
2025-Q3,SKU-1055,Pacific Components,Wipers,Rubber,Freight,14496,47326.54
2025-Q4,SKU-1055,Pacific Components,Wipers,Rubber,Freight,14496,42793.64
2023-Q1,SKU-1056,Pacific Components,Spark Plugs,Copper,Freight,2877,1813.66
2023-Q2,SKU-1056,Pacific Components,Spark Plugs,Copper,Freight,2877,1920.4
2023-Q3,SKU-1056,Pacific Components,Spark Plugs,Copper,Freight,2877,1886.74
2023-Q4,SKU-1056,Pacific Components,Spark Plugs,Copper,Freight,2877,1926.44
2024-Q1,SKU-1056,Pacific Components,Spark Plugs,Copper,Freight,2877,2038.93
2024-Q2,SKU-1056,Pacific Components,Spark Plugs,Copper,Freight,2877,2152.57
2024-Q3,SKU-1056,Pacific Components,Spark Plugs,Copper,Freight,2877,2310.23
2024-Q4,SKU-1056,Pacific Components,Spark Plugs,Copper,Freight,2877,2338.14
2025-Q1,SKU-1056,Pacific Components,Spark Plugs,Copper,Freight,2877,2305.92
2025-Q2,SKU-1056,Pacific Components,Spark Plugs,Copper,Freight,2877,2337.27
2025-Q3,SKU-1056,Pacific Components,Spark Plugs,Copper,Freight,2877,2068.56
2025-Q4,SKU-1056,Pacific Components,Spark Plugs,Copper,Freight,2877,1870.34
2023-Q1,SKU-1057,Pacific Components,Spark Plugs,Copper,Freight,8910,9248.58
2023-Q2,SKU-1057,Pacific Components,Spark Plugs,Copper,Freight,8910,9793.87
2023-Q3,SKU-1057,Pacific Components,Spark Plugs,Copper,Freight,8910,9621.91
2023-Q4,SKU-1057,Pacific Components,Spark Plugs,Copper,Freight,8910,9824.17
2024-Q1,SKU-1057,Pacific Components,Spark Plugs,Copper,Freight,8910,10398.86
2024-Q2,SKU-1057,Pacific Components,Spark Plugs,Copper,Freight,8910,10978.01
2024-Q3,SKU-1057,Pacific Components,Spark Plugs,Copper,Freight,8910,11781.69
2024-Q4,SKU-1057,Pacific Components,Spark Plugs,Copper,Freight,8910,11924.25
2025-Q1,SKU-1057,Pacific Components,Spark Plugs,Copper,Freight,8910,11759.42
2025-Q2,SKU-1057,Pacific Components,Spark Plugs,Copper,Freight,8910,11919.8
2025-Q3,SKU-1057,Pacific Components,Spark Plugs,Copper,Freight,8910,10548.55
2025-Q4,SKU-1057,Pacific Components,Spark Plugs,Copper,Freight,8910,9539.05
2023-Q1,SKU-1058,Pacific Components,Spark Plugs,Copper,Freight,6387,5067.45
2023-Q2,SKU-1058,Pacific Components,Spark Plugs,Copper,Freight,6387,5366.36
2023-Q3,SKU-1058,Pacific Components,Spark Plugs,Copper,Freight,6387,5271.83
2023-Q4,SKU-1058,Pacific Components,Spark Plugs,Copper,Freight,6387,5382.32
2024-Q1,SKU-1058,Pacific Components,Spark Plugs,Copper,Freight,6387,5697.2
2024-Q2,SKU-1058,Pacific Components,Spark Plugs,Copper,Freight,6387,6014.64
2024-Q3,SKU-1058,Pacific Components,Spark Plugs,Copper,Freight,6387,6455.34
2024-Q4,SKU-1058,Pacific Components,Spark Plugs,Copper,Freight,6387,6533.26
2025-Q1,SKU-1058,Pacific Components,Spark Plugs,Copper,Freight,6387,6442.57
2025-Q2,SKU-1058,Pacific Components,Spark Plugs,Copper,Freight,6387,6530.71
2025-Q3,SKU-1058,Pacific Components,Spark Plugs,Copper,Freight,6387,5779.6
2025-Q4,SKU-1058,Pacific Components,Spark Plugs,Copper,Freight,6387,5225.84
2023-Q1,SKU-1059,Pacific Components,Motor Oil,Crude Oil,Freight,17644,43624.79
2023-Q2,SKU-1059,Pacific Components,Motor Oil,Crude Oil,Freight,17644,46197.29
2023-Q3,SKU-1059,Pacific Components,Motor Oil,Crude Oil,Freight,17644,45387.43
2023-Q4,SKU-1059,Pacific Components,Motor Oil,Crude Oil,Freight,17644,46340.2
2024-Q1,SKU-1059,Pacific Components,Motor Oil,Crude Oil,Freight,17644,49048.56
2024-Q2,SKU-1059,Pacific Components,Motor Oil,Crude Oil,Freight,17644,51781.61
2024-Q3,SKU-1059,Pacific Components,Motor Oil,Crude Oil,Freight,17644,55573.31
2024-Q4,SKU-1059,Pacific Components,Motor Oil,Crude Oil,Freight,17644,56247.31
2025-Q1,SKU-1059,Pacific Components,Motor Oil,Crude Oil,Freight,17644,55467.44
2025-Q2,SKU-1059,Pacific Components,Motor Oil,Crude Oil,Freight,17644,56224.37
2025-Q3,SKU-1059,Pacific Components,Motor Oil,Crude Oil,Freight,17644,49757.84
2025-Q4,SKU-1059,Pacific Components,Motor Oil,Crude Oil,Freight,17644,44993.96
2023-Q1,SKU-1060,Pacific Components,Motor Oil,Crude Oil,Freight,3162,16801.92
2023-Q2,SKU-1060,Pacific Components,Motor Oil,Crude Oil,Freight,3162,17792.57
2023-Q3,SKU-1060,Pacific Components,Motor Oil,Crude Oil,Freight,3162,17480.17
2023-Q4,SKU-1060,Pacific Components,Motor Oil,Crude Oil,Freight,3162,17847.28
2024-Q1,SKU-1060,Pacific Components,Motor Oil,Crude Oil,Freight,3162,18890.74
2024-Q2,SKU-1060,Pacific Components,Motor Oil,Crude Oil,Freight,3162,19943.37
2024-Q3,SKU-1060,Pacific Components,Motor Oil,Crude Oil,Freight,3162,21403.89
2024-Q4,SKU-1060,Pacific Components,Motor Oil,Crude Oil,Freight,3162,21663.18
2025-Q1,SKU-1060,Pacific Components,Motor Oil,Crude Oil,Freight,3162,21363.1
2025-Q2,SKU-1060,Pacific Components,Motor Oil,Crude Oil,Freight,3162,21654.01
2025-Q3,SKU-1060,Pacific Components,Motor Oil,Crude Oil,Freight,3162,19163.93
2025-Q4,SKU-1060,Pacific Components,Motor Oil,Crude Oil,Freight,3162,17328.71
2023-Q1,SKU-1061,Pacific Components,Motor Oil,Crude Oil,Freight,1065,4426.57
2023-Q2,SKU-1061,Pacific Components,Motor Oil,Crude Oil,Freight,1065,4687.49
2023-Q3,SKU-1061,Pacific Components,Motor Oil,Crude Oil,Freight,1065,4605.27
2023-Q4,SKU-1061,Pacific Components,Motor Oil,Crude Oil,Freight,1065,4701.98
2024-Q1,SKU-1061,Pacific Components,Motor Oil,Crude Oil,Freight,1065,4976.85
2024-Q2,SKU-1061,Pacific Components,Motor Oil,Crude Oil,Freight,1065,5254.18
2024-Q3,SKU-1061,Pacific Components,Motor Oil,Crude Oil,Freight,1065,5638.86
2024-Q4,SKU-1061,Pacific Components,Motor Oil,Crude Oil,Freight,1065,5707.23
2025-Q1,SKU-1061,Pacific Components,Motor Oil,Crude Oil,Freight,1065,5628.1
2025-Q2,SKU-1061,Pacific Components,Motor Oil,Crude Oil,Freight,1065,5704.78
2025-Q3,SKU-1061,Pacific Components,Motor Oil,Crude Oil,Freight,1065,5048.85
2025-Q4,SKU-1061,Pacific Components,Motor Oil,Crude Oil,Freight,1065,4565.34
2023-Q1,SKU-1062,Pacific Components,Motor Oil,Crude Oil,Freight,6133,17248.45
2023-Q2,SKU-1062,Pacific Components,Motor Oil,Crude Oil,Freight,6133,18265.3
2023-Q3,SKU-1062,Pacific Components,Motor Oil,Crude Oil,Freight,6133,17945.16
2023-Q4,SKU-1062,Pacific Components,Motor Oil,Crude Oil,Freight,6133,18321.72
2024-Q1,SKU-1062,Pacific Components,Motor Oil,Crude Oil,Freight,6133,19392.55
2024-Q2,SKU-1062,Pacific Components,Motor Oil,Crude Oil,Freight,6133,20473.18
2024-Q3,SKU-1062,Pacific Components,Motor Oil,Crude Oil,Freight,6133,21972.7
2024-Q4,SKU-1062,Pacific Components,Motor Oil,Crude Oil,Freight,6133,22238.87
2025-Q1,SKU-1062,Pacific Components,Motor Oil,Crude Oil,Freight,6133,21930.99
2025-Q2,SKU-1062,Pacific Components,Motor Oil,Crude Oil,Freight,6133,22229.67
2025-Q3,SKU-1062,Pacific Components,Motor Oil,Crude Oil,Freight,6133,19673.44
2025-Q4,SKU-1062,Pacific Components,Motor Oil,Crude Oil,Freight,6133,17789.38
2023-Q1,SKU-1001,Ironclad Auto,Brakes,Steel,Currency (FX),3454,0.0
2023-Q2,SKU-1001,Ironclad Auto,Brakes,Steel,Currency (FX),3454,0.0
2023-Q3,SKU-1001,Ironclad Auto,Brakes,Steel,Currency (FX),3454,0.0
2023-Q4,SKU-1001,Ironclad Auto,Brakes,Steel,Currency (FX),3454,0.0
2024-Q1,SKU-1001,Ironclad Auto,Brakes,Steel,Currency (FX),3454,0.0
2024-Q2,SKU-1001,Ironclad Auto,Brakes,Steel,Currency (FX),3454,0.0
2024-Q3,SKU-1001,Ironclad Auto,Brakes,Steel,Currency (FX),3454,0.0
2024-Q4,SKU-1001,Ironclad Auto,Brakes,Steel,Currency (FX),3454,0.0
2025-Q1,SKU-1001,Ironclad Auto,Brakes,Steel,Currency (FX),3454,0.0
2025-Q2,SKU-1001,Ironclad Auto,Brakes,Steel,Currency (FX),3454,0.0
2025-Q3,SKU-1001,Ironclad Auto,Brakes,Steel,Currency (FX),3454,0.0
2025-Q4,SKU-1001,Ironclad Auto,Brakes,Steel,Currency (FX),3454,0.0
2023-Q1,SKU-1002,Ironclad Auto,Brakes,Steel,Currency (FX),2113,0.0
2023-Q2,SKU-1002,Ironclad Auto,Brakes,Steel,Currency (FX),2113,0.0
2023-Q3,SKU-1002,Ironclad Auto,Brakes,Steel,Currency (FX),2113,0.0
2023-Q4,SKU-1002,Ironclad Auto,Brakes,Steel,Currency (FX),2113,0.0
2024-Q1,SKU-1002,Ironclad Auto,Brakes,Steel,Currency (FX),2113,0.0
2024-Q2,SKU-1002,Ironclad Auto,Brakes,Steel,Currency (FX),2113,0.0
2024-Q3,SKU-1002,Ironclad Auto,Brakes,Steel,Currency (FX),2113,0.0
2024-Q4,SKU-1002,Ironclad Auto,Brakes,Steel,Currency (FX),2113,0.0
2025-Q1,SKU-1002,Ironclad Auto,Brakes,Steel,Currency (FX),2113,0.0
2025-Q2,SKU-1002,Ironclad Auto,Brakes,Steel,Currency (FX),2113,0.0
2025-Q3,SKU-1002,Ironclad Auto,Brakes,Steel,Currency (FX),2113,0.0
2025-Q4,SKU-1002,Ironclad Auto,Brakes,Steel,Currency (FX),2113,0.0
2023-Q1,SKU-1003,Ironclad Auto,Brakes,Steel,Currency (FX),16248,0.0
2023-Q2,SKU-1003,Ironclad Auto,Brakes,Steel,Currency (FX),16248,0.0
2023-Q3,SKU-1003,Ironclad Auto,Brakes,Steel,Currency (FX),16248,0.0
2023-Q4,SKU-1003,Ironclad Auto,Brakes,Steel,Currency (FX),16248,0.0
2024-Q1,SKU-1003,Ironclad Auto,Brakes,Steel,Currency (FX),16248,0.0
2024-Q2,SKU-1003,Ironclad Auto,Brakes,Steel,Currency (FX),16248,0.0
2024-Q3,SKU-1003,Ironclad Auto,Brakes,Steel,Currency (FX),16248,0.0
2024-Q4,SKU-1003,Ironclad Auto,Brakes,Steel,Currency (FX),16248,0.0
2025-Q1,SKU-1003,Ironclad Auto,Brakes,Steel,Currency (FX),16248,0.0
2025-Q2,SKU-1003,Ironclad Auto,Brakes,Steel,Currency (FX),16248,0.0
2025-Q3,SKU-1003,Ironclad Auto,Brakes,Steel,Currency (FX),16248,0.0
2025-Q4,SKU-1003,Ironclad Auto,Brakes,Steel,Currency (FX),16248,0.0
2023-Q1,SKU-1004,Ironclad Auto,Radiators,Aluminum,Currency (FX),7591,0.0
2023-Q2,SKU-1004,Ironclad Auto,Radiators,Aluminum,Currency (FX),7591,0.0
2023-Q3,SKU-1004,Ironclad Auto,Radiators,Aluminum,Currency (FX),7591,0.0
2023-Q4,SKU-1004,Ironclad Auto,Radiators,Aluminum,Currency (FX),7591,0.0
2024-Q1,SKU-1004,Ironclad Auto,Radiators,Aluminum,Currency (FX),7591,0.0
2024-Q2,SKU-1004,Ironclad Auto,Radiators,Aluminum,Currency (FX),7591,0.0
2024-Q3,SKU-1004,Ironclad Auto,Radiators,Aluminum,Currency (FX),7591,0.0
2024-Q4,SKU-1004,Ironclad Auto,Radiators,Aluminum,Currency (FX),7591,0.0
2025-Q1,SKU-1004,Ironclad Auto,Radiators,Aluminum,Currency (FX),7591,0.0
2025-Q2,SKU-1004,Ironclad Auto,Radiators,Aluminum,Currency (FX),7591,0.0
2025-Q3,SKU-1004,Ironclad Auto,Radiators,Aluminum,Currency (FX),7591,0.0
2025-Q4,SKU-1004,Ironclad Auto,Radiators,Aluminum,Currency (FX),7591,0.0
2023-Q1,SKU-1005,Ironclad Auto,Radiators,Aluminum,Currency (FX),11303,0.0
2023-Q2,SKU-1005,Ironclad Auto,Radiators,Aluminum,Currency (FX),11303,0.0
2023-Q3,SKU-1005,Ironclad Auto,Radiators,Aluminum,Currency (FX),11303,0.0
2023-Q4,SKU-1005,Ironclad Auto,Radiators,Aluminum,Currency (FX),11303,0.0
2024-Q1,SKU-1005,Ironclad Auto,Radiators,Aluminum,Currency (FX),11303,0.0
2024-Q2,SKU-1005,Ironclad Auto,Radiators,Aluminum,Currency (FX),11303,0.0
2024-Q3,SKU-1005,Ironclad Auto,Radiators,Aluminum,Currency (FX),11303,0.0
2024-Q4,SKU-1005,Ironclad Auto,Radiators,Aluminum,Currency (FX),11303,0.0
2025-Q1,SKU-1005,Ironclad Auto,Radiators,Aluminum,Currency (FX),11303,0.0
2025-Q2,SKU-1005,Ironclad Auto,Radiators,Aluminum,Currency (FX),11303,0.0
2025-Q3,SKU-1005,Ironclad Auto,Radiators,Aluminum,Currency (FX),11303,0.0
2025-Q4,SKU-1005,Ironclad Auto,Radiators,Aluminum,Currency (FX),11303,0.0
2023-Q1,SKU-1006,Ironclad Auto,Radiators,Aluminum,Currency (FX),18805,0.0
2023-Q2,SKU-1006,Ironclad Auto,Radiators,Aluminum,Currency (FX),18805,0.0
2023-Q3,SKU-1006,Ironclad Auto,Radiators,Aluminum,Currency (FX),18805,0.0
2023-Q4,SKU-1006,Ironclad Auto,Radiators,Aluminum,Currency (FX),18805,0.0
2024-Q1,SKU-1006,Ironclad Auto,Radiators,Aluminum,Currency (FX),18805,0.0
2024-Q2,SKU-1006,Ironclad Auto,Radiators,Aluminum,Currency (FX),18805,0.0
2024-Q3,SKU-1006,Ironclad Auto,Radiators,Aluminum,Currency (FX),18805,0.0
2024-Q4,SKU-1006,Ironclad Auto,Radiators,Aluminum,Currency (FX),18805,0.0
2025-Q1,SKU-1006,Ironclad Auto,Radiators,Aluminum,Currency (FX),18805,0.0
2025-Q2,SKU-1006,Ironclad Auto,Radiators,Aluminum,Currency (FX),18805,0.0
2025-Q3,SKU-1006,Ironclad Auto,Radiators,Aluminum,Currency (FX),18805,0.0
2025-Q4,SKU-1006,Ironclad Auto,Radiators,Aluminum,Currency (FX),18805,0.0
2023-Q1,SKU-1007,Ironclad Auto,Radiators,Aluminum,Currency (FX),4989,0.0
2023-Q2,SKU-1007,Ironclad Auto,Radiators,Aluminum,Currency (FX),4989,0.0
2023-Q3,SKU-1007,Ironclad Auto,Radiators,Aluminum,Currency (FX),4989,0.0
2023-Q4,SKU-1007,Ironclad Auto,Radiators,Aluminum,Currency (FX),4989,0.0
2024-Q1,SKU-1007,Ironclad Auto,Radiators,Aluminum,Currency (FX),4989,0.0
2024-Q2,SKU-1007,Ironclad Auto,Radiators,Aluminum,Currency (FX),4989,0.0
2024-Q3,SKU-1007,Ironclad Auto,Radiators,Aluminum,Currency (FX),4989,0.0
2024-Q4,SKU-1007,Ironclad Auto,Radiators,Aluminum,Currency (FX),4989,0.0
2025-Q1,SKU-1007,Ironclad Auto,Radiators,Aluminum,Currency (FX),4989,0.0
2025-Q2,SKU-1007,Ironclad Auto,Radiators,Aluminum,Currency (FX),4989,0.0
2025-Q3,SKU-1007,Ironclad Auto,Radiators,Aluminum,Currency (FX),4989,0.0
2025-Q4,SKU-1007,Ironclad Auto,Radiators,Aluminum,Currency (FX),4989,0.0
2023-Q1,SKU-1008,Ironclad Auto,Spark Plugs,Copper,Currency (FX),16260,0.0
2023-Q2,SKU-1008,Ironclad Auto,Spark Plugs,Copper,Currency (FX),16260,0.0
2023-Q3,SKU-1008,Ironclad Auto,Spark Plugs,Copper,Currency (FX),16260,0.0
2023-Q4,SKU-1008,Ironclad Auto,Spark Plugs,Copper,Currency (FX),16260,0.0
2024-Q1,SKU-1008,Ironclad Auto,Spark Plugs,Copper,Currency (FX),16260,0.0
2024-Q2,SKU-1008,Ironclad Auto,Spark Plugs,Copper,Currency (FX),16260,0.0
2024-Q3,SKU-1008,Ironclad Auto,Spark Plugs,Copper,Currency (FX),16260,0.0
2024-Q4,SKU-1008,Ironclad Auto,Spark Plugs,Copper,Currency (FX),16260,0.0
2025-Q1,SKU-1008,Ironclad Auto,Spark Plugs,Copper,Currency (FX),16260,0.0
2025-Q2,SKU-1008,Ironclad Auto,Spark Plugs,Copper,Currency (FX),16260,0.0
2025-Q3,SKU-1008,Ironclad Auto,Spark Plugs,Copper,Currency (FX),16260,0.0
2025-Q4,SKU-1008,Ironclad Auto,Spark Plugs,Copper,Currency (FX),16260,0.0
2023-Q1,SKU-1009,Ironclad Auto,Spark Plugs,Copper,Currency (FX),19831,0.0
2023-Q2,SKU-1009,Ironclad Auto,Spark Plugs,Copper,Currency (FX),19831,0.0
2023-Q3,SKU-1009,Ironclad Auto,Spark Plugs,Copper,Currency (FX),19831,0.0
2023-Q4,SKU-1009,Ironclad Auto,Spark Plugs,Copper,Currency (FX),19831,0.0
2024-Q1,SKU-1009,Ironclad Auto,Spark Plugs,Copper,Currency (FX),19831,0.0
2024-Q2,SKU-1009,Ironclad Auto,Spark Plugs,Copper,Currency (FX),19831,0.0
2024-Q3,SKU-1009,Ironclad Auto,Spark Plugs,Copper,Currency (FX),19831,0.0
2024-Q4,SKU-1009,Ironclad Auto,Spark Plugs,Copper,Currency (FX),19831,0.0
2025-Q1,SKU-1009,Ironclad Auto,Spark Plugs,Copper,Currency (FX),19831,0.0
2025-Q2,SKU-1009,Ironclad Auto,Spark Plugs,Copper,Currency (FX),19831,0.0
2025-Q3,SKU-1009,Ironclad Auto,Spark Plugs,Copper,Currency (FX),19831,0.0
2025-Q4,SKU-1009,Ironclad Auto,Spark Plugs,Copper,Currency (FX),19831,0.0
2023-Q1,SKU-1010,Ironclad Auto,Spark Plugs,Copper,Currency (FX),8984,0.0
2023-Q2,SKU-1010,Ironclad Auto,Spark Plugs,Copper,Currency (FX),8984,0.0
2023-Q3,SKU-1010,Ironclad Auto,Spark Plugs,Copper,Currency (FX),8984,0.0
2023-Q4,SKU-1010,Ironclad Auto,Spark Plugs,Copper,Currency (FX),8984,0.0
2024-Q1,SKU-1010,Ironclad Auto,Spark Plugs,Copper,Currency (FX),8984,0.0
2024-Q2,SKU-1010,Ironclad Auto,Spark Plugs,Copper,Currency (FX),8984,0.0
2024-Q3,SKU-1010,Ironclad Auto,Spark Plugs,Copper,Currency (FX),8984,0.0
2024-Q4,SKU-1010,Ironclad Auto,Spark Plugs,Copper,Currency (FX),8984,0.0
2025-Q1,SKU-1010,Ironclad Auto,Spark Plugs,Copper,Currency (FX),8984,0.0
2025-Q2,SKU-1010,Ironclad Auto,Spark Plugs,Copper,Currency (FX),8984,0.0
2025-Q3,SKU-1010,Ironclad Auto,Spark Plugs,Copper,Currency (FX),8984,0.0
2025-Q4,SKU-1010,Ironclad Auto,Spark Plugs,Copper,Currency (FX),8984,0.0
2023-Q1,SKU-1011,Ironclad Auto,Spark Plugs,Copper,Currency (FX),2761,0.0
2023-Q2,SKU-1011,Ironclad Auto,Spark Plugs,Copper,Currency (FX),2761,0.0
2023-Q3,SKU-1011,Ironclad Auto,Spark Plugs,Copper,Currency (FX),2761,0.0
2023-Q4,SKU-1011,Ironclad Auto,Spark Plugs,Copper,Currency (FX),2761,0.0
2024-Q1,SKU-1011,Ironclad Auto,Spark Plugs,Copper,Currency (FX),2761,0.0
2024-Q2,SKU-1011,Ironclad Auto,Spark Plugs,Copper,Currency (FX),2761,0.0
2024-Q3,SKU-1011,Ironclad Auto,Spark Plugs,Copper,Currency (FX),2761,0.0
2024-Q4,SKU-1011,Ironclad Auto,Spark Plugs,Copper,Currency (FX),2761,0.0
2025-Q1,SKU-1011,Ironclad Auto,Spark Plugs,Copper,Currency (FX),2761,0.0
2025-Q2,SKU-1011,Ironclad Auto,Spark Plugs,Copper,Currency (FX),2761,0.0
2025-Q3,SKU-1011,Ironclad Auto,Spark Plugs,Copper,Currency (FX),2761,0.0
2025-Q4,SKU-1011,Ironclad Auto,Spark Plugs,Copper,Currency (FX),2761,0.0
2023-Q1,SKU-1012,Zhongli Parts,Filters,Paper,Currency (FX),17782,0.0
2023-Q2,SKU-1012,Zhongli Parts,Filters,Paper,Currency (FX),17782,-4319.25
2023-Q3,SKU-1012,Zhongli Parts,Filters,Paper,Currency (FX),17782,-1282.08
2023-Q4,SKU-1012,Zhongli Parts,Filters,Paper,Currency (FX),17782,1266.08
2024-Q1,SKU-1012,Zhongli Parts,Filters,Paper,Currency (FX),17782,864.21
2024-Q2,SKU-1012,Zhongli Parts,Filters,Paper,Currency (FX),17782,-2763.32
2024-Q3,SKU-1012,Zhongli Parts,Filters,Paper,Currency (FX),17782,-777.07
2024-Q4,SKU-1012,Zhongli Parts,Filters,Paper,Currency (FX),17782,-970.9
2025-Q1,SKU-1012,Zhongli Parts,Filters,Paper,Currency (FX),17782,1831.55
2025-Q2,SKU-1012,Zhongli Parts,Filters,Paper,Currency (FX),17782,3805.35
2025-Q3,SKU-1012,Zhongli Parts,Filters,Paper,Currency (FX),17782,12443.84
2025-Q4,SKU-1012,Zhongli Parts,Filters,Paper,Currency (FX),17782,13969.54
2023-Q1,SKU-1013,Zhongli Parts,Filters,Paper,Currency (FX),18767,0.0
2023-Q2,SKU-1013,Zhongli Parts,Filters,Paper,Currency (FX),18767,-3991.74
2023-Q3,SKU-1013,Zhongli Parts,Filters,Paper,Currency (FX),18767,-1187.95
2023-Q4,SKU-1013,Zhongli Parts,Filters,Paper,Currency (FX),18767,1157.92
2024-Q1,SKU-1013,Zhongli Parts,Filters,Paper,Currency (FX),18767,790.09
2024-Q2,SKU-1013,Zhongli Parts,Filters,Paper,Currency (FX),18767,-2518.53
2024-Q3,SKU-1013,Zhongli Parts,Filters,Paper,Currency (FX),18767,-703.76
2024-Q4,SKU-1013,Zhongli Parts,Filters,Paper,Currency (FX),18767,-880.17
2025-Q1,SKU-1013,Zhongli Parts,Filters,Paper,Currency (FX),18767,1666.51
2025-Q2,SKU-1013,Zhongli Parts,Filters,Paper,Currency (FX),18767,3458.76
2025-Q3,SKU-1013,Zhongli Parts,Filters,Paper,Currency (FX),18767,11312.75
2025-Q4,SKU-1013,Zhongli Parts,Filters,Paper,Currency (FX),18767,12667.72
2023-Q1,SKU-1014,Zhongli Parts,Filters,Paper,Currency (FX),7660,0.0
2023-Q2,SKU-1014,Zhongli Parts,Filters,Paper,Currency (FX),7660,-1737.29
2023-Q3,SKU-1014,Zhongli Parts,Filters,Paper,Currency (FX),7660,-513.99
2023-Q4,SKU-1014,Zhongli Parts,Filters,Paper,Currency (FX),7660,504.79
2024-Q1,SKU-1014,Zhongli Parts,Filters,Paper,Currency (FX),7660,344.7
2024-Q2,SKU-1014,Zhongli Parts,Filters,Paper,Currency (FX),7660,-1106.1
2024-Q3,SKU-1014,Zhongli Parts,Filters,Paper,Currency (FX),7660,-311.0
2024-Q4,SKU-1014,Zhongli Parts,Filters,Paper,Currency (FX),7660,-386.83
2025-Q1,SKU-1014,Zhongli Parts,Filters,Paper,Currency (FX),7660,733.83
2025-Q2,SKU-1014,Zhongli Parts,Filters,Paper,Currency (FX),7660,1519.74
2025-Q3,SKU-1014,Zhongli Parts,Filters,Paper,Currency (FX),7660,4957.55
2025-Q4,SKU-1014,Zhongli Parts,Filters,Paper,Currency (FX),7660,5587.2
2023-Q1,SKU-1015,Zhongli Parts,Wipers,Rubber,Currency (FX),6748,0.0
2023-Q2,SKU-1015,Zhongli Parts,Wipers,Rubber,Currency (FX),6748,-2531.17
2023-Q3,SKU-1015,Zhongli Parts,Wipers,Rubber,Currency (FX),6748,-753.08
2023-Q4,SKU-1015,Zhongli Parts,Wipers,Rubber,Currency (FX),6748,757.13
2024-Q1,SKU-1015,Zhongli Parts,Wipers,Rubber,Currency (FX),6748,481.13
2024-Q2,SKU-1015,Zhongli Parts,Wipers,Rubber,Currency (FX),6748,-1493.33
2024-Q3,SKU-1015,Zhongli Parts,Wipers,Rubber,Currency (FX),6748,-394.08
2024-Q4,SKU-1015,Zhongli Parts,Wipers,Rubber,Currency (FX),6748,-487.21
2025-Q1,SKU-1015,Zhongli Parts,Wipers,Rubber,Currency (FX),6748,923.8
2025-Q2,SKU-1015,Zhongli Parts,Wipers,Rubber,Currency (FX),6748,2108.75
2025-Q3,SKU-1015,Zhongli Parts,Wipers,Rubber,Currency (FX),6748,6586.72
2025-Q4,SKU-1015,Zhongli Parts,Wipers,Rubber,Currency (FX),6748,7481.51
2023-Q1,SKU-1016,Zhongli Parts,Wipers,Rubber,Currency (FX),771,0.0
2023-Q2,SKU-1016,Zhongli Parts,Wipers,Rubber,Currency (FX),771,-214.34
2023-Q3,SKU-1016,Zhongli Parts,Wipers,Rubber,Currency (FX),771,-64.07
2023-Q4,SKU-1016,Zhongli Parts,Wipers,Rubber,Currency (FX),771,63.99
2024-Q1,SKU-1016,Zhongli Parts,Wipers,Rubber,Currency (FX),771,40.86
2024-Q2,SKU-1016,Zhongli Parts,Wipers,Rubber,Currency (FX),771,-128.99
2024-Q3,SKU-1016,Zhongli Parts,Wipers,Rubber,Currency (FX),771,-33.38
2024-Q4,SKU-1016,Zhongli Parts,Wipers,Rubber,Currency (FX),771,-41.25
2025-Q1,SKU-1016,Zhongli Parts,Wipers,Rubber,Currency (FX),771,78.72
2025-Q2,SKU-1016,Zhongli Parts,Wipers,Rubber,Currency (FX),771,178.1
2025-Q3,SKU-1016,Zhongli Parts,Wipers,Rubber,Currency (FX),771,557.12
2025-Q4,SKU-1016,Zhongli Parts,Wipers,Rubber,Currency (FX),771,637.23
2023-Q1,SKU-1017,Zhongli Parts,Belts & Hoses,Rubber,Currency (FX),10373,0.0
2023-Q2,SKU-1017,Zhongli Parts,Belts & Hoses,Rubber,Currency (FX),10373,-5135.67
2023-Q3,SKU-1017,Zhongli Parts,Belts & Hoses,Rubber,Currency (FX),10373,-1523.79
2023-Q4,SKU-1017,Zhongli Parts,Belts & Hoses,Rubber,Currency (FX),10373,1549.73
2024-Q1,SKU-1017,Zhongli Parts,Belts & Hoses,Rubber,Currency (FX),10373,976.1
2024-Q2,SKU-1017,Zhongli Parts,Belts & Hoses,Rubber,Currency (FX),10373,-3061.07
2024-Q3,SKU-1017,Zhongli Parts,Belts & Hoses,Rubber,Currency (FX),10373,-807.02
2024-Q4,SKU-1017,Zhongli Parts,Belts & Hoses,Rubber,Currency (FX),10373,-994.77
2025-Q1,SKU-1017,Zhongli Parts,Belts & Hoses,Rubber,Currency (FX),10373,1889.96
2025-Q2,SKU-1017,Zhongli Parts,Belts & Hoses,Rubber,Currency (FX),10373,4264.34
2025-Q3,SKU-1017,Zhongli Parts,Belts & Hoses,Rubber,Currency (FX),10373,13344.86
2025-Q4,SKU-1017,Zhongli Parts,Belts & Hoses,Rubber,Currency (FX),10373,15263.87
2023-Q1,SKU-1018,Zhongli Parts,Belts & Hoses,Rubber,Currency (FX),2145,0.0
2023-Q2,SKU-1018,Zhongli Parts,Belts & Hoses,Rubber,Currency (FX),2145,-1071.0
2023-Q3,SKU-1018,Zhongli Parts,Belts & Hoses,Rubber,Currency (FX),2145,-321.11
2023-Q4,SKU-1018,Zhongli Parts,Belts & Hoses,Rubber,Currency (FX),2145,321.75
2024-Q1,SKU-1018,Zhongli Parts,Belts & Hoses,Rubber,Currency (FX),2145,204.2
2024-Q2,SKU-1018,Zhongli Parts,Belts & Hoses,Rubber,Currency (FX),2145,-646.5
2024-Q3,SKU-1018,Zhongli Parts,Belts & Hoses,Rubber,Currency (FX),2145,-169.46
2024-Q4,SKU-1018,Zhongli Parts,Belts & Hoses,Rubber,Currency (FX),2145,-208.28
2025-Q1,SKU-1018,Zhongli Parts,Belts & Hoses,Rubber,Currency (FX),2145,399.83
2025-Q2,SKU-1018,Zhongli Parts,Belts & Hoses,Rubber,Currency (FX),2145,894.89
2025-Q3,SKU-1018,Zhongli Parts,Belts & Hoses,Rubber,Currency (FX),2145,2791.93
2025-Q4,SKU-1018,Zhongli Parts,Belts & Hoses,Rubber,Currency (FX),2145,3198.2
2023-Q1,SKU-1019,Zhongli Parts,Spark Plugs,Copper,Currency (FX),19475,0.0
2023-Q2,SKU-1019,Zhongli Parts,Spark Plugs,Copper,Currency (FX),19475,-3004.99
2023-Q3,SKU-1019,Zhongli Parts,Spark Plugs,Copper,Currency (FX),19475,-893.9
2023-Q4,SKU-1019,Zhongli Parts,Spark Plugs,Copper,Currency (FX),19475,913.38
2024-Q1,SKU-1019,Zhongli Parts,Spark Plugs,Copper,Currency (FX),19475,617.36
2024-Q2,SKU-1019,Zhongli Parts,Spark Plugs,Copper,Currency (FX),19475,-1986.45
2024-Q3,SKU-1019,Zhongli Parts,Spark Plugs,Copper,Currency (FX),19475,-553.09
2024-Q4,SKU-1019,Zhongli Parts,Spark Plugs,Copper,Currency (FX),19475,-705.0
2025-Q1,SKU-1019,Zhongli Parts,Spark Plugs,Copper,Currency (FX),19475,1404.15
2025-Q2,SKU-1019,Zhongli Parts,Spark Plugs,Copper,Currency (FX),19475,2888.14
2025-Q3,SKU-1019,Zhongli Parts,Spark Plugs,Copper,Currency (FX),19475,9240.89
2025-Q4,SKU-1019,Zhongli Parts,Spark Plugs,Copper,Currency (FX),19475,10097.79
2023-Q1,SKU-1020,Zhongli Parts,Spark Plugs,Copper,Currency (FX),19134,0.0
2023-Q2,SKU-1020,Zhongli Parts,Spark Plugs,Copper,Currency (FX),19134,-3074.83
2023-Q3,SKU-1020,Zhongli Parts,Spark Plugs,Copper,Currency (FX),19134,-916.52
2023-Q4,SKU-1020,Zhongli Parts,Spark Plugs,Copper,Currency (FX),19134,943.31
2024-Q1,SKU-1020,Zhongli Parts,Spark Plugs,Copper,Currency (FX),19134,633.34
2024-Q2,SKU-1020,Zhongli Parts,Spark Plugs,Copper,Currency (FX),19134,-2041.6
2024-Q3,SKU-1020,Zhongli Parts,Spark Plugs,Copper,Currency (FX),19134,-574.02
2024-Q4,SKU-1020,Zhongli Parts,Spark Plugs,Copper,Currency (FX),19134,-727.09
2025-Q1,SKU-1020,Zhongli Parts,Spark Plugs,Copper,Currency (FX),19134,1438.88
2025-Q2,SKU-1020,Zhongli Parts,Spark Plugs,Copper,Currency (FX),19134,2981.08
2025-Q3,SKU-1020,Zhongli Parts,Spark Plugs,Copper,Currency (FX),19134,9576.57
2025-Q4,SKU-1020,Zhongli Parts,Spark Plugs,Copper,Currency (FX),19134,10439.51
2023-Q1,SKU-1021,Zhongli Parts,Spark Plugs,Copper,Currency (FX),16895,0.0
2023-Q2,SKU-1021,Zhongli Parts,Spark Plugs,Copper,Currency (FX),16895,-2953.25
2023-Q3,SKU-1021,Zhongli Parts,Spark Plugs,Copper,Currency (FX),16895,-876.85
2023-Q4,SKU-1021,Zhongli Parts,Spark Plugs,Copper,Currency (FX),16895,900.5
2024-Q1,SKU-1021,Zhongli Parts,Spark Plugs,Copper,Currency (FX),16895,601.46
2024-Q2,SKU-1021,Zhongli Parts,Spark Plugs,Copper,Currency (FX),16895,-1954.75
2024-Q3,SKU-1021,Zhongli Parts,Spark Plugs,Copper,Currency (FX),16895,-538.95
2024-Q4,SKU-1021,Zhongli Parts,Spark Plugs,Copper,Currency (FX),16895,-682.56
2025-Q1,SKU-1021,Zhongli Parts,Spark Plugs,Copper,Currency (FX),16895,1353.29
2025-Q2,SKU-1021,Zhongli Parts,Spark Plugs,Copper,Currency (FX),16895,2794.43
2025-Q3,SKU-1021,Zhongli Parts,Spark Plugs,Copper,Currency (FX),16895,9003.35
2025-Q4,SKU-1021,Zhongli Parts,Spark Plugs,Copper,Currency (FX),16895,9829.51
2023-Q1,SKU-1022,EuroTech GmbH,Brakes,Steel,Currency (FX),4038,0.0
2023-Q2,SKU-1022,EuroTech GmbH,Brakes,Steel,Currency (FX),4038,-3178.71
2023-Q3,SKU-1022,EuroTech GmbH,Brakes,Steel,Currency (FX),4038,-359.79
2023-Q4,SKU-1022,EuroTech GmbH,Brakes,Steel,Currency (FX),4038,-3439.57
2024-Q1,SKU-1022,EuroTech GmbH,Brakes,Steel,Currency (FX),4038,-3751.3
2024-Q2,SKU-1022,EuroTech GmbH,Brakes,Steel,Currency (FX),4038,3099.16
2024-Q3,SKU-1022,EuroTech GmbH,Brakes,Steel,Currency (FX),4038,2744.63
2024-Q4,SKU-1022,EuroTech GmbH,Brakes,Steel,Currency (FX),4038,7393.98
2025-Q1,SKU-1022,EuroTech GmbH,Brakes,Steel,Currency (FX),4038,4326.31
2025-Q2,SKU-1022,EuroTech GmbH,Brakes,Steel,Currency (FX),4038,4545.17
2025-Q3,SKU-1022,EuroTech GmbH,Brakes,Steel,Currency (FX),4038,1395.94
2025-Q4,SKU-1022,EuroTech GmbH,Brakes,Steel,Currency (FX),4038,1107.62
2023-Q1,SKU-1023,EuroTech GmbH,Brakes,Steel,Currency (FX),15802,0.0
2023-Q2,SKU-1023,EuroTech GmbH,Brakes,Steel,Currency (FX),15802,-9220.47
2023-Q3,SKU-1023,EuroTech GmbH,Brakes,Steel,Currency (FX),15802,-1028.71
2023-Q4,SKU-1023,EuroTech GmbH,Brakes,Steel,Currency (FX),15802,-9850.97
2024-Q1,SKU-1023,EuroTech GmbH,Brakes,Steel,Currency (FX),15802,-10810.15
2024-Q2,SKU-1023,EuroTech GmbH,Brakes,Steel,Currency (FX),15802,9048.23
2024-Q3,SKU-1023,EuroTech GmbH,Brakes,Steel,Currency (FX),15802,7951.57
2024-Q4,SKU-1023,EuroTech GmbH,Brakes,Steel,Currency (FX),15802,21386.43
2025-Q1,SKU-1023,EuroTech GmbH,Brakes,Steel,Currency (FX),15802,12379.29
2025-Q2,SKU-1023,EuroTech GmbH,Brakes,Steel,Currency (FX),15802,13120.4
2025-Q3,SKU-1023,EuroTech GmbH,Brakes,Steel,Currency (FX),15802,4013.71
2025-Q4,SKU-1023,EuroTech GmbH,Brakes,Steel,Currency (FX),15802,3141.44
2023-Q1,SKU-1024,EuroTech GmbH,Batteries,Lead,Currency (FX),5036,0.0
2023-Q2,SKU-1024,EuroTech GmbH,Batteries,Lead,Currency (FX),5036,-10941.72
2023-Q3,SKU-1024,EuroTech GmbH,Batteries,Lead,Currency (FX),5036,-1208.64
2023-Q4,SKU-1024,EuroTech GmbH,Batteries,Lead,Currency (FX),5036,-10868.7
2024-Q1,SKU-1024,EuroTech GmbH,Batteries,Lead,Currency (FX),5036,-12825.68
2024-Q2,SKU-1024,EuroTech GmbH,Batteries,Lead,Currency (FX),5036,10665.24
2024-Q3,SKU-1024,EuroTech GmbH,Batteries,Lead,Currency (FX),5036,9623.8
2024-Q4,SKU-1024,EuroTech GmbH,Batteries,Lead,Currency (FX),5036,26045.69
2025-Q1,SKU-1024,EuroTech GmbH,Batteries,Lead,Currency (FX),5036,14951.88
2025-Q2,SKU-1024,EuroTech GmbH,Batteries,Lead,Currency (FX),5036,15859.87
2025-Q3,SKU-1024,EuroTech GmbH,Batteries,Lead,Currency (FX),5036,4844.63
2025-Q4,SKU-1024,EuroTech GmbH,Batteries,Lead,Currency (FX),5036,3673.26
2023-Q1,SKU-1025,EuroTech GmbH,Batteries,Lead,Currency (FX),2818,0.0
2023-Q2,SKU-1025,EuroTech GmbH,Batteries,Lead,Currency (FX),2818,-5965.14
2023-Q3,SKU-1025,EuroTech GmbH,Batteries,Lead,Currency (FX),2818,-660.82
2023-Q4,SKU-1025,EuroTech GmbH,Batteries,Lead,Currency (FX),2818,-5929.07
2024-Q1,SKU-1025,EuroTech GmbH,Batteries,Lead,Currency (FX),2818,-6988.36
2024-Q2,SKU-1025,EuroTech GmbH,Batteries,Lead,Currency (FX),2818,5874.68
2024-Q3,SKU-1025,EuroTech GmbH,Batteries,Lead,Currency (FX),2818,5261.21
2024-Q4,SKU-1025,EuroTech GmbH,Batteries,Lead,Currency (FX),2818,14165.8
2025-Q1,SKU-1025,EuroTech GmbH,Batteries,Lead,Currency (FX),2818,8165.16
2025-Q2,SKU-1025,EuroTech GmbH,Batteries,Lead,Currency (FX),2818,8671.55
2025-Q3,SKU-1025,EuroTech GmbH,Batteries,Lead,Currency (FX),2818,2643.28
2025-Q4,SKU-1025,EuroTech GmbH,Batteries,Lead,Currency (FX),2818,1996.83
2023-Q1,SKU-1026,EuroTech GmbH,Batteries,Lead,Currency (FX),17416,0.0
2023-Q2,SKU-1026,EuroTech GmbH,Batteries,Lead,Currency (FX),17416,-39875.67
2023-Q3,SKU-1026,EuroTech GmbH,Batteries,Lead,Currency (FX),17416,-4401.02
2023-Q4,SKU-1026,EuroTech GmbH,Batteries,Lead,Currency (FX),17416,-39440.27
2024-Q1,SKU-1026,EuroTech GmbH,Batteries,Lead,Currency (FX),17416,-46410.16
2024-Q2,SKU-1026,EuroTech GmbH,Batteries,Lead,Currency (FX),17416,38639.14
2024-Q3,SKU-1026,EuroTech GmbH,Batteries,Lead,Currency (FX),17416,34781.49
2024-Q4,SKU-1026,EuroTech GmbH,Batteries,Lead,Currency (FX),17416,93724.2
2025-Q1,SKU-1026,EuroTech GmbH,Batteries,Lead,Currency (FX),17416,53615.16
2025-Q2,SKU-1026,EuroTech GmbH,Batteries,Lead,Currency (FX),17416,56709.98
2025-Q3,SKU-1026,EuroTech GmbH,Batteries,Lead,Currency (FX),17416,17473.47
2025-Q4,SKU-1026,EuroTech GmbH,Batteries,Lead,Currency (FX),17416,13136.89
2023-Q1,SKU-1027,EuroTech GmbH,Batteries,Lead,Currency (FX),19203,0.0
2023-Q2,SKU-1027,EuroTech GmbH,Batteries,Lead,Currency (FX),19203,-47965.25
2023-Q3,SKU-1027,EuroTech GmbH,Batteries,Lead,Currency (FX),19203,-5300.03
2023-Q4,SKU-1027,EuroTech GmbH,Batteries,Lead,Currency (FX),19203,-46957.1
2024-Q1,SKU-1027,EuroTech GmbH,Batteries,Lead,Currency (FX),19203,-55266.23
2024-Q2,SKU-1027,EuroTech GmbH,Batteries,Lead,Currency (FX),19203,46459.74
2024-Q3,SKU-1027,EuroTech GmbH,Batteries,Lead,Currency (FX),19203,42031.53
2024-Q4,SKU-1027,EuroTech GmbH,Batteries,Lead,Currency (FX),19203,112784.98
2025-Q1,SKU-1027,EuroTech GmbH,Batteries,Lead,Currency (FX),19203,64894.62
2025-Q2,SKU-1027,EuroTech GmbH,Batteries,Lead,Currency (FX),19203,68218.66
2025-Q3,SKU-1027,EuroTech GmbH,Batteries,Lead,Currency (FX),19203,20823.73
2025-Q4,SKU-1027,EuroTech GmbH,Batteries,Lead,Currency (FX),19203,15811.75
2023-Q1,SKU-1028,EuroTech GmbH,Radiators,Aluminum,Currency (FX),6715,0.0
2023-Q2,SKU-1028,EuroTech GmbH,Radiators,Aluminum,Currency (FX),6715,-11615.61
2023-Q3,SKU-1028,EuroTech GmbH,Radiators,Aluminum,Currency (FX),6715,-1271.82
2023-Q4,SKU-1028,EuroTech GmbH,Radiators,Aluminum,Currency (FX),6715,-11964.12
2024-Q1,SKU-1028,EuroTech GmbH,Radiators,Aluminum,Currency (FX),6715,-14292.88
2024-Q2,SKU-1028,EuroTech GmbH,Radiators,Aluminum,Currency (FX),6715,12679.93
2024-Q3,SKU-1028,EuroTech GmbH,Radiators,Aluminum,Currency (FX),6715,11062.29
2024-Q4,SKU-1028,EuroTech GmbH,Radiators,Aluminum,Currency (FX),6715,29322.39
2025-Q1,SKU-1028,EuroTech GmbH,Radiators,Aluminum,Currency (FX),6715,17459.67
2025-Q2,SKU-1028,EuroTech GmbH,Radiators,Aluminum,Currency (FX),6715,18998.75
2025-Q3,SKU-1028,EuroTech GmbH,Radiators,Aluminum,Currency (FX),6715,5422.36
2025-Q4,SKU-1028,EuroTech GmbH,Radiators,Aluminum,Currency (FX),6715,3944.39
2023-Q1,SKU-1029,EuroTech GmbH,Radiators,Aluminum,Currency (FX),3727,0.0
2023-Q2,SKU-1029,EuroTech GmbH,Radiators,Aluminum,Currency (FX),3727,-5841.33
2023-Q3,SKU-1029,EuroTech GmbH,Radiators,Aluminum,Currency (FX),3727,-642.91
2023-Q4,SKU-1029,EuroTech GmbH,Radiators,Aluminum,Currency (FX),3727,-6038.49
2024-Q1,SKU-1029,EuroTech GmbH,Radiators,Aluminum,Currency (FX),3727,-7153.23
2024-Q2,SKU-1029,EuroTech GmbH,Radiators,Aluminum,Currency (FX),3727,6287.08
2024-Q3,SKU-1029,EuroTech GmbH,Radiators,Aluminum,Currency (FX),3727,5471.61
2024-Q4,SKU-1029,EuroTech GmbH,Radiators,Aluminum,Currency (FX),3727,14679.91
2025-Q1,SKU-1029,EuroTech GmbH,Radiators,Aluminum,Currency (FX),3727,8715.22
2025-Q2,SKU-1029,EuroTech GmbH,Radiators,Aluminum,Currency (FX),3727,9349.55
2025-Q3,SKU-1029,EuroTech GmbH,Radiators,Aluminum,Currency (FX),3727,2705.43
2025-Q4,SKU-1029,EuroTech GmbH,Radiators,Aluminum,Currency (FX),3727,1985.0
2023-Q1,SKU-1030,EuroTech GmbH,Radiators,Aluminum,Currency (FX),4299,0.0
2023-Q2,SKU-1030,EuroTech GmbH,Radiators,Aluminum,Currency (FX),4299,-5645.88
2023-Q3,SKU-1030,EuroTech GmbH,Radiators,Aluminum,Currency (FX),4299,-624.21
2023-Q4,SKU-1030,EuroTech GmbH,Radiators,Aluminum,Currency (FX),4299,-5838.9
2024-Q1,SKU-1030,EuroTech GmbH,Radiators,Aluminum,Currency (FX),4299,-6954.06
2024-Q2,SKU-1030,EuroTech GmbH,Radiators,Aluminum,Currency (FX),4299,6158.32
2024-Q3,SKU-1030,EuroTech GmbH,Radiators,Aluminum,Currency (FX),4299,5358.27
2024-Q4,SKU-1030,EuroTech GmbH,Radiators,Aluminum,Currency (FX),4299,14329.0
2025-Q1,SKU-1030,EuroTech GmbH,Radiators,Aluminum,Currency (FX),4299,8519.33
2025-Q2,SKU-1030,EuroTech GmbH,Radiators,Aluminum,Currency (FX),4299,9155.58
2025-Q3,SKU-1030,EuroTech GmbH,Radiators,Aluminum,Currency (FX),4299,2595.31
2025-Q4,SKU-1030,EuroTech GmbH,Radiators,Aluminum,Currency (FX),4299,1918.64
2023-Q1,SKU-1031,Monterrey Supply,Filters,Paper,Currency (FX),16650,0.0
2023-Q2,SKU-1031,Monterrey Supply,Filters,Paper,Currency (FX),16650,259.74
2023-Q3,SKU-1031,Monterrey Supply,Filters,Paper,Currency (FX),16650,735.93
2023-Q4,SKU-1031,Monterrey Supply,Filters,Paper,Currency (FX),16650,6958.04
2024-Q1,SKU-1031,Monterrey Supply,Filters,Paper,Currency (FX),16650,10865.79
2024-Q2,SKU-1031,Monterrey Supply,Filters,Paper,Currency (FX),16650,12304.35
2024-Q3,SKU-1031,Monterrey Supply,Filters,Paper,Currency (FX),16650,20979.0
2024-Q4,SKU-1031,Monterrey Supply,Filters,Paper,Currency (FX),16650,12667.32
2025-Q1,SKU-1031,Monterrey Supply,Filters,Paper,Currency (FX),16650,8115.21
2025-Q2,SKU-1031,Monterrey Supply,Filters,Paper,Currency (FX),16650,2076.26
2025-Q3,SKU-1031,Monterrey Supply,Filters,Paper,Currency (FX),16650,-719.28
2025-Q4,SKU-1031,Monterrey Supply,Filters,Paper,Currency (FX),16650,-9134.19
2023-Q1,SKU-1032,Monterrey Supply,Filters,Paper,Currency (FX),17097,0.0
2023-Q2,SKU-1032,Monterrey Supply,Filters,Paper,Currency (FX),17097,251.33
2023-Q3,SKU-1032,Monterrey Supply,Filters,Paper,Currency (FX),17097,700.98
2023-Q4,SKU-1032,Monterrey Supply,Filters,Paper,Currency (FX),17097,6664.41
2024-Q1,SKU-1032,Monterrey Supply,Filters,Paper,Currency (FX),17097,10352.23
2024-Q2,SKU-1032,Monterrey Supply,Filters,Paper,Currency (FX),17097,11682.38
2024-Q3,SKU-1032,Monterrey Supply,Filters,Paper,Currency (FX),17097,19704.29
2024-Q4,SKU-1032,Monterrey Supply,Filters,Paper,Currency (FX),17097,11935.42
2025-Q1,SKU-1032,Monterrey Supply,Filters,Paper,Currency (FX),17097,7638.94
2025-Q2,SKU-1032,Monterrey Supply,Filters,Paper,Currency (FX),17097,1959.32
2025-Q3,SKU-1032,Monterrey Supply,Filters,Paper,Currency (FX),17097,-675.33
2025-Q4,SKU-1032,Monterrey Supply,Filters,Paper,Currency (FX),17097,-8526.27
2023-Q1,SKU-1033,Monterrey Supply,Filters,Paper,Currency (FX),19002,0.0
2023-Q2,SKU-1033,Monterrey Supply,Filters,Paper,Currency (FX),19002,345.84
2023-Q3,SKU-1033,Monterrey Supply,Filters,Paper,Currency (FX),19002,965.3
2023-Q4,SKU-1033,Monterrey Supply,Filters,Paper,Currency (FX),19002,8993.65
2024-Q1,SKU-1033,Monterrey Supply,Filters,Paper,Currency (FX),19002,14124.19
2024-Q2,SKU-1033,Monterrey Supply,Filters,Paper,Currency (FX),19002,16071.89
2024-Q3,SKU-1033,Monterrey Supply,Filters,Paper,Currency (FX),19002,27047.45
2024-Q4,SKU-1033,Monterrey Supply,Filters,Paper,Currency (FX),19002,16393.03
2025-Q1,SKU-1033,Monterrey Supply,Filters,Paper,Currency (FX),19002,10462.5
2025-Q2,SKU-1033,Monterrey Supply,Filters,Paper,Currency (FX),19002,2683.08
2025-Q3,SKU-1033,Monterrey Supply,Filters,Paper,Currency (FX),19002,-919.7
2025-Q4,SKU-1033,Monterrey Supply,Filters,Paper,Currency (FX),19002,-11703.33
2023-Q1,SKU-1034,Monterrey Supply,Motor Oil,Crude Oil,Currency (FX),2319,0.0
2023-Q2,SKU-1034,Monterrey Supply,Motor Oil,Crude Oil,Currency (FX),2319,78.38
2023-Q3,SKU-1034,Monterrey Supply,Motor Oil,Crude Oil,Currency (FX),2319,210.33
2023-Q4,SKU-1034,Monterrey Supply,Motor Oil,Crude Oil,Currency (FX),2319,2044.66
2024-Q1,SKU-1034,Monterrey Supply,Motor Oil,Crude Oil,Currency (FX),2319,3315.01
2024-Q2,SKU-1034,Monterrey Supply,Motor Oil,Crude Oil,Currency (FX),2319,3901.95
2024-Q3,SKU-1034,Monterrey Supply,Motor Oil,Crude Oil,Currency (FX),2319,6185.24
2024-Q4,SKU-1034,Monterrey Supply,Motor Oil,Crude Oil,Currency (FX),2319,3869.72
2025-Q1,SKU-1034,Monterrey Supply,Motor Oil,Crude Oil,Currency (FX),2319,2549.51
2025-Q2,SKU-1034,Monterrey Supply,Motor Oil,Crude Oil,Currency (FX),2319,685.5
2025-Q3,SKU-1034,Monterrey Supply,Motor Oil,Crude Oil,Currency (FX),2319,-247.44
2025-Q4,SKU-1034,Monterrey Supply,Motor Oil,Crude Oil,Currency (FX),2319,-3153.14
2023-Q1,SKU-1035,Monterrey Supply,Motor Oil,Crude Oil,Currency (FX),2432,0.0
2023-Q2,SKU-1035,Monterrey Supply,Motor Oil,Crude Oil,Currency (FX),2432,108.47
2023-Q3,SKU-1035,Monterrey Supply,Motor Oil,Crude Oil,Currency (FX),2432,288.68
2023-Q4,SKU-1035,Monterrey Supply,Motor Oil,Crude Oil,Currency (FX),2432,2875.6
2024-Q1,SKU-1035,Monterrey Supply,Motor Oil,Crude Oil,Currency (FX),2432,4761.61
2024-Q2,SKU-1035,Monterrey Supply,Motor Oil,Crude Oil,Currency (FX),2432,5676.29
2024-Q3,SKU-1035,Monterrey Supply,Motor Oil,Crude Oil,Currency (FX),2432,8955.6
2024-Q4,SKU-1035,Monterrey Supply,Motor Oil,Crude Oil,Currency (FX),2432,5641.75
2025-Q1,SKU-1035,Monterrey Supply,Motor Oil,Crude Oil,Currency (FX),2432,3745.04
2025-Q2,SKU-1035,Monterrey Supply,Motor Oil,Crude Oil,Currency (FX),2432,1013.66
2025-Q3,SKU-1035,Monterrey Supply,Motor Oil,Crude Oil,Currency (FX),2432,-374.77
2025-Q4,SKU-1035,Monterrey Supply,Motor Oil,Crude Oil,Currency (FX),2432,-4819.01
2023-Q1,SKU-1036,Monterrey Supply,Motor Oil,Crude Oil,Currency (FX),12742,0.0
2023-Q2,SKU-1036,Monterrey Supply,Motor Oil,Crude Oil,Currency (FX),12742,634.55
2023-Q3,SKU-1036,Monterrey Supply,Motor Oil,Crude Oil,Currency (FX),12742,1673.02
2023-Q4,SKU-1036,Monterrey Supply,Motor Oil,Crude Oil,Currency (FX),12742,16661.44
2024-Q1,SKU-1036,Monterrey Supply,Motor Oil,Crude Oil,Currency (FX),12742,27466.66
2024-Q2,SKU-1036,Monterrey Supply,Motor Oil,Crude Oil,Currency (FX),12742,32186.29
2024-Q3,SKU-1036,Monterrey Supply,Motor Oil,Crude Oil,Currency (FX),12742,50880.08
2024-Q4,SKU-1036,Monterrey Supply,Motor Oil,Crude Oil,Currency (FX),12742,31995.16
2025-Q1,SKU-1036,Monterrey Supply,Motor Oil,Crude Oil,Currency (FX),12742,21178.48
2025-Q2,SKU-1036,Monterrey Supply,Motor Oil,Crude Oil,Currency (FX),12742,5709.69
2025-Q3,SKU-1036,Monterrey Supply,Motor Oil,Crude Oil,Currency (FX),12742,-2093.51
2025-Q4,SKU-1036,Monterrey Supply,Motor Oil,Crude Oil,Currency (FX),12742,-26820.64
2023-Q1,SKU-1037,Monterrey Supply,Motor Oil,Crude Oil,Currency (FX),10953,0.0
2023-Q2,SKU-1037,Monterrey Supply,Motor Oil,Crude Oil,Currency (FX),10953,470.98
2023-Q3,SKU-1037,Monterrey Supply,Motor Oil,Crude Oil,Currency (FX),10953,1248.64
2023-Q4,SKU-1037,Monterrey Supply,Motor Oil,Crude Oil,Currency (FX),10953,12415.23
2024-Q1,SKU-1037,Monterrey Supply,Motor Oil,Crude Oil,Currency (FX),10953,20389.01
2024-Q2,SKU-1037,Monterrey Supply,Motor Oil,Crude Oil,Currency (FX),10953,24174.37
2024-Q3,SKU-1037,Monterrey Supply,Motor Oil,Crude Oil,Currency (FX),10953,38105.49
2024-Q4,SKU-1037,Monterrey Supply,Motor Oil,Crude Oil,Currency (FX),10953,24194.08
2025-Q1,SKU-1037,Monterrey Supply,Motor Oil,Crude Oil,Currency (FX),10953,15960.71
2025-Q2,SKU-1037,Monterrey Supply,Motor Oil,Crude Oil,Currency (FX),10953,4291.39
2025-Q3,SKU-1037,Monterrey Supply,Motor Oil,Crude Oil,Currency (FX),10953,-1578.33
2025-Q4,SKU-1037,Monterrey Supply,Motor Oil,Crude Oil,Currency (FX),10953,-20191.86
2023-Q1,SKU-1038,Monterrey Supply,Wipers,Rubber,Currency (FX),12971,0.0
2023-Q2,SKU-1038,Monterrey Supply,Wipers,Rubber,Currency (FX),12971,262.01
2023-Q3,SKU-1038,Monterrey Supply,Wipers,Rubber,Currency (FX),12971,735.46
2023-Q4,SKU-1038,Monterrey Supply,Wipers,Rubber,Currency (FX),12971,7080.87
2024-Q1,SKU-1038,Monterrey Supply,Wipers,Rubber,Currency (FX),12971,10420.9
2024-Q2,SKU-1038,Monterrey Supply,Wipers,Rubber,Currency (FX),12971,11653.15
2024-Q3,SKU-1038,Monterrey Supply,Wipers,Rubber,Currency (FX),12971,18688.62
2024-Q4,SKU-1038,Monterrey Supply,Wipers,Rubber,Currency (FX),12971,11092.8
2025-Q1,SKU-1038,Monterrey Supply,Wipers,Rubber,Currency (FX),12971,7218.36
2025-Q2,SKU-1038,Monterrey Supply,Wipers,Rubber,Currency (FX),12971,1979.37
2025-Q3,SKU-1038,Monterrey Supply,Wipers,Rubber,Currency (FX),12971,-652.44
2025-Q4,SKU-1038,Monterrey Supply,Wipers,Rubber,Currency (FX),12971,-8464.87
2023-Q1,SKU-1039,Monterrey Supply,Wipers,Rubber,Currency (FX),7095,0.0
2023-Q2,SKU-1039,Monterrey Supply,Wipers,Rubber,Currency (FX),7095,143.32
2023-Q3,SKU-1039,Monterrey Supply,Wipers,Rubber,Currency (FX),7095,406.54
2023-Q4,SKU-1039,Monterrey Supply,Wipers,Rubber,Currency (FX),7095,3890.19
2024-Q1,SKU-1039,Monterrey Supply,Wipers,Rubber,Currency (FX),7095,5734.18
2024-Q2,SKU-1039,Monterrey Supply,Wipers,Rubber,Currency (FX),7095,6399.69
2024-Q3,SKU-1039,Monterrey Supply,Wipers,Rubber,Currency (FX),7095,10275.69
2024-Q4,SKU-1039,Monterrey Supply,Wipers,Rubber,Currency (FX),7095,6164.85
2025-Q1,SKU-1039,Monterrey Supply,Wipers,Rubber,Currency (FX),7095,3946.95
2025-Q2,SKU-1039,Monterrey Supply,Wipers,Rubber,Currency (FX),7095,1101.14
2025-Q3,SKU-1039,Monterrey Supply,Wipers,Rubber,Currency (FX),7095,-362.55
2025-Q4,SKU-1039,Monterrey Supply,Wipers,Rubber,Currency (FX),7095,-4655.03
2023-Q1,SKU-1040,Monterrey Supply,Wipers,Rubber,Currency (FX),7899,0.0
2023-Q2,SKU-1040,Monterrey Supply,Wipers,Rubber,Currency (FX),7899,176.15
2023-Q3,SKU-1040,Monterrey Supply,Wipers,Rubber,Currency (FX),7899,496.85
2023-Q4,SKU-1040,Monterrey Supply,Wipers,Rubber,Currency (FX),7899,4800.22
2024-Q1,SKU-1040,Monterrey Supply,Wipers,Rubber,Currency (FX),7899,7035.64
2024-Q2,SKU-1040,Monterrey Supply,Wipers,Rubber,Currency (FX),7899,7863.45
2024-Q3,SKU-1040,Monterrey Supply,Wipers,Rubber,Currency (FX),7899,12626.55
2024-Q4,SKU-1040,Monterrey Supply,Wipers,Rubber,Currency (FX),7899,7505.63
2025-Q1,SKU-1040,Monterrey Supply,Wipers,Rubber,Currency (FX),7899,4829.45
2025-Q2,SKU-1040,Monterrey Supply,Wipers,Rubber,Currency (FX),7899,1344.41
2025-Q3,SKU-1040,Monterrey Supply,Wipers,Rubber,Currency (FX),7899,-445.5
2025-Q4,SKU-1040,Monterrey Supply,Wipers,Rubber,Currency (FX),7899,-5787.6
2023-Q1,SKU-1041,Great Lakes Mfg,Batteries,Lead,Currency (FX),9877,0.0
2023-Q2,SKU-1041,Great Lakes Mfg,Batteries,Lead,Currency (FX),9877,0.0
2023-Q3,SKU-1041,Great Lakes Mfg,Batteries,Lead,Currency (FX),9877,0.0
2023-Q4,SKU-1041,Great Lakes Mfg,Batteries,Lead,Currency (FX),9877,0.0
2024-Q1,SKU-1041,Great Lakes Mfg,Batteries,Lead,Currency (FX),9877,0.0
2024-Q2,SKU-1041,Great Lakes Mfg,Batteries,Lead,Currency (FX),9877,0.0
2024-Q3,SKU-1041,Great Lakes Mfg,Batteries,Lead,Currency (FX),9877,0.0
2024-Q4,SKU-1041,Great Lakes Mfg,Batteries,Lead,Currency (FX),9877,0.0
2025-Q1,SKU-1041,Great Lakes Mfg,Batteries,Lead,Currency (FX),9877,0.0
2025-Q2,SKU-1041,Great Lakes Mfg,Batteries,Lead,Currency (FX),9877,0.0
2025-Q3,SKU-1041,Great Lakes Mfg,Batteries,Lead,Currency (FX),9877,0.0
2025-Q4,SKU-1041,Great Lakes Mfg,Batteries,Lead,Currency (FX),9877,0.0
2023-Q1,SKU-1042,Great Lakes Mfg,Batteries,Lead,Currency (FX),11284,0.0
2023-Q2,SKU-1042,Great Lakes Mfg,Batteries,Lead,Currency (FX),11284,0.0
2023-Q3,SKU-1042,Great Lakes Mfg,Batteries,Lead,Currency (FX),11284,0.0
2023-Q4,SKU-1042,Great Lakes Mfg,Batteries,Lead,Currency (FX),11284,0.0
2024-Q1,SKU-1042,Great Lakes Mfg,Batteries,Lead,Currency (FX),11284,0.0
2024-Q2,SKU-1042,Great Lakes Mfg,Batteries,Lead,Currency (FX),11284,0.0
2024-Q3,SKU-1042,Great Lakes Mfg,Batteries,Lead,Currency (FX),11284,0.0
2024-Q4,SKU-1042,Great Lakes Mfg,Batteries,Lead,Currency (FX),11284,0.0
2025-Q1,SKU-1042,Great Lakes Mfg,Batteries,Lead,Currency (FX),11284,0.0
2025-Q2,SKU-1042,Great Lakes Mfg,Batteries,Lead,Currency (FX),11284,0.0
2025-Q3,SKU-1042,Great Lakes Mfg,Batteries,Lead,Currency (FX),11284,0.0
2025-Q4,SKU-1042,Great Lakes Mfg,Batteries,Lead,Currency (FX),11284,0.0
2023-Q1,SKU-1043,Great Lakes Mfg,Batteries,Lead,Currency (FX),14830,0.0
2023-Q2,SKU-1043,Great Lakes Mfg,Batteries,Lead,Currency (FX),14830,0.0
2023-Q3,SKU-1043,Great Lakes Mfg,Batteries,Lead,Currency (FX),14830,0.0
2023-Q4,SKU-1043,Great Lakes Mfg,Batteries,Lead,Currency (FX),14830,0.0
2024-Q1,SKU-1043,Great Lakes Mfg,Batteries,Lead,Currency (FX),14830,0.0
2024-Q2,SKU-1043,Great Lakes Mfg,Batteries,Lead,Currency (FX),14830,0.0
2024-Q3,SKU-1043,Great Lakes Mfg,Batteries,Lead,Currency (FX),14830,0.0
2024-Q4,SKU-1043,Great Lakes Mfg,Batteries,Lead,Currency (FX),14830,0.0
2025-Q1,SKU-1043,Great Lakes Mfg,Batteries,Lead,Currency (FX),14830,0.0
2025-Q2,SKU-1043,Great Lakes Mfg,Batteries,Lead,Currency (FX),14830,0.0
2025-Q3,SKU-1043,Great Lakes Mfg,Batteries,Lead,Currency (FX),14830,0.0
2025-Q4,SKU-1043,Great Lakes Mfg,Batteries,Lead,Currency (FX),14830,0.0
2023-Q1,SKU-1044,Great Lakes Mfg,Batteries,Lead,Currency (FX),12906,0.0
2023-Q2,SKU-1044,Great Lakes Mfg,Batteries,Lead,Currency (FX),12906,0.0
2023-Q3,SKU-1044,Great Lakes Mfg,Batteries,Lead,Currency (FX),12906,0.0
2023-Q4,SKU-1044,Great Lakes Mfg,Batteries,Lead,Currency (FX),12906,0.0
2024-Q1,SKU-1044,Great Lakes Mfg,Batteries,Lead,Currency (FX),12906,0.0
2024-Q2,SKU-1044,Great Lakes Mfg,Batteries,Lead,Currency (FX),12906,0.0
2024-Q3,SKU-1044,Great Lakes Mfg,Batteries,Lead,Currency (FX),12906,0.0
2024-Q4,SKU-1044,Great Lakes Mfg,Batteries,Lead,Currency (FX),12906,0.0
2025-Q1,SKU-1044,Great Lakes Mfg,Batteries,Lead,Currency (FX),12906,0.0
2025-Q2,SKU-1044,Great Lakes Mfg,Batteries,Lead,Currency (FX),12906,0.0
2025-Q3,SKU-1044,Great Lakes Mfg,Batteries,Lead,Currency (FX),12906,0.0
2025-Q4,SKU-1044,Great Lakes Mfg,Batteries,Lead,Currency (FX),12906,0.0
2023-Q1,SKU-1045,Great Lakes Mfg,Brakes,Steel,Currency (FX),19218,0.0
2023-Q2,SKU-1045,Great Lakes Mfg,Brakes,Steel,Currency (FX),19218,0.0
2023-Q3,SKU-1045,Great Lakes Mfg,Brakes,Steel,Currency (FX),19218,0.0
2023-Q4,SKU-1045,Great Lakes Mfg,Brakes,Steel,Currency (FX),19218,0.0
2024-Q1,SKU-1045,Great Lakes Mfg,Brakes,Steel,Currency (FX),19218,0.0
2024-Q2,SKU-1045,Great Lakes Mfg,Brakes,Steel,Currency (FX),19218,0.0
2024-Q3,SKU-1045,Great Lakes Mfg,Brakes,Steel,Currency (FX),19218,0.0
2024-Q4,SKU-1045,Great Lakes Mfg,Brakes,Steel,Currency (FX),19218,0.0
2025-Q1,SKU-1045,Great Lakes Mfg,Brakes,Steel,Currency (FX),19218,0.0
2025-Q2,SKU-1045,Great Lakes Mfg,Brakes,Steel,Currency (FX),19218,0.0
2025-Q3,SKU-1045,Great Lakes Mfg,Brakes,Steel,Currency (FX),19218,0.0
2025-Q4,SKU-1045,Great Lakes Mfg,Brakes,Steel,Currency (FX),19218,0.0
2023-Q1,SKU-1046,Great Lakes Mfg,Brakes,Steel,Currency (FX),15761,0.0
2023-Q2,SKU-1046,Great Lakes Mfg,Brakes,Steel,Currency (FX),15761,0.0
2023-Q3,SKU-1046,Great Lakes Mfg,Brakes,Steel,Currency (FX),15761,0.0
2023-Q4,SKU-1046,Great Lakes Mfg,Brakes,Steel,Currency (FX),15761,0.0
2024-Q1,SKU-1046,Great Lakes Mfg,Brakes,Steel,Currency (FX),15761,0.0
2024-Q2,SKU-1046,Great Lakes Mfg,Brakes,Steel,Currency (FX),15761,0.0
2024-Q3,SKU-1046,Great Lakes Mfg,Brakes,Steel,Currency (FX),15761,0.0
2024-Q4,SKU-1046,Great Lakes Mfg,Brakes,Steel,Currency (FX),15761,0.0
2025-Q1,SKU-1046,Great Lakes Mfg,Brakes,Steel,Currency (FX),15761,0.0
2025-Q2,SKU-1046,Great Lakes Mfg,Brakes,Steel,Currency (FX),15761,0.0
2025-Q3,SKU-1046,Great Lakes Mfg,Brakes,Steel,Currency (FX),15761,0.0
2025-Q4,SKU-1046,Great Lakes Mfg,Brakes,Steel,Currency (FX),15761,0.0
2023-Q1,SKU-1047,Great Lakes Mfg,Brakes,Steel,Currency (FX),10650,0.0
2023-Q2,SKU-1047,Great Lakes Mfg,Brakes,Steel,Currency (FX),10650,0.0
2023-Q3,SKU-1047,Great Lakes Mfg,Brakes,Steel,Currency (FX),10650,0.0
2023-Q4,SKU-1047,Great Lakes Mfg,Brakes,Steel,Currency (FX),10650,0.0
2024-Q1,SKU-1047,Great Lakes Mfg,Brakes,Steel,Currency (FX),10650,0.0
2024-Q2,SKU-1047,Great Lakes Mfg,Brakes,Steel,Currency (FX),10650,0.0
2024-Q3,SKU-1047,Great Lakes Mfg,Brakes,Steel,Currency (FX),10650,0.0
2024-Q4,SKU-1047,Great Lakes Mfg,Brakes,Steel,Currency (FX),10650,0.0
2025-Q1,SKU-1047,Great Lakes Mfg,Brakes,Steel,Currency (FX),10650,0.0
2025-Q2,SKU-1047,Great Lakes Mfg,Brakes,Steel,Currency (FX),10650,0.0
2025-Q3,SKU-1047,Great Lakes Mfg,Brakes,Steel,Currency (FX),10650,0.0
2025-Q4,SKU-1047,Great Lakes Mfg,Brakes,Steel,Currency (FX),10650,0.0
2023-Q1,SKU-1048,Great Lakes Mfg,Belts & Hoses,Rubber,Currency (FX),13745,0.0
2023-Q2,SKU-1048,Great Lakes Mfg,Belts & Hoses,Rubber,Currency (FX),13745,0.0
2023-Q3,SKU-1048,Great Lakes Mfg,Belts & Hoses,Rubber,Currency (FX),13745,0.0
2023-Q4,SKU-1048,Great Lakes Mfg,Belts & Hoses,Rubber,Currency (FX),13745,0.0
2024-Q1,SKU-1048,Great Lakes Mfg,Belts & Hoses,Rubber,Currency (FX),13745,0.0
2024-Q2,SKU-1048,Great Lakes Mfg,Belts & Hoses,Rubber,Currency (FX),13745,0.0
2024-Q3,SKU-1048,Great Lakes Mfg,Belts & Hoses,Rubber,Currency (FX),13745,0.0
2024-Q4,SKU-1048,Great Lakes Mfg,Belts & Hoses,Rubber,Currency (FX),13745,0.0
2025-Q1,SKU-1048,Great Lakes Mfg,Belts & Hoses,Rubber,Currency (FX),13745,0.0
2025-Q2,SKU-1048,Great Lakes Mfg,Belts & Hoses,Rubber,Currency (FX),13745,0.0
2025-Q3,SKU-1048,Great Lakes Mfg,Belts & Hoses,Rubber,Currency (FX),13745,0.0
2025-Q4,SKU-1048,Great Lakes Mfg,Belts & Hoses,Rubber,Currency (FX),13745,0.0
2023-Q1,SKU-1049,Great Lakes Mfg,Belts & Hoses,Rubber,Currency (FX),10096,0.0
2023-Q2,SKU-1049,Great Lakes Mfg,Belts & Hoses,Rubber,Currency (FX),10096,0.0
2023-Q3,SKU-1049,Great Lakes Mfg,Belts & Hoses,Rubber,Currency (FX),10096,0.0
2023-Q4,SKU-1049,Great Lakes Mfg,Belts & Hoses,Rubber,Currency (FX),10096,0.0
2024-Q1,SKU-1049,Great Lakes Mfg,Belts & Hoses,Rubber,Currency (FX),10096,0.0
2024-Q2,SKU-1049,Great Lakes Mfg,Belts & Hoses,Rubber,Currency (FX),10096,0.0
2024-Q3,SKU-1049,Great Lakes Mfg,Belts & Hoses,Rubber,Currency (FX),10096,0.0
2024-Q4,SKU-1049,Great Lakes Mfg,Belts & Hoses,Rubber,Currency (FX),10096,0.0
2025-Q1,SKU-1049,Great Lakes Mfg,Belts & Hoses,Rubber,Currency (FX),10096,0.0
2025-Q2,SKU-1049,Great Lakes Mfg,Belts & Hoses,Rubber,Currency (FX),10096,0.0
2025-Q3,SKU-1049,Great Lakes Mfg,Belts & Hoses,Rubber,Currency (FX),10096,0.0
2025-Q4,SKU-1049,Great Lakes Mfg,Belts & Hoses,Rubber,Currency (FX),10096,0.0
2023-Q1,SKU-1050,Pacific Components,Filters,Paper,Currency (FX),2210,0.0
2023-Q2,SKU-1050,Pacific Components,Filters,Paper,Currency (FX),2210,-563.11
2023-Q3,SKU-1050,Pacific Components,Filters,Paper,Currency (FX),2210,-165.53
2023-Q4,SKU-1050,Pacific Components,Filters,Paper,Currency (FX),2210,162.66
2024-Q1,SKU-1050,Pacific Components,Filters,Paper,Currency (FX),2210,110.94
2024-Q2,SKU-1050,Pacific Components,Filters,Paper,Currency (FX),2210,-353.16
2024-Q3,SKU-1050,Pacific Components,Filters,Paper,Currency (FX),2210,-98.12
2024-Q4,SKU-1050,Pacific Components,Filters,Paper,Currency (FX),2210,-122.88
2025-Q1,SKU-1050,Pacific Components,Filters,Paper,Currency (FX),2210,233.16
2025-Q2,SKU-1050,Pacific Components,Filters,Paper,Currency (FX),2210,482.22
2025-Q3,SKU-1050,Pacific Components,Filters,Paper,Currency (FX),2210,1573.3
2025-Q4,SKU-1050,Pacific Components,Filters,Paper,Currency (FX),2210,1759.82
2023-Q1,SKU-1051,Pacific Components,Filters,Paper,Currency (FX),14895,0.0
2023-Q2,SKU-1051,Pacific Components,Filters,Paper,Currency (FX),14895,-3580.76
2023-Q3,SKU-1051,Pacific Components,Filters,Paper,Currency (FX),14895,-1054.57
2023-Q4,SKU-1051,Pacific Components,Filters,Paper,Currency (FX),14895,1032.22
2024-Q1,SKU-1051,Pacific Components,Filters,Paper,Currency (FX),14895,709.0
2024-Q2,SKU-1051,Pacific Components,Filters,Paper,Currency (FX),14895,-2250.63
2024-Q3,SKU-1051,Pacific Components,Filters,Paper,Currency (FX),14895,-625.59
2024-Q4,SKU-1051,Pacific Components,Filters,Paper,Currency (FX),14895,-783.48
2025-Q1,SKU-1051,Pacific Components,Filters,Paper,Currency (FX),14895,1483.54
2025-Q2,SKU-1051,Pacific Components,Filters,Paper,Currency (FX),14895,3081.78
2025-Q3,SKU-1051,Pacific Components,Filters,Paper,Currency (FX),14895,10040.72
2025-Q4,SKU-1051,Pacific Components,Filters,Paper,Currency (FX),14895,11232.32
2023-Q1,SKU-1052,Pacific Components,Wipers,Rubber,Currency (FX),6603,0.0
2023-Q2,SKU-1052,Pacific Components,Wipers,Rubber,Currency (FX),6603,-1829.03
2023-Q3,SKU-1052,Pacific Components,Wipers,Rubber,Currency (FX),6603,-542.11
2023-Q4,SKU-1052,Pacific Components,Wipers,Rubber,Currency (FX),6603,543.43
2024-Q1,SKU-1052,Pacific Components,Wipers,Rubber,Currency (FX),6603,347.98
2024-Q2,SKU-1052,Pacific Components,Wipers,Rubber,Currency (FX),6603,-1081.57
2024-Q3,SKU-1052,Pacific Components,Wipers,Rubber,Currency (FX),6603,-286.57
2024-Q4,SKU-1052,Pacific Components,Wipers,Rubber,Currency (FX),6603,-351.28
2025-Q1,SKU-1052,Pacific Components,Wipers,Rubber,Currency (FX),6603,674.17
2025-Q2,SKU-1052,Pacific Components,Wipers,Rubber,Currency (FX),6603,1506.8
2025-Q3,SKU-1052,Pacific Components,Wipers,Rubber,Currency (FX),6603,4725.11
2025-Q4,SKU-1052,Pacific Components,Wipers,Rubber,Currency (FX),6603,5373.52
2023-Q1,SKU-1053,Pacific Components,Wipers,Rubber,Currency (FX),9039,0.0
2023-Q2,SKU-1053,Pacific Components,Wipers,Rubber,Currency (FX),9039,-2727.07
2023-Q3,SKU-1053,Pacific Components,Wipers,Rubber,Currency (FX),9039,-812.61
2023-Q4,SKU-1053,Pacific Components,Wipers,Rubber,Currency (FX),9039,817.13
2024-Q1,SKU-1053,Pacific Components,Wipers,Rubber,Currency (FX),9039,520.65
2024-Q2,SKU-1053,Pacific Components,Wipers,Rubber,Currency (FX),9039,-1637.87
2024-Q3,SKU-1053,Pacific Components,Wipers,Rubber,Currency (FX),9039,-428.45
2024-Q4,SKU-1053,Pacific Components,Wipers,Rubber,Currency (FX),9039,-530.59
2025-Q1,SKU-1053,Pacific Components,Wipers,Rubber,Currency (FX),9039,1007.85
2025-Q2,SKU-1053,Pacific Components,Wipers,Rubber,Currency (FX),9039,2266.98
2025-Q3,SKU-1053,Pacific Components,Wipers,Rubber,Currency (FX),9039,7093.81
2025-Q4,SKU-1053,Pacific Components,Wipers,Rubber,Currency (FX),9039,8115.21
2023-Q1,SKU-1054,Pacific Components,Wipers,Rubber,Currency (FX),12447,0.0
2023-Q2,SKU-1054,Pacific Components,Wipers,Rubber,Currency (FX),12447,-4100.04
2023-Q3,SKU-1054,Pacific Components,Wipers,Rubber,Currency (FX),12447,-1217.32
2023-Q4,SKU-1054,Pacific Components,Wipers,Rubber,Currency (FX),12447,1224.78
2024-Q1,SKU-1054,Pacific Components,Wipers,Rubber,Currency (FX),12447,784.16
2024-Q2,SKU-1054,Pacific Components,Wipers,Rubber,Currency (FX),12447,-2448.32
2024-Q3,SKU-1054,Pacific Components,Wipers,Rubber,Currency (FX),12447,-646.0
2024-Q4,SKU-1054,Pacific Components,Wipers,Rubber,Currency (FX),12447,-794.12
2025-Q1,SKU-1054,Pacific Components,Wipers,Rubber,Currency (FX),12447,1513.56
2025-Q2,SKU-1054,Pacific Components,Wipers,Rubber,Currency (FX),12447,3409.23
2025-Q3,SKU-1054,Pacific Components,Wipers,Rubber,Currency (FX),12447,10705.66
2025-Q4,SKU-1054,Pacific Components,Wipers,Rubber,Currency (FX),12447,12079.81
2023-Q1,SKU-1055,Pacific Components,Wipers,Rubber,Currency (FX),14496,0.0
2023-Q2,SKU-1055,Pacific Components,Wipers,Rubber,Currency (FX),14496,-5182.32
2023-Q3,SKU-1055,Pacific Components,Wipers,Rubber,Currency (FX),14496,-1535.13
2023-Q4,SKU-1055,Pacific Components,Wipers,Rubber,Currency (FX),14496,1536.58
2024-Q1,SKU-1055,Pacific Components,Wipers,Rubber,Currency (FX),14496,987.18
2024-Q2,SKU-1055,Pacific Components,Wipers,Rubber,Currency (FX),14496,-3089.1
2024-Q3,SKU-1055,Pacific Components,Wipers,Rubber,Currency (FX),14496,-817.57
2024-Q4,SKU-1055,Pacific Components,Wipers,Rubber,Currency (FX),14496,-1003.12
2025-Q1,SKU-1055,Pacific Components,Wipers,Rubber,Currency (FX),14496,1919.27
2025-Q2,SKU-1055,Pacific Components,Wipers,Rubber,Currency (FX),14496,4256.03
2025-Q3,SKU-1055,Pacific Components,Wipers,Rubber,Currency (FX),14496,13330.52
2025-Q4,SKU-1055,Pacific Components,Wipers,Rubber,Currency (FX),14496,15081.64
2023-Q1,SKU-1056,Pacific Components,Spark Plugs,Copper,Currency (FX),2877,0.0
2023-Q2,SKU-1056,Pacific Components,Spark Plugs,Copper,Currency (FX),2877,-522.75
2023-Q3,SKU-1056,Pacific Components,Spark Plugs,Copper,Currency (FX),2877,-154.49
2023-Q4,SKU-1056,Pacific Components,Spark Plugs,Copper,Currency (FX),2877,156.51
2024-Q1,SKU-1056,Pacific Components,Spark Plugs,Copper,Currency (FX),2877,105.01
2024-Q2,SKU-1056,Pacific Components,Spark Plugs,Copper,Currency (FX),2877,-339.2
2024-Q3,SKU-1056,Pacific Components,Spark Plugs,Copper,Currency (FX),2877,-93.5
2024-Q4,SKU-1056,Pacific Components,Spark Plugs,Copper,Currency (FX),2877,-118.24
2025-Q1,SKU-1056,Pacific Components,Spark Plugs,Copper,Currency (FX),2877,234.48
2025-Q2,SKU-1056,Pacific Components,Spark Plugs,Copper,Currency (FX),2877,488.23
2025-Q3,SKU-1056,Pacific Components,Spark Plugs,Copper,Currency (FX),2877,1573.14
2025-Q4,SKU-1056,Pacific Components,Spark Plugs,Copper,Currency (FX),2877,1694.84
2023-Q1,SKU-1057,Pacific Components,Spark Plugs,Copper,Currency (FX),8910,0.0
2023-Q2,SKU-1057,Pacific Components,Spark Plugs,Copper,Currency (FX),8910,-1658.15
2023-Q3,SKU-1057,Pacific Components,Spark Plugs,Copper,Currency (FX),8910,-491.83
2023-Q4,SKU-1057,Pacific Components,Spark Plugs,Copper,Currency (FX),8910,498.96
2024-Q1,SKU-1057,Pacific Components,Spark Plugs,Copper,Currency (FX),8910,335.02
2024-Q2,SKU-1057,Pacific Components,Spark Plugs,Copper,Currency (FX),8910,-1079.0
2024-Q3,SKU-1057,Pacific Components,Spark Plugs,Copper,Currency (FX),8910,-298.48
2024-Q4,SKU-1057,Pacific Components,Spark Plugs,Copper,Currency (FX),8910,-375.11
2025-Q1,SKU-1057,Pacific Components,Spark Plugs,Copper,Currency (FX),8910,740.42
2025-Q2,SKU-1057,Pacific Components,Spark Plugs,Copper,Currency (FX),8910,1546.78
2025-Q3,SKU-1057,Pacific Components,Spark Plugs,Copper,Currency (FX),8910,4950.4
2025-Q4,SKU-1057,Pacific Components,Spark Plugs,Copper,Currency (FX),8910,5378.97
2023-Q1,SKU-1058,Pacific Components,Spark Plugs,Copper,Currency (FX),6387,0.0
2023-Q2,SKU-1058,Pacific Components,Spark Plugs,Copper,Currency (FX),6387,-1290.17
2023-Q3,SKU-1058,Pacific Components,Spark Plugs,Copper,Currency (FX),6387,-382.58
2023-Q4,SKU-1058,Pacific Components,Spark Plugs,Copper,Currency (FX),6387,388.33
2024-Q1,SKU-1058,Pacific Components,Spark Plugs,Copper,Currency (FX),6387,262.51
2024-Q2,SKU-1058,Pacific Components,Spark Plugs,Copper,Currency (FX),6387,-846.92
2024-Q3,SKU-1058,Pacific Components,Spark Plugs,Copper,Currency (FX),6387,-234.4
2024-Q4,SKU-1058,Pacific Components,Spark Plugs,Copper,Currency (FX),6387,-295.72
2025-Q1,SKU-1058,Pacific Components,Spark Plugs,Copper,Currency (FX),6387,585.69
2025-Q2,SKU-1058,Pacific Components,Spark Plugs,Copper,Currency (FX),6387,1215.45
2025-Q3,SKU-1058,Pacific Components,Spark Plugs,Copper,Currency (FX),6387,3895.43
2025-Q4,SKU-1058,Pacific Components,Spark Plugs,Copper,Currency (FX),6387,4237.14
2023-Q1,SKU-1059,Pacific Components,Motor Oil,Crude Oil,Currency (FX),17644,0.0
2023-Q2,SKU-1059,Pacific Components,Motor Oil,Crude Oil,Currency (FX),17644,-10327.03
2023-Q3,SKU-1059,Pacific Components,Motor Oil,Crude Oil,Currency (FX),17644,-2918.32
2023-Q4,SKU-1059,Pacific Components,Motor Oil,Crude Oil,Currency (FX),17644,2974.78
2024-Q1,SKU-1059,Pacific Components,Motor Oil,Crude Oil,Currency (FX),17644,2136.69
2024-Q2,SKU-1059,Pacific Components,Motor Oil,Crude Oil,Currency (FX),17644,-7137.0
2024-Q3,SKU-1059,Pacific Components,Motor Oil,Crude Oil,Currency (FX),17644,-1845.56
2024-Q4,SKU-1059,Pacific Components,Motor Oil,Crude Oil,Currency (FX),17644,-2401.35
2025-Q1,SKU-1059,Pacific Components,Motor Oil,Crude Oil,Currency (FX),17644,4675.66
2025-Q2,SKU-1059,Pacific Components,Motor Oil,Crude Oil,Currency (FX),17644,10136.48
2025-Q3,SKU-1059,Pacific Components,Motor Oil,Crude Oil,Currency (FX),17644,35143.32
2025-Q4,SKU-1059,Pacific Components,Motor Oil,Crude Oil,Currency (FX),17644,39601.96
2023-Q1,SKU-1060,Pacific Components,Motor Oil,Crude Oil,Currency (FX),3162,0.0
2023-Q2,SKU-1060,Pacific Components,Motor Oil,Crude Oil,Currency (FX),3162,-1954.75
2023-Q3,SKU-1060,Pacific Components,Motor Oil,Crude Oil,Currency (FX),3162,-548.29
2023-Q4,SKU-1060,Pacific Components,Motor Oil,Crude Oil,Currency (FX),3162,559.36
2024-Q1,SKU-1060,Pacific Components,Motor Oil,Crude Oil,Currency (FX),3162,395.25
2024-Q2,SKU-1060,Pacific Components,Motor Oil,Crude Oil,Currency (FX),3162,-1310.02
2024-Q3,SKU-1060,Pacific Components,Motor Oil,Crude Oil,Currency (FX),3162,-339.6
2024-Q4,SKU-1060,Pacific Components,Motor Oil,Crude Oil,Currency (FX),3162,-437.94
2025-Q1,SKU-1060,Pacific Components,Motor Oil,Crude Oil,Currency (FX),3162,855.0
2025-Q2,SKU-1060,Pacific Components,Motor Oil,Crude Oil,Currency (FX),3162,1849.77
2025-Q3,SKU-1060,Pacific Components,Motor Oil,Crude Oil,Currency (FX),3162,6339.18
2025-Q4,SKU-1060,Pacific Components,Motor Oil,Crude Oil,Currency (FX),3162,7153.39
2023-Q1,SKU-1061,Pacific Components,Motor Oil,Crude Oil,Currency (FX),1065,0.0
2023-Q2,SKU-1061,Pacific Components,Motor Oil,Crude Oil,Currency (FX),1065,-560.19
2023-Q3,SKU-1061,Pacific Components,Motor Oil,Crude Oil,Currency (FX),1065,-156.87
2023-Q4,SKU-1061,Pacific Components,Motor Oil,Crude Oil,Currency (FX),1065,160.39
2024-Q1,SKU-1061,Pacific Components,Motor Oil,Crude Oil,Currency (FX),1065,114.27
2024-Q2,SKU-1061,Pacific Components,Motor Oil,Crude Oil,Currency (FX),1065,-376.26
2024-Q3,SKU-1061,Pacific Components,Motor Oil,Crude Oil,Currency (FX),1065,-98.41
2024-Q4,SKU-1061,Pacific Components,Motor Oil,Crude Oil,Currency (FX),1065,-126.52
2025-Q1,SKU-1061,Pacific Components,Motor Oil,Crude Oil,Currency (FX),1065,247.93
2025-Q2,SKU-1061,Pacific Components,Motor Oil,Crude Oil,Currency (FX),1065,534.1
2025-Q3,SKU-1061,Pacific Components,Motor Oil,Crude Oil,Currency (FX),1065,1830.84
2025-Q4,SKU-1061,Pacific Components,Motor Oil,Crude Oil,Currency (FX),1065,2052.36
2023-Q1,SKU-1062,Pacific Components,Motor Oil,Crude Oil,Currency (FX),6133,0.0
2023-Q2,SKU-1062,Pacific Components,Motor Oil,Crude Oil,Currency (FX),6133,-4735.29
2023-Q3,SKU-1062,Pacific Components,Motor Oil,Crude Oil,Currency (FX),6133,-1314.3
2023-Q4,SKU-1062,Pacific Components,Motor Oil,Crude Oil,Currency (FX),6133,1329.63
2024-Q1,SKU-1062,Pacific Components,Motor Oil,Crude Oil,Currency (FX),6133,945.1
2024-Q2,SKU-1062,Pacific Components,Motor Oil,Crude Oil,Currency (FX),6133,-3105.14
2024-Q3,SKU-1062,Pacific Components,Motor Oil,Crude Oil,Currency (FX),6133,-810.17
2024-Q4,SKU-1062,Pacific Components,Motor Oil,Crude Oil,Currency (FX),6133,-1043.22
2025-Q1,SKU-1062,Pacific Components,Motor Oil,Crude Oil,Currency (FX),6133,2018.98
2025-Q2,SKU-1062,Pacific Components,Motor Oil,Crude Oil,Currency (FX),6133,4378.35
2025-Q3,SKU-1062,Pacific Components,Motor Oil,Crude Oil,Currency (FX),6133,14890.92
2025-Q4,SKU-1062,Pacific Components,Motor Oil,Crude Oil,Currency (FX),6133,16583.02
2023-Q1,SKU-1001,Ironclad Auto,Brakes,Steel,Vendor / Negotiation,3454,30725.4
2023-Q2,SKU-1001,Ironclad Auto,Brakes,Steel,Vendor / Negotiation,3454,29947.56
2023-Q3,SKU-1001,Ironclad Auto,Brakes,Steel,Vendor / Negotiation,3454,30489.84
2023-Q4,SKU-1001,Ironclad Auto,Brakes,Steel,Vendor / Negotiation,3454,31340.91
2024-Q1,SKU-1001,Ironclad Auto,Brakes,Steel,Vendor / Negotiation,3454,30101.26
2024-Q2,SKU-1001,Ironclad Auto,Brakes,Steel,Vendor / Negotiation,3454,30306.43
2024-Q3,SKU-1001,Ironclad Auto,Brakes,Steel,Vendor / Negotiation,3454,30915.72
2024-Q4,SKU-1001,Ironclad Auto,Brakes,Steel,Vendor / Negotiation,3454,30714.7
2025-Q1,SKU-1001,Ironclad Auto,Brakes,Steel,Vendor / Negotiation,3454,31164.06
2025-Q2,SKU-1001,Ironclad Auto,Brakes,Steel,Vendor / Negotiation,3454,31209.65
2025-Q3,SKU-1001,Ironclad Auto,Brakes,Steel,Vendor / Negotiation,3454,32150.87
2025-Q4,SKU-1001,Ironclad Auto,Brakes,Steel,Vendor / Negotiation,3454,32585.38
2023-Q1,SKU-1002,Ironclad Auto,Brakes,Steel,Vendor / Negotiation,2113,21411.24
2023-Q2,SKU-1002,Ironclad Auto,Brakes,Steel,Vendor / Negotiation,2113,21201.84
2023-Q3,SKU-1002,Ironclad Auto,Brakes,Steel,Vendor / Negotiation,2113,21234.38
2023-Q4,SKU-1002,Ironclad Auto,Brakes,Steel,Vendor / Negotiation,2113,21914.98
2024-Q1,SKU-1002,Ironclad Auto,Brakes,Steel,Vendor / Negotiation,2113,21048.23
2024-Q2,SKU-1002,Ironclad Auto,Brakes,Steel,Vendor / Negotiation,2113,20965.82
2024-Q3,SKU-1002,Ironclad Auto,Brakes,Steel,Vendor / Negotiation,2113,21198.67
2024-Q4,SKU-1002,Ironclad Auto,Brakes,Steel,Vendor / Negotiation,2113,21523.02
2025-Q1,SKU-1002,Ironclad Auto,Brakes,Steel,Vendor / Negotiation,2113,21926.6
2025-Q2,SKU-1002,Ironclad Auto,Brakes,Steel,Vendor / Negotiation,2113,21114.15
2025-Q3,SKU-1002,Ironclad Auto,Brakes,Steel,Vendor / Negotiation,2113,22091.2
2025-Q4,SKU-1002,Ironclad Auto,Brakes,Steel,Vendor / Negotiation,2113,22384.7
2023-Q1,SKU-1003,Ironclad Auto,Brakes,Steel,Vendor / Negotiation,16248,217900.3
2023-Q2,SKU-1003,Ironclad Auto,Brakes,Steel,Vendor / Negotiation,16248,217172.39
2023-Q3,SKU-1003,Ironclad Auto,Brakes,Steel,Vendor / Negotiation,16248,215835.18
2023-Q4,SKU-1003,Ironclad Auto,Brakes,Steel,Vendor / Negotiation,16248,228279.53
2024-Q1,SKU-1003,Ironclad Auto,Brakes,Steel,Vendor / Negotiation,16248,217978.29
2024-Q2,SKU-1003,Ironclad Auto,Brakes,Steel,Vendor / Negotiation,16248,216002.54
2024-Q3,SKU-1003,Ironclad Auto,Brakes,Steel,Vendor / Negotiation,16248,216082.15
2024-Q4,SKU-1003,Ironclad Auto,Brakes,Steel,Vendor / Negotiation,16248,217793.07
2025-Q1,SKU-1003,Ironclad Auto,Brakes,Steel,Vendor / Negotiation,16248,222292.14
2025-Q2,SKU-1003,Ironclad Auto,Brakes,Steel,Vendor / Negotiation,16248,219343.13
2025-Q3,SKU-1003,Ironclad Auto,Brakes,Steel,Vendor / Negotiation,16248,226648.23
2025-Q4,SKU-1003,Ironclad Auto,Brakes,Steel,Vendor / Negotiation,16248,232841.96
2023-Q1,SKU-1004,Ironclad Auto,Radiators,Aluminum,Vendor / Negotiation,7591,138984.38
2023-Q2,SKU-1004,Ironclad Auto,Radiators,Aluminum,Vendor / Negotiation,7591,136990.98
2023-Q3,SKU-1004,Ironclad Auto,Radiators,Aluminum,Vendor / Negotiation,7591,137097.26
2023-Q4,SKU-1004,Ironclad Auto,Radiators,Aluminum,Vendor / Negotiation,7591,143502.54
2024-Q1,SKU-1004,Ironclad Auto,Radiators,Aluminum,Vendor / Negotiation,7591,145022.26
2024-Q2,SKU-1004,Ironclad Auto,Radiators,Aluminum,Vendor / Negotiation,7591,150901.49
2024-Q3,SKU-1004,Ironclad Auto,Radiators,Aluminum,Vendor / Negotiation,7591,150204.64
2024-Q4,SKU-1004,Ironclad Auto,Radiators,Aluminum,Vendor / Negotiation,7591,149423.52
2025-Q1,SKU-1004,Ironclad Auto,Radiators,Aluminum,Vendor / Negotiation,7591,154449.52
2025-Q2,SKU-1004,Ironclad Auto,Radiators,Aluminum,Vendor / Negotiation,7591,157539.06
2025-Q3,SKU-1004,Ironclad Auto,Radiators,Aluminum,Vendor / Negotiation,7591,154679.53
2025-Q4,SKU-1004,Ironclad Auto,Radiators,Aluminum,Vendor / Negotiation,7591,149516.13
2023-Q1,SKU-1005,Ironclad Auto,Radiators,Aluminum,Vendor / Negotiation,11303,236792.2
2023-Q2,SKU-1005,Ironclad Auto,Radiators,Aluminum,Vendor / Negotiation,11303,239455.19
2023-Q3,SKU-1005,Ironclad Auto,Radiators,Aluminum,Vendor / Negotiation,11303,237776.69
2023-Q4,SKU-1005,Ironclad Auto,Radiators,Aluminum,Vendor / Negotiation,11303,245588.19
2024-Q1,SKU-1005,Ironclad Auto,Radiators,Aluminum,Vendor / Negotiation,11303,250665.5
2024-Q2,SKU-1005,Ironclad Auto,Radiators,Aluminum,Vendor / Negotiation,11303,258183.13
2024-Q3,SKU-1005,Ironclad Auto,Radiators,Aluminum,Vendor / Negotiation,11303,255998.26
2024-Q4,SKU-1005,Ironclad Auto,Radiators,Aluminum,Vendor / Negotiation,11303,254080.14
2025-Q1,SKU-1005,Ironclad Auto,Radiators,Aluminum,Vendor / Negotiation,11303,260465.2
2025-Q2,SKU-1005,Ironclad Auto,Radiators,Aluminum,Vendor / Negotiation,11303,264260.75
2025-Q3,SKU-1005,Ironclad Auto,Radiators,Aluminum,Vendor / Negotiation,11303,260592.93
2025-Q4,SKU-1005,Ironclad Auto,Radiators,Aluminum,Vendor / Negotiation,11303,256830.16
2023-Q1,SKU-1006,Ironclad Auto,Radiators,Aluminum,Vendor / Negotiation,18805,586116.12
2023-Q2,SKU-1006,Ironclad Auto,Radiators,Aluminum,Vendor / Negotiation,18805,582545.05
2023-Q3,SKU-1006,Ironclad Auto,Radiators,Aluminum,Vendor / Negotiation,18805,577621.9
2023-Q4,SKU-1006,Ironclad Auto,Radiators,Aluminum,Vendor / Negotiation,18805,597374.67
2024-Q1,SKU-1006,Ironclad Auto,Radiators,Aluminum,Vendor / Negotiation,18805,607446.63
2024-Q2,SKU-1006,Ironclad Auto,Radiators,Aluminum,Vendor / Negotiation,18805,624482.08
2024-Q3,SKU-1006,Ironclad Auto,Radiators,Aluminum,Vendor / Negotiation,18805,628466.86
2024-Q4,SKU-1006,Ironclad Auto,Radiators,Aluminum,Vendor / Negotiation,18805,630644.48
2025-Q1,SKU-1006,Ironclad Auto,Radiators,Aluminum,Vendor / Negotiation,18805,643441.28
2025-Q2,SKU-1006,Ironclad Auto,Radiators,Aluminum,Vendor / Negotiation,18805,655245.18
2025-Q3,SKU-1006,Ironclad Auto,Radiators,Aluminum,Vendor / Negotiation,18805,629854.67
2025-Q4,SKU-1006,Ironclad Auto,Radiators,Aluminum,Vendor / Negotiation,18805,626353.18
2023-Q1,SKU-1007,Ironclad Auto,Radiators,Aluminum,Vendor / Negotiation,4989,108115.12
2023-Q2,SKU-1007,Ironclad Auto,Radiators,Aluminum,Vendor / Negotiation,4989,105834.15
2023-Q3,SKU-1007,Ironclad Auto,Radiators,Aluminum,Vendor / Negotiation,4989,108386.52
2023-Q4,SKU-1007,Ironclad Auto,Radiators,Aluminum,Vendor / Negotiation,4989,109212.2
2024-Q1,SKU-1007,Ironclad Auto,Radiators,Aluminum,Vendor / Negotiation,4989,112369.24
2024-Q2,SKU-1007,Ironclad Auto,Radiators,Aluminum,Vendor / Negotiation,4989,114690.13
2024-Q3,SKU-1007,Ironclad Auto,Radiators,Aluminum,Vendor / Negotiation,4989,114805.37
2024-Q4,SKU-1007,Ironclad Auto,Radiators,Aluminum,Vendor / Negotiation,4989,114105.91
2025-Q1,SKU-1007,Ironclad Auto,Radiators,Aluminum,Vendor / Negotiation,4989,118736.2
2025-Q2,SKU-1007,Ironclad Auto,Radiators,Aluminum,Vendor / Negotiation,4989,118070.17
2025-Q3,SKU-1007,Ironclad Auto,Radiators,Aluminum,Vendor / Negotiation,4989,117339.78
2025-Q4,SKU-1007,Ironclad Auto,Radiators,Aluminum,Vendor / Negotiation,4989,115930.39
2023-Q1,SKU-1008,Ironclad Auto,Spark Plugs,Copper,Vendor / Negotiation,16260,20375.41
2023-Q2,SKU-1008,Ironclad Auto,Spark Plugs,Copper,Vendor / Negotiation,16260,20711.99
2023-Q3,SKU-1008,Ironclad Auto,Spark Plugs,Copper,Vendor / Negotiation,16260,21177.02
2023-Q4,SKU-1008,Ironclad Auto,Spark Plugs,Copper,Vendor / Negotiation,16260,21640.43
2024-Q1,SKU-1008,Ironclad Auto,Spark Plugs,Copper,Vendor / Negotiation,16260,21915.23
2024-Q2,SKU-1008,Ironclad Auto,Spark Plugs,Copper,Vendor / Negotiation,16260,21711.98
2024-Q3,SKU-1008,Ironclad Auto,Spark Plugs,Copper,Vendor / Negotiation,16260,22664.81
2024-Q4,SKU-1008,Ironclad Auto,Spark Plugs,Copper,Vendor / Negotiation,16260,22427.42
2025-Q1,SKU-1008,Ironclad Auto,Spark Plugs,Copper,Vendor / Negotiation,16260,23118.47
2025-Q2,SKU-1008,Ironclad Auto,Spark Plugs,Copper,Vendor / Negotiation,16260,23567.24
2025-Q3,SKU-1008,Ironclad Auto,Spark Plugs,Copper,Vendor / Negotiation,16260,23541.23
2025-Q4,SKU-1008,Ironclad Auto,Spark Plugs,Copper,Vendor / Negotiation,16260,23269.69
2023-Q1,SKU-1009,Ironclad Auto,Spark Plugs,Copper,Vendor / Negotiation,19831,43538.96
2023-Q2,SKU-1009,Ironclad Auto,Spark Plugs,Copper,Vendor / Negotiation,19831,43915.75
2023-Q3,SKU-1009,Ironclad Auto,Spark Plugs,Copper,Vendor / Negotiation,19831,45668.81
2023-Q4,SKU-1009,Ironclad Auto,Spark Plugs,Copper,Vendor / Negotiation,19831,48326.16
2024-Q1,SKU-1009,Ironclad Auto,Spark Plugs,Copper,Vendor / Negotiation,19831,47497.23
2024-Q2,SKU-1009,Ironclad Auto,Spark Plugs,Copper,Vendor / Negotiation,19831,47836.34
2024-Q3,SKU-1009,Ironclad Auto,Spark Plugs,Copper,Vendor / Negotiation,19831,49702.44
2024-Q4,SKU-1009,Ironclad Auto,Spark Plugs,Copper,Vendor / Negotiation,19831,49024.22
2025-Q1,SKU-1009,Ironclad Auto,Spark Plugs,Copper,Vendor / Negotiation,19831,50868.5
2025-Q2,SKU-1009,Ironclad Auto,Spark Plugs,Copper,Vendor / Negotiation,19831,50757.44
2025-Q3,SKU-1009,Ironclad Auto,Spark Plugs,Copper,Vendor / Negotiation,19831,50824.87
2025-Q4,SKU-1009,Ironclad Auto,Spark Plugs,Copper,Vendor / Negotiation,19831,51336.51
2023-Q1,SKU-1010,Ironclad Auto,Spark Plugs,Copper,Vendor / Negotiation,8984,11772.63
2023-Q2,SKU-1010,Ironclad Auto,Spark Plugs,Copper,Vendor / Negotiation,8984,12081.68
2023-Q3,SKU-1010,Ironclad Auto,Spark Plugs,Copper,Vendor / Negotiation,8984,12104.14
2023-Q4,SKU-1010,Ironclad Auto,Spark Plugs,Copper,Vendor / Negotiation,8984,12646.78
2024-Q1,SKU-1010,Ironclad Auto,Spark Plugs,Copper,Vendor / Negotiation,8984,12745.6
2024-Q2,SKU-1010,Ironclad Auto,Spark Plugs,Copper,Vendor / Negotiation,8984,12647.68
2024-Q3,SKU-1010,Ironclad Auto,Spark Plugs,Copper,Vendor / Negotiation,8984,13033.09
2024-Q4,SKU-1010,Ironclad Auto,Spark Plugs,Copper,Vendor / Negotiation,8984,13351.12
2025-Q1,SKU-1010,Ironclad Auto,Spark Plugs,Copper,Vendor / Negotiation,8984,13512.83
2025-Q2,SKU-1010,Ironclad Auto,Spark Plugs,Copper,Vendor / Negotiation,8984,13624.24
2025-Q3,SKU-1010,Ironclad Auto,Spark Plugs,Copper,Vendor / Negotiation,8984,13447.25
2025-Q4,SKU-1010,Ironclad Auto,Spark Plugs,Copper,Vendor / Negotiation,8984,13703.3
2023-Q1,SKU-1011,Ironclad Auto,Spark Plugs,Copper,Vendor / Negotiation,2761,5647.63
2023-Q2,SKU-1011,Ironclad Auto,Spark Plugs,Copper,Vendor / Negotiation,2761,5785.12
2023-Q3,SKU-1011,Ironclad Auto,Spark Plugs,Copper,Vendor / Negotiation,2761,5946.09
2023-Q4,SKU-1011,Ironclad Auto,Spark Plugs,Copper,Vendor / Negotiation,2761,6009.32
2024-Q1,SKU-1011,Ironclad Auto,Spark Plugs,Copper,Vendor / Negotiation,2761,5982.81
2024-Q2,SKU-1011,Ironclad Auto,Spark Plugs,Copper,Vendor / Negotiation,2761,6110.09
2024-Q3,SKU-1011,Ironclad Auto,Spark Plugs,Copper,Vendor / Negotiation,2761,6341.19
2024-Q4,SKU-1011,Ironclad Auto,Spark Plugs,Copper,Vendor / Negotiation,2761,6255.05
2025-Q1,SKU-1011,Ironclad Auto,Spark Plugs,Copper,Vendor / Negotiation,2761,6543.29
2025-Q2,SKU-1011,Ironclad Auto,Spark Plugs,Copper,Vendor / Negotiation,2761,6440.31
2025-Q3,SKU-1011,Ironclad Auto,Spark Plugs,Copper,Vendor / Negotiation,2761,6554.61
2025-Q4,SKU-1011,Ironclad Auto,Spark Plugs,Copper,Vendor / Negotiation,2761,6370.73
2023-Q1,SKU-1012,Zhongli Parts,Filters,Paper,Vendor / Negotiation,17782,42829.73
2023-Q2,SKU-1012,Zhongli Parts,Filters,Paper,Vendor / Negotiation,17782,42443.86
2023-Q3,SKU-1012,Zhongli Parts,Filters,Paper,Vendor / Negotiation,17782,43251.16
2023-Q4,SKU-1012,Zhongli Parts,Filters,Paper,Vendor / Negotiation,17782,44085.13
2024-Q1,SKU-1012,Zhongli Parts,Filters,Paper,Vendor / Negotiation,17782,44305.63
2024-Q2,SKU-1012,Zhongli Parts,Filters,Paper,Vendor / Negotiation,17782,44696.84
2024-Q3,SKU-1012,Zhongli Parts,Filters,Paper,Vendor / Negotiation,17782,46142.51
2024-Q4,SKU-1012,Zhongli Parts,Filters,Paper,Vendor / Negotiation,17782,46254.54
2025-Q1,SKU-1012,Zhongli Parts,Filters,Paper,Vendor / Negotiation,17782,45621.5
2025-Q2,SKU-1012,Zhongli Parts,Filters,Paper,Vendor / Negotiation,17782,46071.38
2025-Q3,SKU-1012,Zhongli Parts,Filters,Paper,Vendor / Negotiation,17782,46619.07
2025-Q4,SKU-1012,Zhongli Parts,Filters,Paper,Vendor / Negotiation,17782,47394.36
2023-Q1,SKU-1013,Zhongli Parts,Filters,Paper,Vendor / Negotiation,18767,52343.04
2023-Q2,SKU-1013,Zhongli Parts,Filters,Paper,Vendor / Negotiation,18767,52211.67
2023-Q3,SKU-1013,Zhongli Parts,Filters,Paper,Vendor / Negotiation,18767,53641.72
2023-Q4,SKU-1013,Zhongli Parts,Filters,Paper,Vendor / Negotiation,18767,52984.87
2024-Q1,SKU-1013,Zhongli Parts,Filters,Paper,Vendor / Negotiation,18767,53358.33
2024-Q2,SKU-1013,Zhongli Parts,Filters,Paper,Vendor / Negotiation,18767,53636.09
2024-Q3,SKU-1013,Zhongli Parts,Filters,Paper,Vendor / Negotiation,18767,55184.36
2024-Q4,SKU-1013,Zhongli Parts,Filters,Paper,Vendor / Negotiation,18767,55019.21
2025-Q1,SKU-1013,Zhongli Parts,Filters,Paper,Vendor / Negotiation,18767,55073.64
2025-Q2,SKU-1013,Zhongli Parts,Filters,Paper,Vendor / Negotiation,18767,55148.71
2025-Q3,SKU-1013,Zhongli Parts,Filters,Paper,Vendor / Negotiation,18767,56042.02
2025-Q4,SKU-1013,Zhongli Parts,Filters,Paper,Vendor / Negotiation,18767,56976.61
2023-Q1,SKU-1014,Zhongli Parts,Filters,Paper,Vendor / Negotiation,7660,15832.45
2023-Q2,SKU-1014,Zhongli Parts,Filters,Paper,Vendor / Negotiation,7660,16099.02
2023-Q3,SKU-1014,Zhongli Parts,Filters,Paper,Vendor / Negotiation,7660,16234.6
2023-Q4,SKU-1014,Zhongli Parts,Filters,Paper,Vendor / Negotiation,7660,16228.48
2024-Q1,SKU-1014,Zhongli Parts,Filters,Paper,Vendor / Negotiation,7660,16298.95
2024-Q2,SKU-1014,Zhongli Parts,Filters,Paper,Vendor / Negotiation,7660,16647.48
2024-Q3,SKU-1014,Zhongli Parts,Filters,Paper,Vendor / Negotiation,7660,17108.61
2024-Q4,SKU-1014,Zhongli Parts,Filters,Paper,Vendor / Negotiation,7660,16831.32
2025-Q1,SKU-1014,Zhongli Parts,Filters,Paper,Vendor / Negotiation,7660,17011.33
2025-Q2,SKU-1014,Zhongli Parts,Filters,Paper,Vendor / Negotiation,7660,16956.94
2025-Q3,SKU-1014,Zhongli Parts,Filters,Paper,Vendor / Negotiation,7660,16980.69
2025-Q4,SKU-1014,Zhongli Parts,Filters,Paper,Vendor / Negotiation,7660,17485.48
2023-Q1,SKU-1015,Zhongli Parts,Wipers,Rubber,Vendor / Negotiation,6748,29484.71
2023-Q2,SKU-1015,Zhongli Parts,Wipers,Rubber,Vendor / Negotiation,6748,30583.29
2023-Q3,SKU-1015,Zhongli Parts,Wipers,Rubber,Vendor / Negotiation,6748,30989.52
2023-Q4,SKU-1015,Zhongli Parts,Wipers,Rubber,Vendor / Negotiation,6748,31247.96
2024-Q1,SKU-1015,Zhongli Parts,Wipers,Rubber,Vendor / Negotiation,6748,30503.66
2024-Q2,SKU-1015,Zhongli Parts,Wipers,Rubber,Vendor / Negotiation,6748,29659.48
2024-Q3,SKU-1015,Zhongli Parts,Wipers,Rubber,Vendor / Negotiation,6748,29907.81
2024-Q4,SKU-1015,Zhongli Parts,Wipers,Rubber,Vendor / Negotiation,6748,29915.23
2025-Q1,SKU-1015,Zhongli Parts,Wipers,Rubber,Vendor / Negotiation,6748,29700.65
2025-Q2,SKU-1015,Zhongli Parts,Wipers,Rubber,Vendor / Negotiation,6748,31534.75
2025-Q3,SKU-1015,Zhongli Parts,Wipers,Rubber,Vendor / Negotiation,6748,31464.57
2025-Q4,SKU-1015,Zhongli Parts,Wipers,Rubber,Vendor / Negotiation,6748,31498.31
2023-Q1,SKU-1016,Zhongli Parts,Wipers,Rubber,Vendor / Negotiation,771,2800.97
2023-Q2,SKU-1016,Zhongli Parts,Wipers,Rubber,Vendor / Negotiation,771,2856.17
2023-Q3,SKU-1016,Zhongli Parts,Wipers,Rubber,Vendor / Negotiation,771,2935.89
2023-Q4,SKU-1016,Zhongli Parts,Wipers,Rubber,Vendor / Negotiation,771,2922.63
2024-Q1,SKU-1016,Zhongli Parts,Wipers,Rubber,Vendor / Negotiation,771,2876.52
2024-Q2,SKU-1016,Zhongli Parts,Wipers,Rubber,Vendor / Negotiation,771,2919.55
2024-Q3,SKU-1016,Zhongli Parts,Wipers,Rubber,Vendor / Negotiation,771,2809.52
2024-Q4,SKU-1016,Zhongli Parts,Wipers,Rubber,Vendor / Negotiation,771,2796.34
2025-Q1,SKU-1016,Zhongli Parts,Wipers,Rubber,Vendor / Negotiation,771,2822.25
2025-Q2,SKU-1016,Zhongli Parts,Wipers,Rubber,Vendor / Negotiation,771,2942.21
2025-Q3,SKU-1016,Zhongli Parts,Wipers,Rubber,Vendor / Negotiation,771,2937.05
2025-Q4,SKU-1016,Zhongli Parts,Wipers,Rubber,Vendor / Negotiation,771,3013.68
2023-Q1,SKU-1017,Zhongli Parts,Belts & Hoses,Rubber,Vendor / Negotiation,10373,56130.38
2023-Q2,SKU-1017,Zhongli Parts,Belts & Hoses,Rubber,Vendor / Negotiation,10373,57943.58
2023-Q3,SKU-1017,Zhongli Parts,Belts & Hoses,Rubber,Vendor / Negotiation,10373,58144.81
2023-Q4,SKU-1017,Zhongli Parts,Belts & Hoses,Rubber,Vendor / Negotiation,10373,60554.46
2024-Q1,SKU-1017,Zhongli Parts,Belts & Hoses,Rubber,Vendor / Negotiation,10373,57694.63
2024-Q2,SKU-1017,Zhongli Parts,Belts & Hoses,Rubber,Vendor / Negotiation,10373,57661.43
2024-Q3,SKU-1017,Zhongli Parts,Belts & Hoses,Rubber,Vendor / Negotiation,10373,58090.87
2024-Q4,SKU-1017,Zhongli Parts,Belts & Hoses,Rubber,Vendor / Negotiation,10373,57740.27
2025-Q1,SKU-1017,Zhongli Parts,Belts & Hoses,Rubber,Vendor / Negotiation,10373,57595.05
2025-Q2,SKU-1017,Zhongli Parts,Belts & Hoses,Rubber,Vendor / Negotiation,10373,58858.48
2025-Q3,SKU-1017,Zhongli Parts,Belts & Hoses,Rubber,Vendor / Negotiation,10373,59261.99
2025-Q4,SKU-1017,Zhongli Parts,Belts & Hoses,Rubber,Vendor / Negotiation,10373,60240.16
2023-Q1,SKU-1018,Zhongli Parts,Belts & Hoses,Rubber,Vendor / Negotiation,2145,15757.38
2023-Q2,SKU-1018,Zhongli Parts,Belts & Hoses,Rubber,Vendor / Negotiation,2145,15635.33
2023-Q3,SKU-1018,Zhongli Parts,Belts & Hoses,Rubber,Vendor / Negotiation,2145,16156.35
2023-Q4,SKU-1018,Zhongli Parts,Belts & Hoses,Rubber,Vendor / Negotiation,2145,16331.17
2024-Q1,SKU-1018,Zhongli Parts,Belts & Hoses,Rubber,Vendor / Negotiation,2145,15768.54
2024-Q2,SKU-1018,Zhongli Parts,Belts & Hoses,Rubber,Vendor / Negotiation,2145,16074.84
2024-Q3,SKU-1018,Zhongli Parts,Belts & Hoses,Rubber,Vendor / Negotiation,2145,15933.7
2024-Q4,SKU-1018,Zhongli Parts,Belts & Hoses,Rubber,Vendor / Negotiation,2145,15667.94
2025-Q1,SKU-1018,Zhongli Parts,Belts & Hoses,Rubber,Vendor / Negotiation,2145,16001.91
2025-Q2,SKU-1018,Zhongli Parts,Belts & Hoses,Rubber,Vendor / Negotiation,2145,16387.59
2025-Q3,SKU-1018,Zhongli Parts,Belts & Hoses,Rubber,Vendor / Negotiation,2145,16223.28
2025-Q4,SKU-1018,Zhongli Parts,Belts & Hoses,Rubber,Vendor / Negotiation,2145,16776.9
2023-Q1,SKU-1019,Zhongli Parts,Spark Plugs,Copper,Vendor / Negotiation,19475,30375.16
2023-Q2,SKU-1019,Zhongli Parts,Spark Plugs,Copper,Vendor / Negotiation,19475,31415.12
2023-Q3,SKU-1019,Zhongli Parts,Spark Plugs,Copper,Vendor / Negotiation,19475,31580.66
2023-Q4,SKU-1019,Zhongli Parts,Spark Plugs,Copper,Vendor / Negotiation,19475,32548.57
2024-Q1,SKU-1019,Zhongli Parts,Spark Plugs,Copper,Vendor / Negotiation,19475,33125.03
2024-Q2,SKU-1019,Zhongli Parts,Spark Plugs,Copper,Vendor / Negotiation,19475,32928.33
2024-Q3,SKU-1019,Zhongli Parts,Spark Plugs,Copper,Vendor / Negotiation,19475,33487.26
2024-Q4,SKU-1019,Zhongli Parts,Spark Plugs,Copper,Vendor / Negotiation,19475,34866.09
2025-Q1,SKU-1019,Zhongli Parts,Spark Plugs,Copper,Vendor / Negotiation,19475,36042.38
2025-Q2,SKU-1019,Zhongli Parts,Spark Plugs,Copper,Vendor / Negotiation,19475,34940.1
2025-Q3,SKU-1019,Zhongli Parts,Spark Plugs,Copper,Vendor / Negotiation,19475,34575.92
2025-Q4,SKU-1019,Zhongli Parts,Spark Plugs,Copper,Vendor / Negotiation,19475,35160.16
2023-Q1,SKU-1020,Zhongli Parts,Spark Plugs,Copper,Vendor / Negotiation,19134,27436.24
2023-Q2,SKU-1020,Zhongli Parts,Spark Plugs,Copper,Vendor / Negotiation,19134,28100.19
2023-Q3,SKU-1020,Zhongli Parts,Spark Plugs,Copper,Vendor / Negotiation,19134,28270.48
2023-Q4,SKU-1020,Zhongli Parts,Spark Plugs,Copper,Vendor / Negotiation,19134,29573.51
2024-Q1,SKU-1020,Zhongli Parts,Spark Plugs,Copper,Vendor / Negotiation,19134,29588.82
2024-Q2,SKU-1020,Zhongli Parts,Spark Plugs,Copper,Vendor / Negotiation,19134,29519.94
2024-Q3,SKU-1020,Zhongli Parts,Spark Plugs,Copper,Vendor / Negotiation,19134,31002.82
2024-Q4,SKU-1020,Zhongli Parts,Spark Plugs,Copper,Vendor / Negotiation,19134,31509.87
2025-Q1,SKU-1020,Zhongli Parts,Spark Plugs,Copper,Vendor / Negotiation,19134,31793.05
2025-Q2,SKU-1020,Zhongli Parts,Spark Plugs,Copper,Vendor / Negotiation,19134,31473.52
2025-Q3,SKU-1020,Zhongli Parts,Spark Plugs,Copper,Vendor / Negotiation,19134,31620.85
2025-Q4,SKU-1020,Zhongli Parts,Spark Plugs,Copper,Vendor / Negotiation,19134,31905.94
2023-Q1,SKU-1021,Zhongli Parts,Spark Plugs,Copper,Vendor / Negotiation,16895,39005.49
2023-Q2,SKU-1021,Zhongli Parts,Spark Plugs,Copper,Vendor / Negotiation,16895,40674.71
2023-Q3,SKU-1021,Zhongli Parts,Spark Plugs,Copper,Vendor / Negotiation,16895,41068.37
2023-Q4,SKU-1021,Zhongli Parts,Spark Plugs,Copper,Vendor / Negotiation,16895,43166.73
2024-Q1,SKU-1021,Zhongli Parts,Spark Plugs,Copper,Vendor / Negotiation,16895,42408.14
2024-Q2,SKU-1021,Zhongli Parts,Spark Plugs,Copper,Vendor / Negotiation,16895,43839.15
2024-Q3,SKU-1021,Zhongli Parts,Spark Plugs,Copper,Vendor / Negotiation,16895,44008.1
2024-Q4,SKU-1021,Zhongli Parts,Spark Plugs,Copper,Vendor / Negotiation,16895,44873.12
2025-Q1,SKU-1021,Zhongli Parts,Spark Plugs,Copper,Vendor / Negotiation,16895,45920.61
2025-Q2,SKU-1021,Zhongli Parts,Spark Plugs,Copper,Vendor / Negotiation,16895,45190.75
2025-Q3,SKU-1021,Zhongli Parts,Spark Plugs,Copper,Vendor / Negotiation,16895,45741.52
2025-Q4,SKU-1021,Zhongli Parts,Spark Plugs,Copper,Vendor / Negotiation,16895,46263.58
2023-Q1,SKU-1022,EuroTech GmbH,Brakes,Steel,Vendor / Negotiation,4038,40908.57
2023-Q2,SKU-1022,EuroTech GmbH,Brakes,Steel,Vendor / Negotiation,4038,40346.89
2023-Q3,SKU-1022,EuroTech GmbH,Brakes,Steel,Vendor / Negotiation,4038,41103.61
2023-Q4,SKU-1022,EuroTech GmbH,Brakes,Steel,Vendor / Negotiation,4038,40893.23
2024-Q1,SKU-1022,EuroTech GmbH,Brakes,Steel,Vendor / Negotiation,4038,40958.24
2024-Q2,SKU-1022,EuroTech GmbH,Brakes,Steel,Vendor / Negotiation,4038,41007.91
2024-Q3,SKU-1022,EuroTech GmbH,Brakes,Steel,Vendor / Negotiation,4038,40377.58
2024-Q4,SKU-1022,EuroTech GmbH,Brakes,Steel,Vendor / Negotiation,4038,40433.71
2025-Q1,SKU-1022,EuroTech GmbH,Brakes,Steel,Vendor / Negotiation,4038,41345.49
2025-Q2,SKU-1022,EuroTech GmbH,Brakes,Steel,Vendor / Negotiation,4038,40894.84
2025-Q3,SKU-1022,EuroTech GmbH,Brakes,Steel,Vendor / Negotiation,4038,40203.14
2025-Q4,SKU-1022,EuroTech GmbH,Brakes,Steel,Vendor / Negotiation,4038,41722.63
2023-Q1,SKU-1023,EuroTech GmbH,Brakes,Steel,Vendor / Negotiation,15802,176525.72
2023-Q2,SKU-1023,EuroTech GmbH,Brakes,Steel,Vendor / Negotiation,15802,174789.08
2023-Q3,SKU-1023,EuroTech GmbH,Brakes,Steel,Vendor / Negotiation,15802,174025.85
2023-Q4,SKU-1023,EuroTech GmbH,Brakes,Steel,Vendor / Negotiation,15802,178470.95
2024-Q1,SKU-1023,EuroTech GmbH,Brakes,Steel,Vendor / Negotiation,15802,176906.55
2024-Q2,SKU-1023,EuroTech GmbH,Brakes,Steel,Vendor / Negotiation,15802,180240.77
2024-Q3,SKU-1023,EuroTech GmbH,Brakes,Steel,Vendor / Negotiation,15802,176941.31
2024-Q4,SKU-1023,EuroTech GmbH,Brakes,Steel,Vendor / Negotiation,15802,176966.6
2025-Q1,SKU-1023,EuroTech GmbH,Brakes,Steel,Vendor / Negotiation,15802,176208.1
2025-Q2,SKU-1023,EuroTech GmbH,Brakes,Steel,Vendor / Negotiation,15802,177777.24
2025-Q3,SKU-1023,EuroTech GmbH,Brakes,Steel,Vendor / Negotiation,15802,178066.42
2025-Q4,SKU-1023,EuroTech GmbH,Brakes,Steel,Vendor / Negotiation,15802,179790.42
2023-Q1,SKU-1024,EuroTech GmbH,Batteries,Lead,Vendor / Negotiation,5036,134447.1
2023-Q2,SKU-1024,EuroTech GmbH,Batteries,Lead,Vendor / Negotiation,5036,134969.33
2023-Q3,SKU-1024,EuroTech GmbH,Batteries,Lead,Vendor / Negotiation,5036,135151.64
2023-Q4,SKU-1024,EuroTech GmbH,Batteries,Lead,Vendor / Negotiation,5036,136724.38
2024-Q1,SKU-1024,EuroTech GmbH,Batteries,Lead,Vendor / Negotiation,5036,137896.76
2024-Q2,SKU-1024,EuroTech GmbH,Batteries,Lead,Vendor / Negotiation,5036,135077.1
2024-Q3,SKU-1024,EuroTech GmbH,Batteries,Lead,Vendor / Negotiation,5036,135489.05
2024-Q4,SKU-1024,EuroTech GmbH,Batteries,Lead,Vendor / Negotiation,5036,136587.4
2025-Q1,SKU-1024,EuroTech GmbH,Batteries,Lead,Vendor / Negotiation,5036,135889.91
2025-Q2,SKU-1024,EuroTech GmbH,Batteries,Lead,Vendor / Negotiation,5036,137413.3
2025-Q3,SKU-1024,EuroTech GmbH,Batteries,Lead,Vendor / Negotiation,5036,133577.38
2025-Q4,SKU-1024,EuroTech GmbH,Batteries,Lead,Vendor / Negotiation,5036,135575.67
2023-Q1,SKU-1025,EuroTech GmbH,Batteries,Lead,Vendor / Negotiation,2818,91246.28
2023-Q2,SKU-1025,EuroTech GmbH,Batteries,Lead,Vendor / Negotiation,2818,90108.37
2023-Q3,SKU-1025,EuroTech GmbH,Batteries,Lead,Vendor / Negotiation,2818,91520.19
2023-Q4,SKU-1025,EuroTech GmbH,Batteries,Lead,Vendor / Negotiation,2818,91467.21
2024-Q1,SKU-1025,EuroTech GmbH,Batteries,Lead,Vendor / Negotiation,2818,92270.9
2024-Q2,SKU-1025,EuroTech GmbH,Batteries,Lead,Vendor / Negotiation,2818,93360.62
2024-Q3,SKU-1025,EuroTech GmbH,Batteries,Lead,Vendor / Negotiation,2818,92360.8
2024-Q4,SKU-1025,EuroTech GmbH,Batteries,Lead,Vendor / Negotiation,2818,91706.17
2025-Q1,SKU-1025,EuroTech GmbH,Batteries,Lead,Vendor / Negotiation,2818,92642.03
2025-Q2,SKU-1025,EuroTech GmbH,Batteries,Lead,Vendor / Negotiation,2818,93593.95
2025-Q3,SKU-1025,EuroTech GmbH,Batteries,Lead,Vendor / Negotiation,2818,92067.72
2025-Q4,SKU-1025,EuroTech GmbH,Batteries,Lead,Vendor / Negotiation,2818,92177.34
2023-Q1,SKU-1026,EuroTech GmbH,Batteries,Lead,Vendor / Negotiation,17416,754652.7
2023-Q2,SKU-1026,EuroTech GmbH,Batteries,Lead,Vendor / Negotiation,17416,751052.81
2023-Q3,SKU-1026,EuroTech GmbH,Batteries,Lead,Vendor / Negotiation,17416,758914.39
2023-Q4,SKU-1026,EuroTech GmbH,Batteries,Lead,Vendor / Negotiation,17416,753156.66
2024-Q1,SKU-1026,EuroTech GmbH,Batteries,Lead,Vendor / Negotiation,17416,759724.24
2024-Q2,SKU-1026,EuroTech GmbH,Batteries,Lead,Vendor / Negotiation,17416,745721.77
2024-Q3,SKU-1026,EuroTech GmbH,Batteries,Lead,Vendor / Negotiation,17416,755431.19
2024-Q4,SKU-1026,EuroTech GmbH,Batteries,Lead,Vendor / Negotiation,17416,754494.21
2025-Q1,SKU-1026,EuroTech GmbH,Batteries,Lead,Vendor / Negotiation,17416,747278.76
2025-Q2,SKU-1026,EuroTech GmbH,Batteries,Lead,Vendor / Negotiation,17416,744138.66
2025-Q3,SKU-1026,EuroTech GmbH,Batteries,Lead,Vendor / Negotiation,17416,763761.26
2025-Q4,SKU-1026,EuroTech GmbH,Batteries,Lead,Vendor / Negotiation,17416,756383.85
2023-Q1,SKU-1027,EuroTech GmbH,Batteries,Lead,Vendor / Negotiation,19203,923178.46
2023-Q2,SKU-1027,EuroTech GmbH,Batteries,Lead,Vendor / Negotiation,19203,934617.69
2023-Q3,SKU-1027,EuroTech GmbH,Batteries,Lead,Vendor / Negotiation,19203,947702.62
2023-Q4,SKU-1027,EuroTech GmbH,Batteries,Lead,Vendor / Negotiation,19203,914919.25
2024-Q1,SKU-1027,EuroTech GmbH,Batteries,Lead,Vendor / Negotiation,19203,923721.91
2024-Q2,SKU-1027,EuroTech GmbH,Batteries,Lead,Vendor / Negotiation,19203,927869.76
2024-Q3,SKU-1027,EuroTech GmbH,Batteries,Lead,Vendor / Negotiation,19203,952632.03
2024-Q4,SKU-1027,EuroTech GmbH,Batteries,Lead,Vendor / Negotiation,19203,942327.7
2025-Q1,SKU-1027,EuroTech GmbH,Batteries,Lead,Vendor / Negotiation,19203,947257.11
2025-Q2,SKU-1027,EuroTech GmbH,Batteries,Lead,Vendor / Negotiation,19203,928804.94
2025-Q3,SKU-1027,EuroTech GmbH,Batteries,Lead,Vendor / Negotiation,19203,932407.43
2025-Q4,SKU-1027,EuroTech GmbH,Batteries,Lead,Vendor / Negotiation,19203,947525.95
2023-Q1,SKU-1028,EuroTech GmbH,Radiators,Aluminum,Vendor / Negotiation,6715,207568.71
2023-Q2,SKU-1028,EuroTech GmbH,Radiators,Aluminum,Vendor / Negotiation,6715,208641.09
2023-Q3,SKU-1028,EuroTech GmbH,Radiators,Aluminum,Vendor / Negotiation,6715,207427.69
2023-Q4,SKU-1028,EuroTech GmbH,Radiators,Aluminum,Vendor / Negotiation,6715,208945.28
2024-Q1,SKU-1028,EuroTech GmbH,Radiators,Aluminum,Vendor / Negotiation,6715,209346.17
2024-Q2,SKU-1028,EuroTech GmbH,Radiators,Aluminum,Vendor / Negotiation,6715,211368.06
2024-Q3,SKU-1028,EuroTech GmbH,Radiators,Aluminum,Vendor / Negotiation,6715,211486.24
2024-Q4,SKU-1028,EuroTech GmbH,Radiators,Aluminum,Vendor / Negotiation,6715,206437.9
2025-Q1,SKU-1028,EuroTech GmbH,Radiators,Aluminum,Vendor / Negotiation,6715,205961.81
2025-Q2,SKU-1028,EuroTech GmbH,Radiators,Aluminum,Vendor / Negotiation,6715,212870.2
2025-Q3,SKU-1028,EuroTech GmbH,Radiators,Aluminum,Vendor / Negotiation,6715,212682.85
2025-Q4,SKU-1028,EuroTech GmbH,Radiators,Aluminum,Vendor / Negotiation,6715,207645.93
2023-Q1,SKU-1029,EuroTech GmbH,Radiators,Aluminum,Vendor / Negotiation,3727,119257.29
2023-Q2,SKU-1029,EuroTech GmbH,Radiators,Aluminum,Vendor / Negotiation,3727,121669.78
2023-Q3,SKU-1029,EuroTech GmbH,Radiators,Aluminum,Vendor / Negotiation,3727,122864.65
2023-Q4,SKU-1029,EuroTech GmbH,Radiators,Aluminum,Vendor / Negotiation,3727,124240.66
2024-Q1,SKU-1029,EuroTech GmbH,Radiators,Aluminum,Vendor / Negotiation,3727,123064.42
2024-Q2,SKU-1029,EuroTech GmbH,Radiators,Aluminum,Vendor / Negotiation,3727,122416.67
2024-Q3,SKU-1029,EuroTech GmbH,Radiators,Aluminum,Vendor / Negotiation,3727,121817.0
2024-Q4,SKU-1029,EuroTech GmbH,Radiators,Aluminum,Vendor / Negotiation,3727,122907.89
2025-Q1,SKU-1029,EuroTech GmbH,Radiators,Aluminum,Vendor / Negotiation,3727,123014.11
2025-Q2,SKU-1029,EuroTech GmbH,Radiators,Aluminum,Vendor / Negotiation,3727,122242.99
2025-Q3,SKU-1029,EuroTech GmbH,Radiators,Aluminum,Vendor / Negotiation,3727,125630.09
2025-Q4,SKU-1029,EuroTech GmbH,Radiators,Aluminum,Vendor / Negotiation,3727,125043.09
2023-Q1,SKU-1030,EuroTech GmbH,Radiators,Aluminum,Vendor / Negotiation,4299,115881.69
2023-Q2,SKU-1030,EuroTech GmbH,Radiators,Aluminum,Vendor / Negotiation,4299,113555.08
2023-Q3,SKU-1030,EuroTech GmbH,Radiators,Aluminum,Vendor / Negotiation,4299,115763.47
2023-Q4,SKU-1030,EuroTech GmbH,Radiators,Aluminum,Vendor / Negotiation,4299,115821.08
2024-Q1,SKU-1030,EuroTech GmbH,Radiators,Aluminum,Vendor / Negotiation,4299,115954.35
2024-Q2,SKU-1030,EuroTech GmbH,Radiators,Aluminum,Vendor / Negotiation,4299,117285.75
2024-Q3,SKU-1030,EuroTech GmbH,Radiators,Aluminum,Vendor / Negotiation,4299,116613.81
2024-Q4,SKU-1030,EuroTech GmbH,Radiators,Aluminum,Vendor / Negotiation,4299,116726.02
2025-Q1,SKU-1030,EuroTech GmbH,Radiators,Aluminum,Vendor / Negotiation,4299,117063.92
2025-Q2,SKU-1030,EuroTech GmbH,Radiators,Aluminum,Vendor / Negotiation,4299,116817.59
2025-Q3,SKU-1030,EuroTech GmbH,Radiators,Aluminum,Vendor / Negotiation,4299,114067.09
2025-Q4,SKU-1030,EuroTech GmbH,Radiators,Aluminum,Vendor / Negotiation,4299,115954.78
2023-Q1,SKU-1031,Monterrey Supply,Filters,Paper,Vendor / Negotiation,16650,36761.53
2023-Q2,SKU-1031,Monterrey Supply,Filters,Paper,Vendor / Negotiation,16650,36493.47
2023-Q3,SKU-1031,Monterrey Supply,Filters,Paper,Vendor / Negotiation,16650,37635.66
2023-Q4,SKU-1031,Monterrey Supply,Filters,Paper,Vendor / Negotiation,16650,37692.27
2024-Q1,SKU-1031,Monterrey Supply,Filters,Paper,Vendor / Negotiation,16650,37599.03
2024-Q2,SKU-1031,Monterrey Supply,Filters,Paper,Vendor / Negotiation,16650,37236.06
2024-Q3,SKU-1031,Monterrey Supply,Filters,Paper,Vendor / Negotiation,16650,37792.17
2024-Q4,SKU-1031,Monterrey Supply,Filters,Paper,Vendor / Negotiation,16650,37292.67
2025-Q1,SKU-1031,Monterrey Supply,Filters,Paper,Vendor / Negotiation,16650,37350.94
2025-Q2,SKU-1031,Monterrey Supply,Filters,Paper,Vendor / Negotiation,16650,36841.46
2025-Q3,SKU-1031,Monterrey Supply,Filters,Paper,Vendor / Negotiation,16650,37452.51
2025-Q4,SKU-1031,Monterrey Supply,Filters,Paper,Vendor / Negotiation,16650,37424.2
2023-Q1,SKU-1032,Monterrey Supply,Filters,Paper,Vendor / Negotiation,17097,50485.73
2023-Q2,SKU-1032,Monterrey Supply,Filters,Paper,Vendor / Negotiation,17097,51125.16
2023-Q3,SKU-1032,Monterrey Supply,Filters,Paper,Vendor / Negotiation,17097,51176.45
2023-Q4,SKU-1032,Monterrey Supply,Filters,Paper,Vendor / Negotiation,17097,52192.01
2024-Q1,SKU-1032,Monterrey Supply,Filters,Paper,Vendor / Negotiation,17097,51788.52
2024-Q2,SKU-1032,Monterrey Supply,Filters,Paper,Vendor / Negotiation,17097,51400.42
2024-Q3,SKU-1032,Monterrey Supply,Filters,Paper,Vendor / Negotiation,17097,51730.39
2024-Q4,SKU-1032,Monterrey Supply,Filters,Paper,Vendor / Negotiation,17097,51619.26
2025-Q1,SKU-1032,Monterrey Supply,Filters,Paper,Vendor / Negotiation,17097,51475.65
2025-Q2,SKU-1032,Monterrey Supply,Filters,Paper,Vendor / Negotiation,17097,50983.25
2025-Q3,SKU-1032,Monterrey Supply,Filters,Paper,Vendor / Negotiation,17097,51544.04
2025-Q4,SKU-1032,Monterrey Supply,Filters,Paper,Vendor / Negotiation,17097,51371.36
2023-Q1,SKU-1033,Monterrey Supply,Filters,Paper,Vendor / Negotiation,19002,72477.43
2023-Q2,SKU-1033,Monterrey Supply,Filters,Paper,Vendor / Negotiation,19002,73769.56
2023-Q3,SKU-1033,Monterrey Supply,Filters,Paper,Vendor / Negotiation,19002,73775.26
2023-Q4,SKU-1033,Monterrey Supply,Filters,Paper,Vendor / Negotiation,19002,72255.11
2024-Q1,SKU-1033,Monterrey Supply,Filters,Paper,Vendor / Negotiation,19002,73562.44
2024-Q2,SKU-1033,Monterrey Supply,Filters,Paper,Vendor / Negotiation,19002,74474.54
2024-Q3,SKU-1033,Monterrey Supply,Filters,Paper,Vendor / Negotiation,19002,74818.47
2024-Q4,SKU-1033,Monterrey Supply,Filters,Paper,Vendor / Negotiation,19002,74784.27
2025-Q1,SKU-1033,Monterrey Supply,Filters,Paper,Vendor / Negotiation,19002,74037.49
2025-Q2,SKU-1033,Monterrey Supply,Filters,Paper,Vendor / Negotiation,19002,73326.82
2025-Q3,SKU-1033,Monterrey Supply,Filters,Paper,Vendor / Negotiation,19002,73271.71
2025-Q4,SKU-1033,Monterrey Supply,Filters,Paper,Vendor / Negotiation,19002,74510.64
2023-Q1,SKU-1034,Monterrey Supply,Motor Oil,Crude Oil,Vendor / Negotiation,2319,15434.1
2023-Q2,SKU-1034,Monterrey Supply,Motor Oil,Crude Oil,Vendor / Negotiation,2319,15573.71
2023-Q3,SKU-1034,Monterrey Supply,Motor Oil,Crude Oil,Vendor / Negotiation,2319,15544.95
2023-Q4,SKU-1034,Monterrey Supply,Motor Oil,Crude Oil,Vendor / Negotiation,2319,15355.49
2024-Q1,SKU-1034,Monterrey Supply,Motor Oil,Crude Oil,Vendor / Negotiation,2319,15253.22
2024-Q2,SKU-1034,Monterrey Supply,Motor Oil,Crude Oil,Vendor / Negotiation,2319,15461.47
2024-Q3,SKU-1034,Monterrey Supply,Motor Oil,Crude Oil,Vendor / Negotiation,2319,15516.89
2024-Q4,SKU-1034,Monterrey Supply,Motor Oil,Crude Oil,Vendor / Negotiation,2319,15496.95
2025-Q1,SKU-1034,Monterrey Supply,Motor Oil,Crude Oil,Vendor / Negotiation,2319,15476.54
2025-Q2,SKU-1034,Monterrey Supply,Motor Oil,Crude Oil,Vendor / Negotiation,2319,15651.86
2025-Q3,SKU-1034,Monterrey Supply,Motor Oil,Crude Oil,Vendor / Negotiation,2319,15644.67
2025-Q4,SKU-1034,Monterrey Supply,Motor Oil,Crude Oil,Vendor / Negotiation,2319,15681.31
2023-Q1,SKU-1035,Monterrey Supply,Motor Oil,Crude Oil,Vendor / Negotiation,2432,10117.36
2023-Q2,SKU-1035,Monterrey Supply,Motor Oil,Crude Oil,Vendor / Negotiation,2432,10045.38
2023-Q3,SKU-1035,Monterrey Supply,Motor Oil,Crude Oil,Vendor / Negotiation,2432,10110.55
2023-Q4,SKU-1035,Monterrey Supply,Motor Oil,Crude Oil,Vendor / Negotiation,2432,10113.47
2024-Q1,SKU-1035,Monterrey Supply,Motor Oil,Crude Oil,Vendor / Negotiation,2432,10015.95
2024-Q2,SKU-1035,Monterrey Supply,Motor Oil,Crude Oil,Vendor / Negotiation,2432,10125.63
2024-Q3,SKU-1035,Monterrey Supply,Motor Oil,Crude Oil,Vendor / Negotiation,2432,10301.47
2024-Q4,SKU-1035,Monterrey Supply,Motor Oil,Crude Oil,Vendor / Negotiation,2432,10068.48
2025-Q1,SKU-1035,Monterrey Supply,Motor Oil,Crude Oil,Vendor / Negotiation,2432,9996.74
2025-Q2,SKU-1035,Monterrey Supply,Motor Oil,Crude Oil,Vendor / Negotiation,2432,10053.64
2025-Q3,SKU-1035,Monterrey Supply,Motor Oil,Crude Oil,Vendor / Negotiation,2432,10316.06
2025-Q4,SKU-1035,Monterrey Supply,Motor Oil,Crude Oil,Vendor / Negotiation,2432,10352.78
2023-Q1,SKU-1036,Monterrey Supply,Motor Oil,Crude Oil,Vendor / Negotiation,12742,94425.87
2023-Q2,SKU-1036,Monterrey Supply,Motor Oil,Crude Oil,Vendor / Negotiation,12742,95684.77
2023-Q3,SKU-1036,Monterrey Supply,Motor Oil,Crude Oil,Vendor / Negotiation,12742,92009.98
2023-Q4,SKU-1036,Monterrey Supply,Motor Oil,Crude Oil,Vendor / Negotiation,12742,94911.34
2024-Q1,SKU-1036,Monterrey Supply,Motor Oil,Crude Oil,Vendor / Negotiation,12742,96435.28
2024-Q2,SKU-1036,Monterrey Supply,Motor Oil,Crude Oil,Vendor / Negotiation,12742,94298.45
2024-Q3,SKU-1036,Monterrey Supply,Motor Oil,Crude Oil,Vendor / Negotiation,12742,94839.98
2024-Q4,SKU-1036,Monterrey Supply,Motor Oil,Crude Oil,Vendor / Negotiation,12742,94760.98
2025-Q1,SKU-1036,Monterrey Supply,Motor Oil,Crude Oil,Vendor / Negotiation,12742,94856.54
2025-Q2,SKU-1036,Monterrey Supply,Motor Oil,Crude Oil,Vendor / Negotiation,12742,95686.05
2025-Q3,SKU-1036,Monterrey Supply,Motor Oil,Crude Oil,Vendor / Negotiation,12742,98015.29
2025-Q4,SKU-1036,Monterrey Supply,Motor Oil,Crude Oil,Vendor / Negotiation,12742,98746.68
2023-Q1,SKU-1037,Monterrey Supply,Motor Oil,Crude Oil,Vendor / Negotiation,10953,58743.13
2023-Q2,SKU-1037,Monterrey Supply,Motor Oil,Crude Oil,Vendor / Negotiation,10953,60062.97
2023-Q3,SKU-1037,Monterrey Supply,Motor Oil,Crude Oil,Vendor / Negotiation,10953,58961.09
2023-Q4,SKU-1037,Monterrey Supply,Motor Oil,Crude Oil,Vendor / Negotiation,10953,59974.25
2024-Q1,SKU-1037,Monterrey Supply,Motor Oil,Crude Oil,Vendor / Negotiation,10953,59148.39
2024-Q2,SKU-1037,Monterrey Supply,Motor Oil,Crude Oil,Vendor / Negotiation,10953,59533.94
2024-Q3,SKU-1037,Monterrey Supply,Motor Oil,Crude Oil,Vendor / Negotiation,10953,59568.99
2024-Q4,SKU-1037,Monterrey Supply,Motor Oil,Crude Oil,Vendor / Negotiation,10953,61398.14
2025-Q1,SKU-1037,Monterrey Supply,Motor Oil,Crude Oil,Vendor / Negotiation,10953,60169.21
2025-Q2,SKU-1037,Monterrey Supply,Motor Oil,Crude Oil,Vendor / Negotiation,10953,59433.17
2025-Q3,SKU-1037,Monterrey Supply,Motor Oil,Crude Oil,Vendor / Negotiation,10953,60838.44
2025-Q4,SKU-1037,Monterrey Supply,Motor Oil,Crude Oil,Vendor / Negotiation,10953,60268.88
2023-Q1,SKU-1038,Monterrey Supply,Wipers,Rubber,Vendor / Negotiation,12971,51212.1
2023-Q2,SKU-1038,Monterrey Supply,Wipers,Rubber,Vendor / Negotiation,12971,51987.77
2023-Q3,SKU-1038,Monterrey Supply,Wipers,Rubber,Vendor / Negotiation,12971,51629.77
2023-Q4,SKU-1038,Monterrey Supply,Wipers,Rubber,Vendor / Negotiation,12971,51908.64
2024-Q1,SKU-1038,Monterrey Supply,Wipers,Rubber,Vendor / Negotiation,12971,51572.7
2024-Q2,SKU-1038,Monterrey Supply,Wipers,Rubber,Vendor / Negotiation,12971,51736.13
2024-Q3,SKU-1038,Monterrey Supply,Wipers,Rubber,Vendor / Negotiation,12971,51754.29
2024-Q4,SKU-1038,Monterrey Supply,Wipers,Rubber,Vendor / Negotiation,12971,50484.43
2025-Q1,SKU-1038,Monterrey Supply,Wipers,Rubber,Vendor / Negotiation,12971,51828.22
2025-Q2,SKU-1038,Monterrey Supply,Wipers,Rubber,Vendor / Negotiation,12971,51260.09
2025-Q3,SKU-1038,Monterrey Supply,Wipers,Rubber,Vendor / Negotiation,12971,50925.44
2025-Q4,SKU-1038,Monterrey Supply,Wipers,Rubber,Vendor / Negotiation,12971,51848.98
2023-Q1,SKU-1039,Monterrey Supply,Wipers,Rubber,Vendor / Negotiation,7095,25676.8
2023-Q2,SKU-1039,Monterrey Supply,Wipers,Rubber,Vendor / Negotiation,7095,25505.11
2023-Q3,SKU-1039,Monterrey Supply,Wipers,Rubber,Vendor / Negotiation,7095,25942.87
2023-Q4,SKU-1039,Monterrey Supply,Wipers,Rubber,Vendor / Negotiation,7095,25461.12
2024-Q1,SKU-1039,Monterrey Supply,Wipers,Rubber,Vendor / Negotiation,7095,25601.6
2024-Q2,SKU-1039,Monterrey Supply,Wipers,Rubber,Vendor / Negotiation,7095,25554.06
2024-Q3,SKU-1039,Monterrey Supply,Wipers,Rubber,Vendor / Negotiation,7095,25678.93
2024-Q4,SKU-1039,Monterrey Supply,Wipers,Rubber,Vendor / Negotiation,7095,25735.69
2025-Q1,SKU-1039,Monterrey Supply,Wipers,Rubber,Vendor / Negotiation,7095,25407.2
2025-Q2,SKU-1039,Monterrey Supply,Wipers,Rubber,Vendor / Negotiation,7095,25991.11
2025-Q3,SKU-1039,Monterrey Supply,Wipers,Rubber,Vendor / Negotiation,7095,25772.59
2025-Q4,SKU-1039,Monterrey Supply,Wipers,Rubber,Vendor / Negotiation,7095,25376.69
2023-Q1,SKU-1040,Monterrey Supply,Wipers,Rubber,Vendor / Negotiation,7899,27630.7
2023-Q2,SKU-1040,Monterrey Supply,Wipers,Rubber,Vendor / Negotiation,7899,28210.49
2023-Q3,SKU-1040,Monterrey Supply,Wipers,Rubber,Vendor / Negotiation,7899,28202.59
2023-Q4,SKU-1040,Monterrey Supply,Wipers,Rubber,Vendor / Negotiation,7899,28318.7
2024-Q1,SKU-1040,Monterrey Supply,Wipers,Rubber,Vendor / Negotiation,7899,28231.03
2024-Q2,SKU-1040,Monterrey Supply,Wipers,Rubber,Vendor / Negotiation,7899,28300.54
2024-Q3,SKU-1040,Monterrey Supply,Wipers,Rubber,Vendor / Negotiation,7899,28489.32
2024-Q4,SKU-1040,Monterrey Supply,Wipers,Rubber,Vendor / Negotiation,7899,27879.52
2025-Q1,SKU-1040,Monterrey Supply,Wipers,Rubber,Vendor / Negotiation,7899,27864.51
2025-Q2,SKU-1040,Monterrey Supply,Wipers,Rubber,Vendor / Negotiation,7899,28039.87
2025-Q3,SKU-1040,Monterrey Supply,Wipers,Rubber,Vendor / Negotiation,7899,28375.58
2025-Q4,SKU-1040,Monterrey Supply,Wipers,Rubber,Vendor / Negotiation,7899,28761.05
2023-Q1,SKU-1041,Great Lakes Mfg,Batteries,Lead,Vendor / Negotiation,9877,260562.17
2023-Q2,SKU-1041,Great Lakes Mfg,Batteries,Lead,Vendor / Negotiation,9877,257503.27
2023-Q3,SKU-1041,Great Lakes Mfg,Batteries,Lead,Vendor / Negotiation,9877,260992.81
2023-Q4,SKU-1041,Great Lakes Mfg,Batteries,Lead,Vendor / Negotiation,9877,262438.8
2024-Q1,SKU-1041,Great Lakes Mfg,Batteries,Lead,Vendor / Negotiation,9877,264414.2
2024-Q2,SKU-1041,Great Lakes Mfg,Batteries,Lead,Vendor / Negotiation,9877,263790.97
2024-Q3,SKU-1041,Great Lakes Mfg,Batteries,Lead,Vendor / Negotiation,9877,267086.92
2024-Q4,SKU-1041,Great Lakes Mfg,Batteries,Lead,Vendor / Negotiation,9877,266750.11
2025-Q1,SKU-1041,Great Lakes Mfg,Batteries,Lead,Vendor / Negotiation,9877,270654.49
2025-Q2,SKU-1041,Great Lakes Mfg,Batteries,Lead,Vendor / Negotiation,9877,265583.64
2025-Q3,SKU-1041,Great Lakes Mfg,Batteries,Lead,Vendor / Negotiation,9877,267965.97
2025-Q4,SKU-1041,Great Lakes Mfg,Batteries,Lead,Vendor / Negotiation,9877,271897.02
2023-Q1,SKU-1042,Great Lakes Mfg,Batteries,Lead,Vendor / Negotiation,11284,424792.95
2023-Q2,SKU-1042,Great Lakes Mfg,Batteries,Lead,Vendor / Negotiation,11284,436987.57
2023-Q3,SKU-1042,Great Lakes Mfg,Batteries,Lead,Vendor / Negotiation,11284,438060.68
2023-Q4,SKU-1042,Great Lakes Mfg,Batteries,Lead,Vendor / Negotiation,11284,435608.66
2024-Q1,SKU-1042,Great Lakes Mfg,Batteries,Lead,Vendor / Negotiation,11284,445165.08
2024-Q2,SKU-1042,Great Lakes Mfg,Batteries,Lead,Vendor / Negotiation,11284,433956.69
2024-Q3,SKU-1042,Great Lakes Mfg,Batteries,Lead,Vendor / Negotiation,11284,449035.5
2024-Q4,SKU-1042,Great Lakes Mfg,Batteries,Lead,Vendor / Negotiation,11284,440129.03
2025-Q1,SKU-1042,Great Lakes Mfg,Batteries,Lead,Vendor / Negotiation,11284,436158.2
2025-Q2,SKU-1042,Great Lakes Mfg,Batteries,Lead,Vendor / Negotiation,11284,441052.07
2025-Q3,SKU-1042,Great Lakes Mfg,Batteries,Lead,Vendor / Negotiation,11284,440838.8
2025-Q4,SKU-1042,Great Lakes Mfg,Batteries,Lead,Vendor / Negotiation,11284,442934.24
2023-Q1,SKU-1043,Great Lakes Mfg,Batteries,Lead,Vendor / Negotiation,14830,321551.48
2023-Q2,SKU-1043,Great Lakes Mfg,Batteries,Lead,Vendor / Negotiation,14830,324946.06
2023-Q3,SKU-1043,Great Lakes Mfg,Batteries,Lead,Vendor / Negotiation,14830,322890.62
2023-Q4,SKU-1043,Great Lakes Mfg,Batteries,Lead,Vendor / Negotiation,14830,327025.23
2024-Q1,SKU-1043,Great Lakes Mfg,Batteries,Lead,Vendor / Negotiation,14830,329105.88
2024-Q2,SKU-1043,Great Lakes Mfg,Batteries,Lead,Vendor / Negotiation,14830,328757.37
2024-Q3,SKU-1043,Great Lakes Mfg,Batteries,Lead,Vendor / Negotiation,14830,328456.32
2024-Q4,SKU-1043,Great Lakes Mfg,Batteries,Lead,Vendor / Negotiation,14830,331836.08
2025-Q1,SKU-1043,Great Lakes Mfg,Batteries,Lead,Vendor / Negotiation,14830,321865.87
2025-Q2,SKU-1043,Great Lakes Mfg,Batteries,Lead,Vendor / Negotiation,14830,326190.3
2025-Q3,SKU-1043,Great Lakes Mfg,Batteries,Lead,Vendor / Negotiation,14830,327944.69
2025-Q4,SKU-1043,Great Lakes Mfg,Batteries,Lead,Vendor / Negotiation,14830,331619.56
2023-Q1,SKU-1044,Great Lakes Mfg,Batteries,Lead,Vendor / Negotiation,12906,466680.96
2023-Q2,SKU-1044,Great Lakes Mfg,Batteries,Lead,Vendor / Negotiation,12906,472813.89
2023-Q3,SKU-1044,Great Lakes Mfg,Batteries,Lead,Vendor / Negotiation,12906,484942.95
2023-Q4,SKU-1044,Great Lakes Mfg,Batteries,Lead,Vendor / Negotiation,12906,473816.69
2024-Q1,SKU-1044,Great Lakes Mfg,Batteries,Lead,Vendor / Negotiation,12906,478807.44
2024-Q2,SKU-1044,Great Lakes Mfg,Batteries,Lead,Vendor / Negotiation,12906,473954.78
2024-Q3,SKU-1044,Great Lakes Mfg,Batteries,Lead,Vendor / Negotiation,12906,479215.27
2024-Q4,SKU-1044,Great Lakes Mfg,Batteries,Lead,Vendor / Negotiation,12906,479927.68
2025-Q1,SKU-1044,Great Lakes Mfg,Batteries,Lead,Vendor / Negotiation,12906,482618.58
2025-Q2,SKU-1044,Great Lakes Mfg,Batteries,Lead,Vendor / Negotiation,12906,484985.54
2025-Q3,SKU-1044,Great Lakes Mfg,Batteries,Lead,Vendor / Negotiation,12906,492396.16
2025-Q4,SKU-1044,Great Lakes Mfg,Batteries,Lead,Vendor / Negotiation,12906,486873.69
2023-Q1,SKU-1045,Great Lakes Mfg,Brakes,Steel,Vendor / Negotiation,19218,151729.95
2023-Q2,SKU-1045,Great Lakes Mfg,Brakes,Steel,Vendor / Negotiation,19218,151547.38
2023-Q3,SKU-1045,Great Lakes Mfg,Brakes,Steel,Vendor / Negotiation,19218,151474.35
2023-Q4,SKU-1045,Great Lakes Mfg,Brakes,Steel,Vendor / Negotiation,19218,154708.74
2024-Q1,SKU-1045,Great Lakes Mfg,Brakes,Steel,Vendor / Negotiation,19218,152777.33
2024-Q2,SKU-1045,Great Lakes Mfg,Brakes,Steel,Vendor / Negotiation,19218,152366.07
2024-Q3,SKU-1045,Great Lakes Mfg,Brakes,Steel,Vendor / Negotiation,19218,152577.47
2024-Q4,SKU-1045,Great Lakes Mfg,Brakes,Steel,Vendor / Negotiation,19218,152191.19
2025-Q1,SKU-1045,Great Lakes Mfg,Brakes,Steel,Vendor / Negotiation,19218,153822.79
2025-Q2,SKU-1045,Great Lakes Mfg,Brakes,Steel,Vendor / Negotiation,19218,152029.75
2025-Q3,SKU-1045,Great Lakes Mfg,Brakes,Steel,Vendor / Negotiation,19218,152667.79
2025-Q4,SKU-1045,Great Lakes Mfg,Brakes,Steel,Vendor / Negotiation,19218,155308.35
2023-Q1,SKU-1046,Great Lakes Mfg,Brakes,Steel,Vendor / Negotiation,15761,165514.14
2023-Q2,SKU-1046,Great Lakes Mfg,Brakes,Steel,Vendor / Negotiation,15761,173925.79
2023-Q3,SKU-1046,Great Lakes Mfg,Brakes,Steel,Vendor / Negotiation,15761,165156.37
2023-Q4,SKU-1046,Great Lakes Mfg,Brakes,Steel,Vendor / Negotiation,15761,170343.31
2024-Q1,SKU-1046,Great Lakes Mfg,Brakes,Steel,Vendor / Negotiation,15761,171995.06
2024-Q2,SKU-1046,Great Lakes Mfg,Brakes,Steel,Vendor / Negotiation,15761,172690.12
2024-Q3,SKU-1046,Great Lakes Mfg,Brakes,Steel,Vendor / Negotiation,15761,168979.99
2024-Q4,SKU-1046,Great Lakes Mfg,Brakes,Steel,Vendor / Negotiation,15761,169987.11
2025-Q1,SKU-1046,Great Lakes Mfg,Brakes,Steel,Vendor / Negotiation,15761,174173.23
2025-Q2,SKU-1046,Great Lakes Mfg,Brakes,Steel,Vendor / Negotiation,15761,170535.6
2025-Q3,SKU-1046,Great Lakes Mfg,Brakes,Steel,Vendor / Negotiation,15761,177008.64
2025-Q4,SKU-1046,Great Lakes Mfg,Brakes,Steel,Vendor / Negotiation,15761,174984.93
2023-Q1,SKU-1047,Great Lakes Mfg,Brakes,Steel,Vendor / Negotiation,10650,130958.79
2023-Q2,SKU-1047,Great Lakes Mfg,Brakes,Steel,Vendor / Negotiation,10650,134649.02
2023-Q3,SKU-1047,Great Lakes Mfg,Brakes,Steel,Vendor / Negotiation,10650,131260.18
2023-Q4,SKU-1047,Great Lakes Mfg,Brakes,Steel,Vendor / Negotiation,10650,131237.82
2024-Q1,SKU-1047,Great Lakes Mfg,Brakes,Steel,Vendor / Negotiation,10650,130829.92
2024-Q2,SKU-1047,Great Lakes Mfg,Brakes,Steel,Vendor / Negotiation,10650,131424.19
2024-Q3,SKU-1047,Great Lakes Mfg,Brakes,Steel,Vendor / Negotiation,10650,128991.74
2024-Q4,SKU-1047,Great Lakes Mfg,Brakes,Steel,Vendor / Negotiation,10650,130621.19
2025-Q1,SKU-1047,Great Lakes Mfg,Brakes,Steel,Vendor / Negotiation,10650,130472.08
2025-Q2,SKU-1047,Great Lakes Mfg,Brakes,Steel,Vendor / Negotiation,10650,132282.58
2025-Q3,SKU-1047,Great Lakes Mfg,Brakes,Steel,Vendor / Negotiation,10650,132515.82
2025-Q4,SKU-1047,Great Lakes Mfg,Brakes,Steel,Vendor / Negotiation,10650,133482.84
2023-Q1,SKU-1048,Great Lakes Mfg,Belts & Hoses,Rubber,Vendor / Negotiation,13745,44986.01
2023-Q2,SKU-1048,Great Lakes Mfg,Belts & Hoses,Rubber,Vendor / Negotiation,13745,45282.9
2023-Q3,SKU-1048,Great Lakes Mfg,Belts & Hoses,Rubber,Vendor / Negotiation,13745,45704.87
2023-Q4,SKU-1048,Great Lakes Mfg,Belts & Hoses,Rubber,Vendor / Negotiation,13745,45376.37
2024-Q1,SKU-1048,Great Lakes Mfg,Belts & Hoses,Rubber,Vendor / Negotiation,13745,44833.44
2024-Q2,SKU-1048,Great Lakes Mfg,Belts & Hoses,Rubber,Vendor / Negotiation,13745,45791.47
2024-Q3,SKU-1048,Great Lakes Mfg,Belts & Hoses,Rubber,Vendor / Negotiation,13745,45036.87
2024-Q4,SKU-1048,Great Lakes Mfg,Belts & Hoses,Rubber,Vendor / Negotiation,13745,44443.08
2025-Q1,SKU-1048,Great Lakes Mfg,Belts & Hoses,Rubber,Vendor / Negotiation,13745,45291.15
2025-Q2,SKU-1048,Great Lakes Mfg,Belts & Hoses,Rubber,Vendor / Negotiation,13745,46033.38
2025-Q3,SKU-1048,Great Lakes Mfg,Belts & Hoses,Rubber,Vendor / Negotiation,13745,44878.8
2025-Q4,SKU-1048,Great Lakes Mfg,Belts & Hoses,Rubber,Vendor / Negotiation,13745,46225.81
2023-Q1,SKU-1049,Great Lakes Mfg,Belts & Hoses,Rubber,Vendor / Negotiation,10096,43515.78
2023-Q2,SKU-1049,Great Lakes Mfg,Belts & Hoses,Rubber,Vendor / Negotiation,10096,43502.65
2023-Q3,SKU-1049,Great Lakes Mfg,Belts & Hoses,Rubber,Vendor / Negotiation,10096,43848.95
2023-Q4,SKU-1049,Great Lakes Mfg,Belts & Hoses,Rubber,Vendor / Negotiation,10096,43352.22
2024-Q1,SKU-1049,Great Lakes Mfg,Belts & Hoses,Rubber,Vendor / Negotiation,10096,43598.57
2024-Q2,SKU-1049,Great Lakes Mfg,Belts & Hoses,Rubber,Vendor / Negotiation,10096,43316.89
2024-Q3,SKU-1049,Great Lakes Mfg,Belts & Hoses,Rubber,Vendor / Negotiation,10096,43170.5
2024-Q4,SKU-1049,Great Lakes Mfg,Belts & Hoses,Rubber,Vendor / Negotiation,10096,43619.77
2025-Q1,SKU-1049,Great Lakes Mfg,Belts & Hoses,Rubber,Vendor / Negotiation,10096,43892.36
2025-Q2,SKU-1049,Great Lakes Mfg,Belts & Hoses,Rubber,Vendor / Negotiation,10096,44732.35
2025-Q3,SKU-1049,Great Lakes Mfg,Belts & Hoses,Rubber,Vendor / Negotiation,10096,44279.04
2025-Q4,SKU-1049,Great Lakes Mfg,Belts & Hoses,Rubber,Vendor / Negotiation,10096,44196.25
2023-Q1,SKU-1050,Pacific Components,Filters,Paper,Vendor / Negotiation,2210,6123.03
2023-Q2,SKU-1050,Pacific Components,Filters,Paper,Vendor / Negotiation,2210,6148.44
2023-Q3,SKU-1050,Pacific Components,Filters,Paper,Vendor / Negotiation,2210,6116.84
2023-Q4,SKU-1050,Pacific Components,Filters,Paper,Vendor / Negotiation,2210,6123.91
2024-Q1,SKU-1050,Pacific Components,Filters,Paper,Vendor / Negotiation,2210,6173.41
2024-Q2,SKU-1050,Pacific Components,Filters,Paper,Vendor / Negotiation,2210,6127.0
2024-Q3,SKU-1050,Pacific Components,Filters,Paper,Vendor / Negotiation,2210,6110.87
2024-Q4,SKU-1050,Pacific Components,Filters,Paper,Vendor / Negotiation,2210,6129.21
2025-Q1,SKU-1050,Pacific Components,Filters,Paper,Vendor / Negotiation,2210,6191.32
2025-Q2,SKU-1050,Pacific Components,Filters,Paper,Vendor / Negotiation,2210,6147.78
2025-Q3,SKU-1050,Pacific Components,Filters,Paper,Vendor / Negotiation,2210,6178.28
2025-Q4,SKU-1050,Pacific Components,Filters,Paper,Vendor / Negotiation,2210,6214.3
2023-Q1,SKU-1051,Pacific Components,Filters,Paper,Vendor / Negotiation,14895,34875.15
2023-Q2,SKU-1051,Pacific Components,Filters,Paper,Vendor / Negotiation,14895,35271.36
2023-Q3,SKU-1051,Pacific Components,Filters,Paper,Vendor / Negotiation,14895,35183.48
2023-Q4,SKU-1051,Pacific Components,Filters,Paper,Vendor / Negotiation,14895,34656.2
2024-Q1,SKU-1051,Pacific Components,Filters,Paper,Vendor / Negotiation,14895,35634.8
2024-Q2,SKU-1051,Pacific Components,Filters,Paper,Vendor / Negotiation,14895,34997.29
2024-Q3,SKU-1051,Pacific Components,Filters,Paper,Vendor / Negotiation,14895,34735.14
2024-Q4,SKU-1051,Pacific Components,Filters,Paper,Vendor / Negotiation,14895,34945.16
2025-Q1,SKU-1051,Pacific Components,Filters,Paper,Vendor / Negotiation,14895,34942.18
2025-Q2,SKU-1051,Pacific Components,Filters,Paper,Vendor / Negotiation,14895,35287.74
2025-Q3,SKU-1051,Pacific Components,Filters,Paper,Vendor / Negotiation,14895,35231.14
2025-Q4,SKU-1051,Pacific Components,Filters,Paper,Vendor / Negotiation,14895,35299.66
2023-Q1,SKU-1052,Pacific Components,Wipers,Rubber,Vendor / Negotiation,6603,22741.39
2023-Q2,SKU-1052,Pacific Components,Wipers,Rubber,Vendor / Negotiation,6603,22703.09
2023-Q3,SKU-1052,Pacific Components,Wipers,Rubber,Vendor / Negotiation,6603,22738.09
2023-Q4,SKU-1052,Pacific Components,Wipers,Rubber,Vendor / Negotiation,6603,22826.57
2024-Q1,SKU-1052,Pacific Components,Wipers,Rubber,Vendor / Negotiation,6603,22785.63
2024-Q2,SKU-1052,Pacific Components,Wipers,Rubber,Vendor / Negotiation,6603,22168.25
2024-Q3,SKU-1052,Pacific Components,Wipers,Rubber,Vendor / Negotiation,6603,22550.57
2024-Q4,SKU-1052,Pacific Components,Wipers,Rubber,Vendor / Negotiation,6603,22116.09
2025-Q1,SKU-1052,Pacific Components,Wipers,Rubber,Vendor / Negotiation,6603,22619.24
2025-Q2,SKU-1052,Pacific Components,Wipers,Rubber,Vendor / Negotiation,6603,22732.81
2025-Q3,SKU-1052,Pacific Components,Wipers,Rubber,Vendor / Negotiation,6603,22926.94
2025-Q4,SKU-1052,Pacific Components,Wipers,Rubber,Vendor / Negotiation,6603,23051.73
2023-Q1,SKU-1053,Pacific Components,Wipers,Rubber,Vendor / Negotiation,9039,24629.47
2023-Q2,SKU-1053,Pacific Components,Wipers,Rubber,Vendor / Negotiation,9039,24483.94
2023-Q3,SKU-1053,Pacific Components,Wipers,Rubber,Vendor / Negotiation,9039,24770.48
2023-Q4,SKU-1053,Pacific Components,Wipers,Rubber,Vendor / Negotiation,9039,24594.22
2024-Q1,SKU-1053,Pacific Components,Wipers,Rubber,Vendor / Negotiation,9039,24628.56
2024-Q2,SKU-1053,Pacific Components,Wipers,Rubber,Vendor / Negotiation,9039,24869.9
2024-Q3,SKU-1053,Pacific Components,Wipers,Rubber,Vendor / Negotiation,9039,24476.71
2024-Q4,SKU-1053,Pacific Components,Wipers,Rubber,Vendor / Negotiation,9039,24786.75
2025-Q1,SKU-1053,Pacific Components,Wipers,Rubber,Vendor / Negotiation,9039,24756.92
2025-Q2,SKU-1053,Pacific Components,Wipers,Rubber,Vendor / Negotiation,9039,24489.36
2025-Q3,SKU-1053,Pacific Components,Wipers,Rubber,Vendor / Negotiation,9039,24916.91
2025-Q4,SKU-1053,Pacific Components,Wipers,Rubber,Vendor / Negotiation,9039,24949.45
2023-Q1,SKU-1054,Pacific Components,Wipers,Rubber,Vendor / Negotiation,12447,42623.51
2023-Q2,SKU-1054,Pacific Components,Wipers,Rubber,Vendor / Negotiation,12447,42302.37
2023-Q3,SKU-1054,Pacific Components,Wipers,Rubber,Vendor / Negotiation,12447,42337.23
2023-Q4,SKU-1054,Pacific Components,Wipers,Rubber,Vendor / Negotiation,12447,42599.86
2024-Q1,SKU-1054,Pacific Components,Wipers,Rubber,Vendor / Negotiation,12447,42894.85
2024-Q2,SKU-1054,Pacific Components,Wipers,Rubber,Vendor / Negotiation,12447,42255.08
2024-Q3,SKU-1054,Pacific Components,Wipers,Rubber,Vendor / Negotiation,12447,42825.15
2024-Q4,SKU-1054,Pacific Components,Wipers,Rubber,Vendor / Negotiation,12447,42065.88
2025-Q1,SKU-1054,Pacific Components,Wipers,Rubber,Vendor / Negotiation,12447,42510.24
2025-Q2,SKU-1054,Pacific Components,Wipers,Rubber,Vendor / Negotiation,12447,42876.18
2025-Q3,SKU-1054,Pacific Components,Wipers,Rubber,Vendor / Negotiation,12447,43789.79
2025-Q4,SKU-1054,Pacific Components,Wipers,Rubber,Vendor / Negotiation,12447,42335.98
2023-Q1,SKU-1055,Pacific Components,Wipers,Rubber,Vendor / Negotiation,14496,67561.51
2023-Q2,SKU-1055,Pacific Components,Wipers,Rubber,Vendor / Negotiation,14496,66754.08
2023-Q3,SKU-1055,Pacific Components,Wipers,Rubber,Vendor / Negotiation,14496,67048.35
2023-Q4,SKU-1055,Pacific Components,Wipers,Rubber,Vendor / Negotiation,14496,67051.25
2024-Q1,SKU-1055,Pacific Components,Wipers,Rubber,Vendor / Negotiation,14496,67010.66
2024-Q2,SKU-1055,Pacific Components,Wipers,Rubber,Vendor / Negotiation,14496,66607.67
2024-Q3,SKU-1055,Pacific Components,Wipers,Rubber,Vendor / Negotiation,14496,67642.68
2024-Q4,SKU-1055,Pacific Components,Wipers,Rubber,Vendor / Negotiation,14496,66300.36
2025-Q1,SKU-1055,Pacific Components,Wipers,Rubber,Vendor / Negotiation,14496,67364.36
2025-Q2,SKU-1055,Pacific Components,Wipers,Rubber,Vendor / Negotiation,14496,66542.44
2025-Q3,SKU-1055,Pacific Components,Wipers,Rubber,Vendor / Negotiation,14496,66804.82
2025-Q4,SKU-1055,Pacific Components,Wipers,Rubber,Vendor / Negotiation,14496,66404.73
2023-Q1,SKU-1056,Pacific Components,Spark Plugs,Copper,Vendor / Negotiation,2877,5588.86
2023-Q2,SKU-1056,Pacific Components,Spark Plugs,Copper,Vendor / Negotiation,2877,5659.92
2023-Q3,SKU-1056,Pacific Components,Spark Plugs,Copper,Vendor / Negotiation,2877,5585.98
2023-Q4,SKU-1056,Pacific Components,Spark Plugs,Copper,Vendor / Negotiation,2877,5600.37
2024-Q1,SKU-1056,Pacific Components,Spark Plugs,Copper,Vendor / Negotiation,2877,5550.31
2024-Q2,SKU-1056,Pacific Components,Spark Plugs,Copper,Vendor / Negotiation,2877,5611.88
2024-Q3,SKU-1056,Pacific Components,Spark Plugs,Copper,Vendor / Negotiation,2877,5558.08
2024-Q4,SKU-1056,Pacific Components,Spark Plugs,Copper,Vendor / Negotiation,2877,5599.22
2025-Q1,SKU-1056,Pacific Components,Spark Plugs,Copper,Vendor / Negotiation,2877,5682.94
2025-Q2,SKU-1056,Pacific Components,Spark Plugs,Copper,Vendor / Negotiation,2877,5739.33
2025-Q3,SKU-1056,Pacific Components,Spark Plugs,Copper,Vendor / Negotiation,2877,5824.49
2025-Q4,SKU-1056,Pacific Components,Spark Plugs,Copper,Vendor / Negotiation,2877,5637.48
2023-Q1,SKU-1057,Pacific Components,Spark Plugs,Copper,Vendor / Negotiation,8910,18704.76
2023-Q2,SKU-1057,Pacific Components,Spark Plugs,Copper,Vendor / Negotiation,8910,18539.04
2023-Q3,SKU-1057,Pacific Components,Spark Plugs,Copper,Vendor / Negotiation,8910,18501.61
2023-Q4,SKU-1057,Pacific Components,Spark Plugs,Copper,Vendor / Negotiation,8910,18679.81
2024-Q1,SKU-1057,Pacific Components,Spark Plugs,Copper,Vendor / Negotiation,8910,18613.88
2024-Q2,SKU-1057,Pacific Components,Spark Plugs,Copper,Vendor / Negotiation,8910,18662.89
2024-Q3,SKU-1057,Pacific Components,Spark Plugs,Copper,Vendor / Negotiation,8910,18641.5
2024-Q4,SKU-1057,Pacific Components,Spark Plugs,Copper,Vendor / Negotiation,8910,18470.43
2025-Q1,SKU-1057,Pacific Components,Spark Plugs,Copper,Vendor / Negotiation,8910,18510.53
2025-Q2,SKU-1057,Pacific Components,Spark Plugs,Copper,Vendor / Negotiation,8910,18899.89
2025-Q3,SKU-1057,Pacific Components,Spark Plugs,Copper,Vendor / Negotiation,8910,18736.84
2025-Q4,SKU-1057,Pacific Components,Spark Plugs,Copper,Vendor / Negotiation,8910,18684.27
2023-Q1,SKU-1058,Pacific Components,Spark Plugs,Copper,Vendor / Negotiation,6387,12548.54
2023-Q2,SKU-1058,Pacific Components,Spark Plugs,Copper,Vendor / Negotiation,6387,12683.3
2023-Q3,SKU-1058,Pacific Components,Spark Plugs,Copper,Vendor / Negotiation,6387,12630.29
2023-Q4,SKU-1058,Pacific Components,Spark Plugs,Copper,Vendor / Negotiation,6387,12573.45
2024-Q1,SKU-1058,Pacific Components,Spark Plugs,Copper,Vendor / Negotiation,6387,12811.04
2024-Q2,SKU-1058,Pacific Components,Spark Plugs,Copper,Vendor / Negotiation,6387,12883.22
2024-Q3,SKU-1058,Pacific Components,Spark Plugs,Copper,Vendor / Negotiation,6387,12796.99
2024-Q4,SKU-1058,Pacific Components,Spark Plugs,Copper,Vendor / Negotiation,6387,12864.7
2025-Q1,SKU-1058,Pacific Components,Spark Plugs,Copper,Vendor / Negotiation,6387,12943.89
2025-Q2,SKU-1058,Pacific Components,Spark Plugs,Copper,Vendor / Negotiation,6387,12919.62
2025-Q3,SKU-1058,Pacific Components,Spark Plugs,Copper,Vendor / Negotiation,6387,12860.22
2025-Q4,SKU-1058,Pacific Components,Spark Plugs,Copper,Vendor / Negotiation,6387,12862.78
2023-Q1,SKU-1059,Pacific Components,Motor Oil,Crude Oil,Vendor / Negotiation,17644,104935.93
2023-Q2,SKU-1059,Pacific Components,Motor Oil,Crude Oil,Vendor / Negotiation,17644,103247.39
2023-Q3,SKU-1059,Pacific Components,Motor Oil,Crude Oil,Vendor / Negotiation,17644,105124.72
2023-Q4,SKU-1059,Pacific Components,Motor Oil,Crude Oil,Vendor / Negotiation,17644,102977.44
2024-Q1,SKU-1059,Pacific Components,Motor Oil,Crude Oil,Vendor / Negotiation,17644,104029.02
2024-Q2,SKU-1059,Pacific Components,Motor Oil,Crude Oil,Vendor / Negotiation,17644,106666.8
2024-Q3,SKU-1059,Pacific Components,Motor Oil,Crude Oil,Vendor / Negotiation,17644,105999.86
2024-Q4,SKU-1059,Pacific Components,Motor Oil,Crude Oil,Vendor / Negotiation,17644,106979.1
2025-Q1,SKU-1059,Pacific Components,Motor Oil,Crude Oil,Vendor / Negotiation,17644,105396.43
2025-Q2,SKU-1059,Pacific Components,Motor Oil,Crude Oil,Vendor / Negotiation,17644,104800.07
2025-Q3,SKU-1059,Pacific Components,Motor Oil,Crude Oil,Vendor / Negotiation,17644,106492.13
2025-Q4,SKU-1059,Pacific Components,Motor Oil,Crude Oil,Vendor / Negotiation,17644,107229.65
2023-Q1,SKU-1060,Pacific Components,Motor Oil,Crude Oil,Vendor / Negotiation,3162,26259.78
2023-Q2,SKU-1060,Pacific Components,Motor Oil,Crude Oil,Vendor / Negotiation,3162,26536.45
2023-Q3,SKU-1060,Pacific Components,Motor Oil,Crude Oil,Vendor / Negotiation,3162,26144.05
2023-Q4,SKU-1060,Pacific Components,Motor Oil,Crude Oil,Vendor / Negotiation,3162,26331.24
2024-Q1,SKU-1060,Pacific Components,Motor Oil,Crude Oil,Vendor / Negotiation,3162,26096.62
2024-Q2,SKU-1060,Pacific Components,Motor Oil,Crude Oil,Vendor / Negotiation,3162,26586.73
2024-Q3,SKU-1060,Pacific Components,Motor Oil,Crude Oil,Vendor / Negotiation,3162,26423.25
2024-Q4,SKU-1060,Pacific Components,Motor Oil,Crude Oil,Vendor / Negotiation,3162,26301.83
2025-Q1,SKU-1060,Pacific Components,Motor Oil,Crude Oil,Vendor / Negotiation,3162,26500.41
2025-Q2,SKU-1060,Pacific Components,Motor Oil,Crude Oil,Vendor / Negotiation,3162,26595.27
2025-Q3,SKU-1060,Pacific Components,Motor Oil,Crude Oil,Vendor / Negotiation,3162,26758.74
2025-Q4,SKU-1060,Pacific Components,Motor Oil,Crude Oil,Vendor / Negotiation,3162,27389.88
2023-Q1,SKU-1061,Pacific Components,Motor Oil,Crude Oil,Vendor / Negotiation,1065,7511.34
2023-Q2,SKU-1061,Pacific Components,Motor Oil,Crude Oil,Vendor / Negotiation,1065,7500.37
2023-Q3,SKU-1061,Pacific Components,Motor Oil,Crude Oil,Vendor / Negotiation,1065,7361.07
2023-Q4,SKU-1061,Pacific Components,Motor Oil,Crude Oil,Vendor / Negotiation,1065,7451.49
2024-Q1,SKU-1061,Pacific Components,Motor Oil,Crude Oil,Vendor / Negotiation,1065,7532.53
2024-Q2,SKU-1061,Pacific Components,Motor Oil,Crude Oil,Vendor / Negotiation,1065,7533.06
2024-Q3,SKU-1061,Pacific Components,Motor Oil,Crude Oil,Vendor / Negotiation,1065,7675.24
2024-Q4,SKU-1061,Pacific Components,Motor Oil,Crude Oil,Vendor / Negotiation,1065,7580.78
2025-Q1,SKU-1061,Pacific Components,Motor Oil,Crude Oil,Vendor / Negotiation,1065,7708.26
2025-Q2,SKU-1061,Pacific Components,Motor Oil,Crude Oil,Vendor / Negotiation,1065,7639.35
2025-Q3,SKU-1061,Pacific Components,Motor Oil,Crude Oil,Vendor / Negotiation,1065,7690.9
2025-Q4,SKU-1061,Pacific Components,Motor Oil,Crude Oil,Vendor / Negotiation,1065,7708.68
2023-Q1,SKU-1062,Pacific Components,Motor Oil,Crude Oil,Vendor / Negotiation,6133,75767.7
2023-Q2,SKU-1062,Pacific Components,Motor Oil,Crude Oil,Vendor / Negotiation,6133,77067.28
2023-Q3,SKU-1062,Pacific Components,Motor Oil,Crude Oil,Vendor / Negotiation,6133,74007.52
2023-Q4,SKU-1062,Pacific Components,Motor Oil,Crude Oil,Vendor / Negotiation,6133,74248.55
2024-Q1,SKU-1062,Pacific Components,Motor Oil,Crude Oil,Vendor / Negotiation,6133,75691.03
2024-Q2,SKU-1062,Pacific Components,Motor Oil,Crude Oil,Vendor / Negotiation,6133,76439.26
2024-Q3,SKU-1062,Pacific Components,Motor Oil,Crude Oil,Vendor / Negotiation,6133,76818.28
2024-Q4,SKU-1062,Pacific Components,Motor Oil,Crude Oil,Vendor / Negotiation,6133,76873.48
2025-Q1,SKU-1062,Pacific Components,Motor Oil,Crude Oil,Vendor / Negotiation,6133,76407.98
2025-Q2,SKU-1062,Pacific Components,Motor Oil,Crude Oil,Vendor / Negotiation,6133,77705.72
2025-Q3,SKU-1062,Pacific Components,Motor Oil,Crude Oil,Vendor / Negotiation,6133,78251.56
2025-Q4,SKU-1062,Pacific Components,Motor Oil,Crude Oil,Vendor / Negotiation,6133,77886.03
2023-Q1,SKU-1001,Ironclad Auto,Brakes,Steel,Tariff / Duty,3454,8822.21
2023-Q2,SKU-1001,Ironclad Auto,Brakes,Steel,Tariff / Duty,3454,8734.82
2023-Q3,SKU-1001,Ironclad Auto,Brakes,Steel,Tariff / Duty,3454,9036.35
2023-Q4,SKU-1001,Ironclad Auto,Brakes,Steel,Tariff / Duty,3454,9495.74
2024-Q1,SKU-1001,Ironclad Auto,Brakes,Steel,Tariff / Duty,3454,9122.01
2024-Q2,SKU-1001,Ironclad Auto,Brakes,Steel,Tariff / Duty,3454,9046.03
2024-Q3,SKU-1001,Ironclad Auto,Brakes,Steel,Tariff / Duty,3454,9389.01
2024-Q4,SKU-1001,Ironclad Auto,Brakes,Steel,Tariff / Duty,3454,9445.31
2025-Q1,SKU-1001,Ironclad Auto,Brakes,Steel,Tariff / Duty,3454,9567.93
2025-Q2,SKU-1001,Ironclad Auto,Brakes,Steel,Tariff / Duty,3454,9511.63
2025-Q3,SKU-1001,Ironclad Auto,Brakes,Steel,Tariff / Duty,3454,9671.89
2025-Q4,SKU-1001,Ironclad Auto,Brakes,Steel,Tariff / Duty,3454,9857.37
2023-Q1,SKU-1002,Ironclad Auto,Brakes,Steel,Tariff / Duty,2113,0.0
2023-Q2,SKU-1002,Ironclad Auto,Brakes,Steel,Tariff / Duty,2113,0.0
2023-Q3,SKU-1002,Ironclad Auto,Brakes,Steel,Tariff / Duty,2113,0.0
2023-Q4,SKU-1002,Ironclad Auto,Brakes,Steel,Tariff / Duty,2113,0.0
2024-Q1,SKU-1002,Ironclad Auto,Brakes,Steel,Tariff / Duty,2113,0.0
2024-Q2,SKU-1002,Ironclad Auto,Brakes,Steel,Tariff / Duty,2113,0.0
2024-Q3,SKU-1002,Ironclad Auto,Brakes,Steel,Tariff / Duty,2113,0.0
2024-Q4,SKU-1002,Ironclad Auto,Brakes,Steel,Tariff / Duty,2113,0.0
2025-Q1,SKU-1002,Ironclad Auto,Brakes,Steel,Tariff / Duty,2113,0.0
2025-Q2,SKU-1002,Ironclad Auto,Brakes,Steel,Tariff / Duty,2113,0.0
2025-Q3,SKU-1002,Ironclad Auto,Brakes,Steel,Tariff / Duty,2113,0.0
2025-Q4,SKU-1002,Ironclad Auto,Brakes,Steel,Tariff / Duty,2113,0.0
2023-Q1,SKU-1003,Ironclad Auto,Brakes,Steel,Tariff / Duty,16248,16904.42
2023-Q2,SKU-1003,Ironclad Auto,Brakes,Steel,Tariff / Duty,16248,16813.43
2023-Q3,SKU-1003,Ironclad Auto,Brakes,Steel,Tariff / Duty,16248,17258.63
2023-Q4,SKU-1003,Ironclad Auto,Brakes,Steel,Tariff / Duty,16248,18279.0
2024-Q1,SKU-1003,Ironclad Auto,Brakes,Steel,Tariff / Duty,16248,17490.97
2024-Q2,SKU-1003,Ironclad Auto,Brakes,Steel,Tariff / Duty,16248,17253.75
2024-Q3,SKU-1003,Ironclad Auto,Brakes,Steel,Tariff / Duty,16248,17763.94
2024-Q4,SKU-1003,Ironclad Auto,Brakes,Steel,Tariff / Duty,16248,17931.29
2025-Q1,SKU-1003,Ironclad Auto,Brakes,Steel,Tariff / Duty,16248,18210.76
2025-Q2,SKU-1003,Ironclad Auto,Brakes,Steel,Tariff / Duty,16248,18022.28
2025-Q3,SKU-1003,Ironclad Auto,Brakes,Steel,Tariff / Duty,16248,18420.36
2025-Q4,SKU-1003,Ironclad Auto,Brakes,Steel,Tariff / Duty,16248,18889.92
2023-Q1,SKU-1004,Ironclad Auto,Radiators,Aluminum,Tariff / Duty,7591,40649.8
2023-Q2,SKU-1004,Ironclad Auto,Radiators,Aluminum,Tariff / Duty,7591,40913.21
2023-Q3,SKU-1004,Ironclad Auto,Radiators,Aluminum,Tariff / Duty,7591,41605.51
2023-Q4,SKU-1004,Ironclad Auto,Radiators,Aluminum,Tariff / Duty,7591,43543.49
2024-Q1,SKU-1004,Ironclad Auto,Radiators,Aluminum,Tariff / Duty,7591,45549.04
2024-Q2,SKU-1004,Ironclad Auto,Radiators,Aluminum,Tariff / Duty,7591,48096.58
2024-Q3,SKU-1004,Ironclad Auto,Radiators,Aluminum,Tariff / Duty,7591,48597.58
2024-Q4,SKU-1004,Ironclad Auto,Radiators,Aluminum,Tariff / Duty,7591,48577.85
2025-Q1,SKU-1004,Ironclad Auto,Radiators,Aluminum,Tariff / Duty,7591,50899.17
2025-Q2,SKU-1004,Ironclad Auto,Radiators,Aluminum,Tariff / Duty,7591,51626.39
2025-Q3,SKU-1004,Ironclad Auto,Radiators,Aluminum,Tariff / Duty,7591,49302.03
2025-Q4,SKU-1004,Ironclad Auto,Radiators,Aluminum,Tariff / Duty,7591,47278.27
2023-Q1,SKU-1005,Ironclad Auto,Radiators,Aluminum,Tariff / Duty,11303,0.0
2023-Q2,SKU-1005,Ironclad Auto,Radiators,Aluminum,Tariff / Duty,11303,0.0
2023-Q3,SKU-1005,Ironclad Auto,Radiators,Aluminum,Tariff / Duty,11303,0.0
2023-Q4,SKU-1005,Ironclad Auto,Radiators,Aluminum,Tariff / Duty,11303,0.0
2024-Q1,SKU-1005,Ironclad Auto,Radiators,Aluminum,Tariff / Duty,11303,0.0
2024-Q2,SKU-1005,Ironclad Auto,Radiators,Aluminum,Tariff / Duty,11303,0.0
2024-Q3,SKU-1005,Ironclad Auto,Radiators,Aluminum,Tariff / Duty,11303,0.0
2024-Q4,SKU-1005,Ironclad Auto,Radiators,Aluminum,Tariff / Duty,11303,0.0
2025-Q1,SKU-1005,Ironclad Auto,Radiators,Aluminum,Tariff / Duty,11303,0.0
2025-Q2,SKU-1005,Ironclad Auto,Radiators,Aluminum,Tariff / Duty,11303,0.0
2025-Q3,SKU-1005,Ironclad Auto,Radiators,Aluminum,Tariff / Duty,11303,0.0
2025-Q4,SKU-1005,Ironclad Auto,Radiators,Aluminum,Tariff / Duty,11303,0.0
2023-Q1,SKU-1006,Ironclad Auto,Radiators,Aluminum,Tariff / Duty,18805,136217.78
2023-Q2,SKU-1006,Ironclad Auto,Radiators,Aluminum,Tariff / Duty,18805,137961.0
2023-Q3,SKU-1006,Ironclad Auto,Radiators,Aluminum,Tariff / Duty,18805,138997.16
2023-Q4,SKU-1006,Ironclad Auto,Radiators,Aluminum,Tariff / Duty,18805,144491.98
2024-Q1,SKU-1006,Ironclad Auto,Radiators,Aluminum,Tariff / Duty,18805,151013.55
2024-Q2,SKU-1006,Ironclad Auto,Radiators,Aluminum,Tariff / Duty,18805,158603.25
2024-Q3,SKU-1006,Ironclad Auto,Radiators,Aluminum,Tariff / Duty,18805,161728.64
2024-Q4,SKU-1006,Ironclad Auto,Radiators,Aluminum,Tariff / Duty,18805,162243.9
2025-Q1,SKU-1006,Ironclad Auto,Radiators,Aluminum,Tariff / Duty,18805,167776.33
2025-Q2,SKU-1006,Ironclad Auto,Radiators,Aluminum,Tariff / Duty,18805,170190.89
2025-Q3,SKU-1006,Ironclad Auto,Radiators,Aluminum,Tariff / Duty,18805,160547.69
2025-Q4,SKU-1006,Ironclad Auto,Radiators,Aluminum,Tariff / Duty,18805,154375.89
2023-Q1,SKU-1007,Ironclad Auto,Radiators,Aluminum,Tariff / Duty,4989,9013.13
2023-Q2,SKU-1007,Ironclad Auto,Radiators,Aluminum,Tariff / Duty,4989,9059.03
2023-Q3,SKU-1007,Ironclad Auto,Radiators,Aluminum,Tariff / Duty,4989,9250.6
2023-Q4,SKU-1007,Ironclad Auto,Radiators,Aluminum,Tariff / Duty,4989,9566.41
2024-Q1,SKU-1007,Ironclad Auto,Radiators,Aluminum,Tariff / Duty,4989,10039.86
2024-Q2,SKU-1007,Ironclad Auto,Radiators,Aluminum,Tariff / Duty,4989,10535.27
2024-Q3,SKU-1007,Ironclad Auto,Radiators,Aluminum,Tariff / Duty,4989,10678.46
2024-Q4,SKU-1007,Ironclad Auto,Radiators,Aluminum,Tariff / Duty,4989,10673.97
2025-Q1,SKU-1007,Ironclad Auto,Radiators,Aluminum,Tariff / Duty,4989,11165.88
2025-Q2,SKU-1007,Ironclad Auto,Radiators,Aluminum,Tariff / Duty,4989,11253.19
2025-Q3,SKU-1007,Ironclad Auto,Radiators,Aluminum,Tariff / Duty,4989,10766.26
2025-Q4,SKU-1007,Ironclad Auto,Radiators,Aluminum,Tariff / Duty,4989,10369.14
2023-Q1,SKU-1008,Ironclad Auto,Spark Plugs,Copper,Tariff / Duty,16260,4525.16
2023-Q2,SKU-1008,Ironclad Auto,Spark Plugs,Copper,Tariff / Duty,16260,4744.67
2023-Q3,SKU-1008,Ironclad Auto,Spark Plugs,Copper,Tariff / Duty,16260,4869.87
2023-Q4,SKU-1008,Ironclad Auto,Spark Plugs,Copper,Tariff / Duty,16260,5126.78
2024-Q1,SKU-1008,Ironclad Auto,Spark Plugs,Copper,Tariff / Duty,16260,5185.31
2024-Q2,SKU-1008,Ironclad Auto,Spark Plugs,Copper,Tariff / Duty,16260,5341.41
2024-Q3,SKU-1008,Ironclad Auto,Spark Plugs,Copper,Tariff / Duty,16260,5673.11
2024-Q4,SKU-1008,Ironclad Auto,Spark Plugs,Copper,Tariff / Duty,16260,5707.26
2025-Q1,SKU-1008,Ironclad Auto,Spark Plugs,Copper,Tariff / Duty,16260,5941.4
2025-Q2,SKU-1008,Ironclad Auto,Spark Plugs,Copper,Tariff / Duty,16260,5926.77
2025-Q3,SKU-1008,Ironclad Auto,Spark Plugs,Copper,Tariff / Duty,16260,5860.1
2025-Q4,SKU-1008,Ironclad Auto,Spark Plugs,Copper,Tariff / Duty,16260,5799.94
2023-Q1,SKU-1009,Ironclad Auto,Spark Plugs,Copper,Tariff / Duty,19831,8003.79
2023-Q2,SKU-1009,Ironclad Auto,Spark Plugs,Copper,Tariff / Duty,19831,8305.22
2023-Q3,SKU-1009,Ironclad Auto,Spark Plugs,Copper,Tariff / Duty,19831,8572.94
2023-Q4,SKU-1009,Ironclad Auto,Spark Plugs,Copper,Tariff / Duty,19831,9086.56
2024-Q1,SKU-1009,Ironclad Auto,Spark Plugs,Copper,Tariff / Duty,19831,9086.56
2024-Q2,SKU-1009,Ironclad Auto,Spark Plugs,Copper,Tariff / Duty,19831,9338.42
2024-Q3,SKU-1009,Ironclad Auto,Spark Plugs,Copper,Tariff / Duty,19831,9861.96
2024-Q4,SKU-1009,Ironclad Auto,Spark Plugs,Copper,Tariff / Duty,19831,9871.87
2025-Q1,SKU-1009,Ironclad Auto,Spark Plugs,Copper,Tariff / Duty,19831,10278.41
2025-Q2,SKU-1009,Ironclad Auto,Spark Plugs,Copper,Tariff / Duty,19831,10220.9
2025-Q3,SKU-1009,Ironclad Auto,Spark Plugs,Copper,Tariff / Duty,19831,10133.64
2025-Q4,SKU-1009,Ironclad Auto,Spark Plugs,Copper,Tariff / Duty,19831,10105.88
2023-Q1,SKU-1010,Ironclad Auto,Spark Plugs,Copper,Tariff / Duty,8984,4842.38
2023-Q2,SKU-1010,Ironclad Auto,Spark Plugs,Copper,Tariff / Duty,8984,5094.83
2023-Q3,SKU-1010,Ironclad Auto,Spark Plugs,Copper,Tariff / Duty,8984,5197.24
2023-Q4,SKU-1010,Ironclad Auto,Spark Plugs,Copper,Tariff / Duty,8984,5490.12
2024-Q1,SKU-1010,Ironclad Auto,Spark Plugs,Copper,Tariff / Duty,8984,5562.89
2024-Q2,SKU-1010,Ironclad Auto,Spark Plugs,Copper,Tariff / Duty,8984,5747.06
2024-Q3,SKU-1010,Ironclad Auto,Spark Plugs,Copper,Tariff / Duty,8984,6098.34
2024-Q4,SKU-1010,Ironclad Auto,Spark Plugs,Copper,Tariff / Duty,8984,6173.8
2025-Q1,SKU-1010,Ironclad Auto,Spark Plugs,Copper,Tariff / Duty,8984,6390.32
2025-Q2,SKU-1010,Ironclad Auto,Spark Plugs,Copper,Tariff / Duty,8984,6365.16
2025-Q3,SKU-1010,Ironclad Auto,Spark Plugs,Copper,Tariff / Duty,8984,6242.08
2025-Q4,SKU-1010,Ironclad Auto,Spark Plugs,Copper,Tariff / Duty,8984,6181.89
2023-Q1,SKU-1011,Ironclad Auto,Spark Plugs,Copper,Tariff / Duty,2761,958.9
2023-Q2,SKU-1011,Ironclad Auto,Spark Plugs,Copper,Tariff / Duty,2761,1005.28
2023-Q3,SKU-1011,Ironclad Auto,Spark Plugs,Copper,Tariff / Duty,2761,1028.75
2023-Q4,SKU-1011,Ironclad Auto,Spark Plugs,Copper,Tariff / Duty,2761,1073.48
2024-Q1,SKU-1011,Ironclad Auto,Spark Plugs,Copper,Tariff / Duty,2761,1085.07
2024-Q2,SKU-1011,Ironclad Auto,Spark Plugs,Copper,Tariff / Duty,2761,1124.56
2024-Q3,SKU-1011,Ironclad Auto,Spark Plugs,Copper,Tariff / Duty,2761,1191.65
2024-Q4,SKU-1011,Ironclad Auto,Spark Plugs,Copper,Tariff / Duty,2761,1196.07
2025-Q1,SKU-1011,Ironclad Auto,Spark Plugs,Copper,Tariff / Duty,2761,1243.0
2025-Q2,SKU-1011,Ironclad Auto,Spark Plugs,Copper,Tariff / Duty,2761,1233.06
2025-Q3,SKU-1011,Ironclad Auto,Spark Plugs,Copper,Tariff / Duty,2761,1215.67
2025-Q4,SKU-1011,Ironclad Auto,Spark Plugs,Copper,Tariff / Duty,2761,1189.71
2023-Q1,SKU-1012,Zhongli Parts,Filters,Paper,Tariff / Duty,17782,0.0
2023-Q2,SKU-1012,Zhongli Parts,Filters,Paper,Tariff / Duty,17782,0.0
2023-Q3,SKU-1012,Zhongli Parts,Filters,Paper,Tariff / Duty,17782,0.0
2023-Q4,SKU-1012,Zhongli Parts,Filters,Paper,Tariff / Duty,17782,0.0
2024-Q1,SKU-1012,Zhongli Parts,Filters,Paper,Tariff / Duty,17782,0.0
2024-Q2,SKU-1012,Zhongli Parts,Filters,Paper,Tariff / Duty,17782,0.0
2024-Q3,SKU-1012,Zhongli Parts,Filters,Paper,Tariff / Duty,17782,0.0
2024-Q4,SKU-1012,Zhongli Parts,Filters,Paper,Tariff / Duty,17782,0.0
2025-Q1,SKU-1012,Zhongli Parts,Filters,Paper,Tariff / Duty,17782,0.0
2025-Q2,SKU-1012,Zhongli Parts,Filters,Paper,Tariff / Duty,17782,0.0
2025-Q3,SKU-1012,Zhongli Parts,Filters,Paper,Tariff / Duty,17782,0.0
2025-Q4,SKU-1012,Zhongli Parts,Filters,Paper,Tariff / Duty,17782,0.0
2023-Q1,SKU-1013,Zhongli Parts,Filters,Paper,Tariff / Duty,18767,12007.13
2023-Q2,SKU-1013,Zhongli Parts,Filters,Paper,Tariff / Duty,18767,11836.35
2023-Q3,SKU-1013,Zhongli Parts,Filters,Paper,Tariff / Duty,18767,12256.73
2023-Q4,SKU-1013,Zhongli Parts,Filters,Paper,Tariff / Duty,18767,12558.88
2024-Q1,SKU-1013,Zhongli Parts,Filters,Paper,Tariff / Duty,18767,12840.38
2024-Q2,SKU-1013,Zhongli Parts,Filters,Paper,Tariff / Duty,18767,12902.31
2024-Q3,SKU-1013,Zhongli Parts,Filters,Paper,Tariff / Duty,18767,13825.65
2024-Q4,SKU-1013,Zhongli Parts,Filters,Paper,Tariff / Duty,18767,13821.9
2025-Q1,SKU-1013,Zhongli Parts,Filters,Paper,Tariff / Duty,18767,13938.25
2025-Q2,SKU-1013,Zhongli Parts,Filters,Paper,Tariff / Duty,18767,14024.58
2025-Q3,SKU-1013,Zhongli Parts,Filters,Paper,Tariff / Duty,18767,14512.52
2025-Q4,SKU-1013,Zhongli Parts,Filters,Paper,Tariff / Duty,18767,14717.08
2023-Q1,SKU-1014,Zhongli Parts,Filters,Paper,Tariff / Duty,7660,3165.88
2023-Q2,SKU-1014,Zhongli Parts,Filters,Paper,Tariff / Duty,7660,3113.79
2023-Q3,SKU-1014,Zhongli Parts,Filters,Paper,Tariff / Duty,7660,3226.39
2023-Q4,SKU-1014,Zhongli Parts,Filters,Paper,Tariff / Duty,7660,3328.27
2024-Q1,SKU-1014,Zhongli Parts,Filters,Paper,Tariff / Duty,7660,3394.15
2024-Q2,SKU-1014,Zhongli Parts,Filters,Paper,Tariff / Duty,7660,3412.53
2024-Q3,SKU-1014,Zhongli Parts,Filters,Paper,Tariff / Duty,7660,3670.67
2024-Q4,SKU-1014,Zhongli Parts,Filters,Paper,Tariff / Duty,7660,3653.82
2025-Q1,SKU-1014,Zhongli Parts,Filters,Paper,Tariff / Duty,7660,3699.01
2025-Q2,SKU-1014,Zhongli Parts,Filters,Paper,Tariff / Duty,7660,3708.97
2025-Q3,SKU-1014,Zhongli Parts,Filters,Paper,Tariff / Duty,7660,3888.98
2025-Q4,SKU-1014,Zhongli Parts,Filters,Paper,Tariff / Duty,7660,4006.18
2023-Q1,SKU-1015,Zhongli Parts,Wipers,Rubber,Tariff / Duty,6748,6714.26
2023-Q2,SKU-1015,Zhongli Parts,Wipers,Rubber,Tariff / Duty,6748,6735.85
2023-Q3,SKU-1015,Zhongli Parts,Wipers,Rubber,Tariff / Duty,6748,7018.59
2023-Q4,SKU-1015,Zhongli Parts,Wipers,Rubber,Tariff / Duty,6748,7388.39
2024-Q1,SKU-1015,Zhongli Parts,Wipers,Rubber,Tariff / Duty,6748,7072.58
2024-Q2,SKU-1015,Zhongli Parts,Wipers,Rubber,Tariff / Duty,6748,6906.58
2024-Q3,SKU-1015,Zhongli Parts,Wipers,Rubber,Tariff / Duty,6748,7036.81
2024-Q4,SKU-1015,Zhongli Parts,Wipers,Rubber,Tariff / Duty,6748,6965.29
2025-Q1,SKU-1015,Zhongli Parts,Wipers,Rubber,Tariff / Duty,6748,7046.26
2025-Q2,SKU-1015,Zhongli Parts,Wipers,Rubber,Tariff / Duty,6748,7689.35
2025-Q3,SKU-1015,Zhongli Parts,Wipers,Rubber,Tariff / Duty,6748,7762.22
2025-Q4,SKU-1015,Zhongli Parts,Wipers,Rubber,Tariff / Duty,6748,8050.36
2023-Q1,SKU-1016,Zhongli Parts,Wipers,Rubber,Tariff / Duty,771,617.11
2023-Q2,SKU-1016,Zhongli Parts,Wipers,Rubber,Tariff / Duty,771,618.26
2023-Q3,SKU-1016,Zhongli Parts,Wipers,Rubber,Tariff / Duty,771,644.09
2023-Q4,SKU-1016,Zhongli Parts,Wipers,Rubber,Tariff / Duty,771,672.54
2024-Q1,SKU-1016,Zhongli Parts,Wipers,Rubber,Tariff / Duty,771,651.5
2024-Q2,SKU-1016,Zhongli Parts,Wipers,Rubber,Tariff / Duty,771,648.64
2024-Q3,SKU-1016,Zhongli Parts,Wipers,Rubber,Tariff / Duty,771,654.19
2024-Q4,SKU-1016,Zhongli Parts,Wipers,Rubber,Tariff / Duty,771,648.18
2025-Q1,SKU-1016,Zhongli Parts,Wipers,Rubber,Tariff / Duty,771,657.59
2025-Q2,SKU-1016,Zhongli Parts,Wipers,Rubber,Tariff / Duty,771,708.01
2025-Q3,SKU-1016,Zhongli Parts,Wipers,Rubber,Tariff / Duty,771,708.16
2025-Q4,SKU-1016,Zhongli Parts,Wipers,Rubber,Tariff / Duty,771,731.91
2023-Q1,SKU-1017,Zhongli Parts,Belts & Hoses,Rubber,Tariff / Duty,10373,13757.71
2023-Q2,SKU-1017,Zhongli Parts,Belts & Hoses,Rubber,Tariff / Duty,10373,13782.61
2023-Q3,SKU-1017,Zhongli Parts,Belts & Hoses,Rubber,Tariff / Duty,10373,14319.93
2023-Q4,SKU-1017,Zhongli Parts,Belts & Hoses,Rubber,Tariff / Duty,10373,15231.71
2024-Q1,SKU-1017,Zhongli Parts,Belts & Hoses,Rubber,Tariff / Duty,10373,14472.41
2024-Q2,SKU-1017,Zhongli Parts,Belts & Hoses,Rubber,Tariff / Duty,10373,14265.99
2024-Q3,SKU-1017,Zhongli Parts,Belts & Hoses,Rubber,Tariff / Duty,10373,14532.57
2024-Q4,SKU-1017,Zhongli Parts,Belts & Hoses,Rubber,Tariff / Duty,10373,14355.19
2025-Q1,SKU-1017,Zhongli Parts,Belts & Hoses,Rubber,Tariff / Duty,10373,14541.91
2025-Q2,SKU-1017,Zhongli Parts,Belts & Hoses,Rubber,Tariff / Duty,10373,15695.39
2025-Q3,SKU-1017,Zhongli Parts,Belts & Hoses,Rubber,Tariff / Duty,10373,15855.13
2025-Q4,SKU-1017,Zhongli Parts,Belts & Hoses,Rubber,Tariff / Duty,10373,16528.34
2023-Q1,SKU-1018,Zhongli Parts,Belts & Hoses,Rubber,Tariff / Duty,2145,1923.85
2023-Q2,SKU-1018,Zhongli Parts,Belts & Hoses,Rubber,Tariff / Duty,2145,1897.47
2023-Q3,SKU-1018,Zhongli Parts,Belts & Hoses,Rubber,Tariff / Duty,2145,1989.92
2023-Q4,SKU-1018,Zhongli Parts,Belts & Hoses,Rubber,Tariff / Duty,2145,2089.87
2024-Q1,SKU-1018,Zhongli Parts,Belts & Hoses,Rubber,Tariff / Duty,2145,1998.5
2024-Q2,SKU-1018,Zhongli Parts,Belts & Hoses,Rubber,Tariff / Duty,2145,1983.91
2024-Q3,SKU-1018,Zhongli Parts,Belts & Hoses,Rubber,Tariff / Duty,2145,2010.29
2024-Q4,SKU-1018,Zhongli Parts,Belts & Hoses,Rubber,Tariff / Duty,2145,1979.41
2025-Q1,SKU-1018,Zhongli Parts,Belts & Hoses,Rubber,Tariff / Duty,2145,2023.81
2025-Q2,SKU-1018,Zhongli Parts,Belts & Hoses,Rubber,Tariff / Duty,2145,2171.17
2025-Q3,SKU-1018,Zhongli Parts,Belts & Hoses,Rubber,Tariff / Duty,2145,2190.26
2025-Q4,SKU-1018,Zhongli Parts,Belts & Hoses,Rubber,Tariff / Duty,2145,2289.36
2023-Q1,SKU-1019,Zhongli Parts,Spark Plugs,Copper,Tariff / Duty,19475,2796.61
2023-Q2,SKU-1019,Zhongli Parts,Spark Plugs,Copper,Tariff / Duty,19475,2866.72
2023-Q3,SKU-1019,Zhongli Parts,Spark Plugs,Copper,Tariff / Duty,19475,2973.83
2023-Q4,SKU-1019,Zhongli Parts,Spark Plugs,Copper,Tariff / Duty,19475,3170.53
2024-Q1,SKU-1019,Zhongli Parts,Spark Plugs,Copper,Tariff / Duty,19475,3213.38
2024-Q2,SKU-1019,Zhongli Parts,Spark Plugs,Copper,Tariff / Duty,19475,3242.59
2024-Q3,SKU-1019,Zhongli Parts,Spark Plugs,Copper,Tariff / Duty,19475,3458.76
2024-Q4,SKU-1019,Zhongli Parts,Spark Plugs,Copper,Tariff / Duty,19475,3515.24
2025-Q1,SKU-1019,Zhongli Parts,Spark Plugs,Copper,Tariff / Duty,19475,3700.25
2025-Q2,SKU-1019,Zhongli Parts,Spark Plugs,Copper,Tariff / Duty,19475,3692.46
2025-Q3,SKU-1019,Zhongli Parts,Spark Plugs,Copper,Tariff / Duty,19475,3782.04
2025-Q4,SKU-1019,Zhongli Parts,Spark Plugs,Copper,Tariff / Duty,19475,3774.26
2023-Q1,SKU-1020,Zhongli Parts,Spark Plugs,Copper,Tariff / Duty,19134,5246.54
2023-Q2,SKU-1020,Zhongli Parts,Spark Plugs,Copper,Tariff / Duty,19134,5349.87
2023-Q3,SKU-1020,Zhongli Parts,Spark Plugs,Copper,Tariff / Duty,19134,5585.21
2023-Q4,SKU-1020,Zhongli Parts,Spark Plugs,Copper,Tariff / Duty,19134,6008.08
2024-Q1,SKU-1020,Zhongli Parts,Spark Plugs,Copper,Tariff / Duty,19134,6036.78
2024-Q2,SKU-1020,Zhongli Parts,Spark Plugs,Copper,Tariff / Duty,19134,6080.79
2024-Q3,SKU-1020,Zhongli Parts,Spark Plugs,Copper,Tariff / Duty,19134,6541.91
2024-Q4,SKU-1020,Zhongli Parts,Spark Plugs,Copper,Tariff / Duty,19134,6608.88
2025-Q1,SKU-1020,Zhongli Parts,Spark Plugs,Copper,Tariff / Duty,19134,6962.86
2025-Q2,SKU-1020,Zhongli Parts,Spark Plugs,Copper,Tariff / Duty,19134,6980.08
2025-Q3,SKU-1020,Zhongli Parts,Spark Plugs,Copper,Tariff / Duty,19134,7265.18
2025-Q4,SKU-1020,Zhongli Parts,Spark Plugs,Copper,Tariff / Duty,19134,7288.14
2023-Q1,SKU-1021,Zhongli Parts,Spark Plugs,Copper,Tariff / Duty,16895,0.0
2023-Q2,SKU-1021,Zhongli Parts,Spark Plugs,Copper,Tariff / Duty,16895,0.0
2023-Q3,SKU-1021,Zhongli Parts,Spark Plugs,Copper,Tariff / Duty,16895,0.0
2023-Q4,SKU-1021,Zhongli Parts,Spark Plugs,Copper,Tariff / Duty,16895,0.0
2024-Q1,SKU-1021,Zhongli Parts,Spark Plugs,Copper,Tariff / Duty,16895,0.0
2024-Q2,SKU-1021,Zhongli Parts,Spark Plugs,Copper,Tariff / Duty,16895,0.0
2024-Q3,SKU-1021,Zhongli Parts,Spark Plugs,Copper,Tariff / Duty,16895,0.0
2024-Q4,SKU-1021,Zhongli Parts,Spark Plugs,Copper,Tariff / Duty,16895,0.0
2025-Q1,SKU-1021,Zhongli Parts,Spark Plugs,Copper,Tariff / Duty,16895,0.0
2025-Q2,SKU-1021,Zhongli Parts,Spark Plugs,Copper,Tariff / Duty,16895,0.0
2025-Q3,SKU-1021,Zhongli Parts,Spark Plugs,Copper,Tariff / Duty,16895,0.0
2025-Q4,SKU-1021,Zhongli Parts,Spark Plugs,Copper,Tariff / Duty,16895,0.0
2023-Q1,SKU-1022,EuroTech GmbH,Brakes,Steel,Tariff / Duty,4038,13198.2
2023-Q2,SKU-1022,EuroTech GmbH,Brakes,Steel,Tariff / Duty,4038,12821.46
2023-Q3,SKU-1022,EuroTech GmbH,Brakes,Steel,Tariff / Duty,4038,13542.24
2023-Q4,SKU-1022,EuroTech GmbH,Brakes,Steel,Tariff / Duty,4038,13941.2
2024-Q1,SKU-1022,EuroTech GmbH,Brakes,Steel,Tariff / Duty,4038,13402.12
2024-Q2,SKU-1022,EuroTech GmbH,Brakes,Steel,Tariff / Duty,4038,13716.28
2024-Q3,SKU-1022,EuroTech GmbH,Brakes,Steel,Tariff / Duty,4038,14071.22
2024-Q4,SKU-1022,EuroTech GmbH,Brakes,Steel,Tariff / Duty,4038,14531.55
2025-Q1,SKU-1022,EuroTech GmbH,Brakes,Steel,Tariff / Duty,4038,14533.17
2025-Q2,SKU-1022,EuroTech GmbH,Brakes,Steel,Tariff / Duty,4038,14401.93
2025-Q3,SKU-1022,EuroTech GmbH,Brakes,Steel,Tariff / Duty,4038,14382.95
2025-Q4,SKU-1022,EuroTech GmbH,Brakes,Steel,Tariff / Duty,4038,14819.46
2023-Q1,SKU-1023,EuroTech GmbH,Brakes,Steel,Tariff / Duty,15802,13404.84
2023-Q2,SKU-1023,EuroTech GmbH,Brakes,Steel,Tariff / Duty,15802,13117.24
2023-Q3,SKU-1023,EuroTech GmbH,Brakes,Steel,Tariff / Duty,15802,13637.13
2023-Q4,SKU-1023,EuroTech GmbH,Brakes,Steel,Tariff / Duty,15802,14057.46
2024-Q1,SKU-1023,EuroTech GmbH,Brakes,Steel,Tariff / Duty,15802,13651.35
2024-Q2,SKU-1023,EuroTech GmbH,Brakes,Steel,Tariff / Duty,15802,14138.05
2024-Q3,SKU-1023,EuroTech GmbH,Brakes,Steel,Tariff / Duty,15802,14457.25
2024-Q4,SKU-1023,EuroTech GmbH,Brakes,Steel,Tariff / Duty,15802,14893.38
2025-Q1,SKU-1023,EuroTech GmbH,Brakes,Steel,Tariff / Duty,15802,14757.49
2025-Q2,SKU-1023,EuroTech GmbH,Brakes,Steel,Tariff / Duty,15802,14744.85
2025-Q3,SKU-1023,EuroTech GmbH,Brakes,Steel,Tariff / Duty,15802,14578.93
2025-Q4,SKU-1023,EuroTech GmbH,Brakes,Steel,Tariff / Duty,15802,14754.33
2023-Q1,SKU-1024,EuroTech GmbH,Batteries,Lead,Tariff / Duty,5036,45064.14
2023-Q2,SKU-1024,EuroTech GmbH,Batteries,Lead,Tariff / Duty,5036,46374.51
2023-Q3,SKU-1024,EuroTech GmbH,Batteries,Lead,Tariff / Duty,5036,47867.68
2023-Q4,SKU-1024,EuroTech GmbH,Batteries,Lead,Tariff / Duty,5036,46915.38
2024-Q1,SKU-1024,EuroTech GmbH,Batteries,Lead,Tariff / Duty,5036,48251.93
2024-Q2,SKU-1024,EuroTech GmbH,Batteries,Lead,Tariff / Duty,5036,49713.38
2024-Q3,SKU-1024,EuroTech GmbH,Batteries,Lead,Tariff / Duty,5036,51863.25
2024-Q4,SKU-1024,EuroTech GmbH,Batteries,Lead,Tariff / Duty,5036,53699.37
2025-Q1,SKU-1024,EuroTech GmbH,Batteries,Lead,Tariff / Duty,5036,52875.99
2025-Q2,SKU-1024,EuroTech GmbH,Batteries,Lead,Tariff / Duty,5036,52852.32
2025-Q3,SKU-1024,EuroTech GmbH,Batteries,Lead,Tariff / Duty,5036,52258.07
2025-Q4,SKU-1024,EuroTech GmbH,Batteries,Lead,Tariff / Duty,5036,51590.8
2023-Q1,SKU-1025,EuroTech GmbH,Batteries,Lead,Tariff / Duty,2818,8004.53
2023-Q2,SKU-1025,EuroTech GmbH,Batteries,Lead,Tariff / Duty,2818,8169.1
2023-Q3,SKU-1025,EuroTech GmbH,Batteries,Lead,Tariff / Duty,2818,8463.86
2023-Q4,SKU-1025,EuroTech GmbH,Batteries,Lead,Tariff / Duty,2818,8270.83
2024-Q1,SKU-1025,EuroTech GmbH,Batteries,Lead,Tariff / Duty,2818,8490.63
2024-Q2,SKU-1025,EuroTech GmbH,Batteries,Lead,Tariff / Duty,2818,8818.09
2024-Q3,SKU-1025,EuroTech GmbH,Batteries,Lead,Tariff / Duty,2818,9134.55
2024-Q4,SKU-1025,EuroTech GmbH,Batteries,Lead,Tariff / Duty,2818,9426.21
2025-Q1,SKU-1025,EuroTech GmbH,Batteries,Lead,Tariff / Duty,2818,9311.52
2025-Q2,SKU-1025,EuroTech GmbH,Batteries,Lead,Tariff / Duty,2818,9312.08
2025-Q3,SKU-1025,EuroTech GmbH,Batteries,Lead,Tariff / Duty,2818,9225.0
2025-Q4,SKU-1025,EuroTech GmbH,Batteries,Lead,Tariff / Duty,2818,9101.58
2023-Q1,SKU-1026,EuroTech GmbH,Batteries,Lead,Tariff / Duty,17416,151602.8
2023-Q2,SKU-1026,EuroTech GmbH,Batteries,Lead,Tariff / Duty,17416,154030.59
2023-Q3,SKU-1026,EuroTech GmbH,Batteries,Lead,Tariff / Duty,17416,159619.38
2023-Q4,SKU-1026,EuroTech GmbH,Batteries,Lead,Tariff / Duty,17416,155378.59
2024-Q1,SKU-1026,EuroTech GmbH,Batteries,Lead,Tariff / Duty,17416,158971.51
2024-Q2,SKU-1026,EuroTech GmbH,Batteries,Lead,Tariff / Duty,17416,163564.11
2024-Q3,SKU-1026,EuroTech GmbH,Batteries,Lead,Tariff / Duty,17416,169786.84
2024-Q4,SKU-1026,EuroTech GmbH,Batteries,Lead,Tariff / Duty,17416,175551.54
2025-Q1,SKU-1026,EuroTech GmbH,Batteries,Lead,Tariff / Duty,17416,172315.65
2025-Q2,SKU-1026,EuroTech GmbH,Batteries,Lead,Tariff / Duty,17416,171578.95
2025-Q3,SKU-1026,EuroTech GmbH,Batteries,Lead,Tariff / Duty,17416,172754.53
2025-Q4,SKU-1026,EuroTech GmbH,Batteries,Lead,Tariff / Duty,17416,170565.34
2023-Q1,SKU-1027,EuroTech GmbH,Batteries,Lead,Tariff / Duty,19203,0.0
2023-Q2,SKU-1027,EuroTech GmbH,Batteries,Lead,Tariff / Duty,19203,0.0
2023-Q3,SKU-1027,EuroTech GmbH,Batteries,Lead,Tariff / Duty,19203,0.0
2023-Q4,SKU-1027,EuroTech GmbH,Batteries,Lead,Tariff / Duty,19203,0.0
2024-Q1,SKU-1027,EuroTech GmbH,Batteries,Lead,Tariff / Duty,19203,0.0
2024-Q2,SKU-1027,EuroTech GmbH,Batteries,Lead,Tariff / Duty,19203,0.0
2024-Q3,SKU-1027,EuroTech GmbH,Batteries,Lead,Tariff / Duty,19203,0.0
2024-Q4,SKU-1027,EuroTech GmbH,Batteries,Lead,Tariff / Duty,19203,0.0
2025-Q1,SKU-1027,EuroTech GmbH,Batteries,Lead,Tariff / Duty,19203,0.0
2025-Q2,SKU-1027,EuroTech GmbH,Batteries,Lead,Tariff / Duty,19203,0.0
2025-Q3,SKU-1027,EuroTech GmbH,Batteries,Lead,Tariff / Duty,19203,0.0
2025-Q4,SKU-1027,EuroTech GmbH,Batteries,Lead,Tariff / Duty,19203,0.0
2023-Q1,SKU-1028,EuroTech GmbH,Radiators,Aluminum,Tariff / Duty,6715,16694.83
2023-Q2,SKU-1028,EuroTech GmbH,Radiators,Aluminum,Tariff / Duty,6715,16680.06
2023-Q3,SKU-1028,EuroTech GmbH,Radiators,Aluminum,Tariff / Duty,6715,17084.97
2023-Q4,SKU-1028,EuroTech GmbH,Radiators,Aluminum,Tariff / Duty,6715,17356.93
2024-Q1,SKU-1028,EuroTech GmbH,Radiators,Aluminum,Tariff / Duty,6715,18027.76
2024-Q2,SKU-1028,EuroTech GmbH,Radiators,Aluminum,Tariff / Duty,6715,19540.65
2024-Q3,SKU-1028,EuroTech GmbH,Radiators,Aluminum,Tariff / Duty,6715,19852.9
2024-Q4,SKU-1028,EuroTech GmbH,Radiators,Aluminum,Tariff / Duty,6715,20226.25
2025-Q1,SKU-1028,EuroTech GmbH,Radiators,Aluminum,Tariff / Duty,6715,20491.49
2025-Q2,SKU-1028,EuroTech GmbH,Radiators,Aluminum,Tariff / Duty,6715,20893.05
2025-Q3,SKU-1028,EuroTech GmbH,Radiators,Aluminum,Tariff / Duty,6715,19586.98
2025-Q4,SKU-1028,EuroTech GmbH,Radiators,Aluminum,Tariff / Duty,6715,18689.19
2023-Q1,SKU-1029,EuroTech GmbH,Radiators,Aluminum,Tariff / Duty,3727,14873.71
2023-Q2,SKU-1029,EuroTech GmbH,Radiators,Aluminum,Tariff / Duty,3727,14840.54
2023-Q3,SKU-1029,EuroTech GmbH,Radiators,Aluminum,Tariff / Duty,3727,15347.04
2023-Q4,SKU-1029,EuroTech GmbH,Radiators,Aluminum,Tariff / Duty,3727,15566.19
2024-Q1,SKU-1029,EuroTech GmbH,Radiators,Aluminum,Tariff / Duty,3727,16008.96
2024-Q2,SKU-1029,EuroTech GmbH,Radiators,Aluminum,Tariff / Duty,3727,17266.82
2024-Q3,SKU-1029,EuroTech GmbH,Radiators,Aluminum,Tariff / Duty,3727,17384.59
2024-Q4,SKU-1029,EuroTech GmbH,Radiators,Aluminum,Tariff / Duty,3727,17916.06
2025-Q1,SKU-1029,EuroTech GmbH,Radiators,Aluminum,Tariff / Duty,3727,18166.14
2025-Q2,SKU-1029,EuroTech GmbH,Radiators,Aluminum,Tariff / Duty,3727,18305.91
2025-Q3,SKU-1029,EuroTech GmbH,Radiators,Aluminum,Tariff / Duty,3727,17492.3
2025-Q4,SKU-1029,EuroTech GmbH,Radiators,Aluminum,Tariff / Duty,3727,16923.93
2023-Q1,SKU-1030,EuroTech GmbH,Radiators,Aluminum,Tariff / Duty,4299,0.0
2023-Q2,SKU-1030,EuroTech GmbH,Radiators,Aluminum,Tariff / Duty,4299,0.0
2023-Q3,SKU-1030,EuroTech GmbH,Radiators,Aluminum,Tariff / Duty,4299,0.0
2023-Q4,SKU-1030,EuroTech GmbH,Radiators,Aluminum,Tariff / Duty,4299,0.0
2024-Q1,SKU-1030,EuroTech GmbH,Radiators,Aluminum,Tariff / Duty,4299,0.0
2024-Q2,SKU-1030,EuroTech GmbH,Radiators,Aluminum,Tariff / Duty,4299,0.0
2024-Q3,SKU-1030,EuroTech GmbH,Radiators,Aluminum,Tariff / Duty,4299,0.0
2024-Q4,SKU-1030,EuroTech GmbH,Radiators,Aluminum,Tariff / Duty,4299,0.0
2025-Q1,SKU-1030,EuroTech GmbH,Radiators,Aluminum,Tariff / Duty,4299,0.0
2025-Q2,SKU-1030,EuroTech GmbH,Radiators,Aluminum,Tariff / Duty,4299,0.0
2025-Q3,SKU-1030,EuroTech GmbH,Radiators,Aluminum,Tariff / Duty,4299,0.0
2025-Q4,SKU-1030,EuroTech GmbH,Radiators,Aluminum,Tariff / Duty,4299,0.0
2023-Q1,SKU-1031,Monterrey Supply,Filters,Paper,Tariff / Duty,16650,3781.22
2023-Q2,SKU-1031,Monterrey Supply,Filters,Paper,Tariff / Duty,16650,3826.17
2023-Q3,SKU-1031,Monterrey Supply,Filters,Paper,Tariff / Duty,16650,3906.09
2023-Q4,SKU-1031,Monterrey Supply,Filters,Paper,Tariff / Duty,16650,4124.2
2024-Q1,SKU-1031,Monterrey Supply,Filters,Paper,Tariff / Duty,16650,4317.34
2024-Q2,SKU-1031,Monterrey Supply,Filters,Paper,Tariff / Duty,16650,4443.88
2024-Q3,SKU-1031,Monterrey Supply,Filters,Paper,Tariff / Duty,16650,4911.75
2024-Q4,SKU-1031,Monterrey Supply,Filters,Paper,Tariff / Duty,16650,4696.96
2025-Q1,SKU-1031,Monterrey Supply,Filters,Paper,Tariff / Duty,16650,4558.77
2025-Q2,SKU-1031,Monterrey Supply,Filters,Paper,Tariff / Duty,16650,4372.29
2025-Q3,SKU-1031,Monterrey Supply,Filters,Paper,Tariff / Duty,16650,4270.73
2025-Q4,SKU-1031,Monterrey Supply,Filters,Paper,Tariff / Duty,16650,4084.24
2023-Q1,SKU-1032,Monterrey Supply,Filters,Paper,Tariff / Duty,17097,0.0
2023-Q2,SKU-1032,Monterrey Supply,Filters,Paper,Tariff / Duty,17097,0.0
2023-Q3,SKU-1032,Monterrey Supply,Filters,Paper,Tariff / Duty,17097,0.0
2023-Q4,SKU-1032,Monterrey Supply,Filters,Paper,Tariff / Duty,17097,0.0
2024-Q1,SKU-1032,Monterrey Supply,Filters,Paper,Tariff / Duty,17097,0.0
2024-Q2,SKU-1032,Monterrey Supply,Filters,Paper,Tariff / Duty,17097,0.0
2024-Q3,SKU-1032,Monterrey Supply,Filters,Paper,Tariff / Duty,17097,0.0
2024-Q4,SKU-1032,Monterrey Supply,Filters,Paper,Tariff / Duty,17097,0.0
2025-Q1,SKU-1032,Monterrey Supply,Filters,Paper,Tariff / Duty,17097,0.0
2025-Q2,SKU-1032,Monterrey Supply,Filters,Paper,Tariff / Duty,17097,0.0
2025-Q3,SKU-1032,Monterrey Supply,Filters,Paper,Tariff / Duty,17097,0.0
2025-Q4,SKU-1032,Monterrey Supply,Filters,Paper,Tariff / Duty,17097,0.0
2023-Q1,SKU-1033,Monterrey Supply,Filters,Paper,Tariff / Duty,19002,4619.39
2023-Q2,SKU-1033,Monterrey Supply,Filters,Paper,Tariff / Duty,19002,4697.29
2023-Q3,SKU-1033,Monterrey Supply,Filters,Paper,Tariff / Duty,19002,4756.2
2023-Q4,SKU-1033,Monterrey Supply,Filters,Paper,Tariff / Duty,19002,4980.42
2024-Q1,SKU-1033,Monterrey Supply,Filters,Paper,Tariff / Duty,19002,5233.15
2024-Q2,SKU-1033,Monterrey Supply,Filters,Paper,Tariff / Duty,19002,5398.47
2024-Q3,SKU-1033,Monterrey Supply,Filters,Paper,Tariff / Duty,19002,5913.42
2024-Q4,SKU-1033,Monterrey Supply,Filters,Paper,Tariff / Duty,19002,5651.19
2025-Q1,SKU-1033,Monterrey Supply,Filters,Paper,Tariff / Duty,19002,5459.27
2025-Q2,SKU-1033,Monterrey Supply,Filters,Paper,Tariff / Duty,19002,5221.75
2025-Q3,SKU-1033,Monterrey Supply,Filters,Paper,Tariff / Duty,19002,5100.14
2025-Q4,SKU-1033,Monterrey Supply,Filters,Paper,Tariff / Duty,19002,4900.62
2023-Q1,SKU-1034,Monterrey Supply,Motor Oil,Crude Oil,Tariff / Duty,2319,3513.52
2023-Q2,SKU-1034,Monterrey Supply,Motor Oil,Crude Oil,Tariff / Duty,2319,3499.83
2023-Q3,SKU-1034,Monterrey Supply,Motor Oil,Crude Oil,Tariff / Duty,2319,3425.63
2023-Q4,SKU-1034,Monterrey Supply,Motor Oil,Crude Oil,Tariff / Duty,2319,3695.56
2024-Q1,SKU-1034,Monterrey Supply,Motor Oil,Crude Oil,Tariff / Duty,2319,3984.74
2024-Q2,SKU-1034,Monterrey Supply,Motor Oil,Crude Oil,Tariff / Duty,2319,4229.39
2024-Q3,SKU-1034,Monterrey Supply,Motor Oil,Crude Oil,Tariff / Duty,2319,4412.59
2024-Q4,SKU-1034,Monterrey Supply,Motor Oil,Crude Oil,Tariff / Duty,2319,4342.56
2025-Q1,SKU-1034,Monterrey Supply,Motor Oil,Crude Oil,Tariff / Duty,2319,4307.08
2025-Q2,SKU-1034,Monterrey Supply,Motor Oil,Crude Oil,Tariff / Duty,2319,4293.4
2025-Q3,SKU-1034,Monterrey Supply,Motor Oil,Crude Oil,Tariff / Duty,2319,4342.33
2025-Q4,SKU-1034,Monterrey Supply,Motor Oil,Crude Oil,Tariff / Duty,2319,4163.76
2023-Q1,SKU-1035,Monterrey Supply,Motor Oil,Crude Oil,Tariff / Duty,2432,1660.57
2023-Q2,SKU-1035,Monterrey Supply,Motor Oil,Crude Oil,Tariff / Duty,2432,1635.03
2023-Q3,SKU-1035,Monterrey Supply,Motor Oil,Crude Oil,Tariff / Duty,2432,1590.28
2023-Q4,SKU-1035,Monterrey Supply,Motor Oil,Crude Oil,Tariff / Duty,2432,1747.39
2024-Q1,SKU-1035,Monterrey Supply,Motor Oil,Crude Oil,Tariff / Duty,2432,1915.2
2024-Q2,SKU-1035,Monterrey Supply,Motor Oil,Crude Oil,Tariff / Duty,2432,2053.34
2024-Q3,SKU-1035,Monterrey Supply,Motor Oil,Crude Oil,Tariff / Duty,2432,2134.32
2024-Q4,SKU-1035,Monterrey Supply,Motor Oil,Crude Oil,Tariff / Duty,2432,2111.95
2025-Q1,SKU-1035,Monterrey Supply,Motor Oil,Crude Oil,Tariff / Duty,2432,2107.08
2025-Q2,SKU-1035,Monterrey Supply,Motor Oil,Crude Oil,Tariff / Duty,2432,2111.22
2025-Q3,SKU-1035,Monterrey Supply,Motor Oil,Crude Oil,Tariff / Duty,2432,2178.1
2025-Q4,SKU-1035,Monterrey Supply,Motor Oil,Crude Oil,Tariff / Duty,2432,2104.65
2023-Q1,SKU-1036,Monterrey Supply,Motor Oil,Crude Oil,Tariff / Duty,12742,16994.01
2023-Q2,SKU-1036,Monterrey Supply,Motor Oil,Crude Oil,Tariff / Duty,12742,16735.34
2023-Q3,SKU-1036,Monterrey Supply,Motor Oil,Crude Oil,Tariff / Duty,12742,16132.65
2023-Q4,SKU-1036,Monterrey Supply,Motor Oil,Crude Oil,Tariff / Duty,12742,17902.51
2024-Q1,SKU-1036,Monterrey Supply,Motor Oil,Crude Oil,Tariff / Duty,12742,19631.6
2024-Q2,SKU-1036,Monterrey Supply,Motor Oil,Crude Oil,Tariff / Duty,12742,20769.46
2024-Q3,SKU-1036,Monterrey Supply,Motor Oil,Crude Oil,Tariff / Duty,12742,21541.63
2024-Q4,SKU-1036,Monterrey Supply,Motor Oil,Crude Oil,Tariff / Duty,12742,21220.53
2025-Q1,SKU-1036,Monterrey Supply,Motor Oil,Crude Oil,Tariff / Duty,12742,21149.17
2025-Q2,SKU-1036,Monterrey Supply,Motor Oil,Crude Oil,Tariff / Duty,12742,21089.28
2025-Q3,SKU-1036,Monterrey Supply,Motor Oil,Crude Oil,Tariff / Duty,12742,21983.77
2025-Q4,SKU-1036,Monterrey Supply,Motor Oil,Crude Oil,Tariff / Duty,12742,21317.37
2023-Q1,SKU-1037,Monterrey Supply,Motor Oil,Crude Oil,Tariff / Duty,10953,19812.88
2023-Q2,SKU-1037,Monterrey Supply,Motor Oil,Crude Oil,Tariff / Duty,10953,19566.44
2023-Q3,SKU-1037,Monterrey Supply,Motor Oil,Crude Oil,Tariff / Duty,10953,18965.12
2023-Q4,SKU-1037,Monterrey Supply,Motor Oil,Crude Oil,Tariff / Duty,10953,20941.04
2024-Q1,SKU-1037,Monterrey Supply,Motor Oil,Crude Oil,Tariff / Duty,10953,22854.53
2024-Q2,SKU-1037,Monterrey Supply,Motor Oil,Crude Oil,Tariff / Duty,10953,24419.71
2024-Q3,SKU-1037,Monterrey Supply,Motor Oil,Crude Oil,Tariff / Duty,10953,25302.53
2024-Q4,SKU-1037,Monterrey Supply,Motor Oil,Crude Oil,Tariff / Duty,10953,25159.04
2025-Q1,SKU-1037,Monterrey Supply,Motor Oil,Crude Oil,Tariff / Duty,10953,24991.46
2025-Q2,SKU-1037,Monterrey Supply,Motor Oil,Crude Oil,Tariff / Duty,10953,24877.55
2025-Q3,SKU-1037,Monterrey Supply,Motor Oil,Crude Oil,Tariff / Duty,10953,25834.84
2025-Q4,SKU-1037,Monterrey Supply,Motor Oil,Crude Oil,Tariff / Duty,10953,24954.22
2023-Q1,SKU-1038,Monterrey Supply,Wipers,Rubber,Tariff / Duty,12971,0.0
2023-Q2,SKU-1038,Monterrey Supply,Wipers,Rubber,Tariff / Duty,12971,0.0
2023-Q3,SKU-1038,Monterrey Supply,Wipers,Rubber,Tariff / Duty,12971,0.0
2023-Q4,SKU-1038,Monterrey Supply,Wipers,Rubber,Tariff / Duty,12971,0.0
2024-Q1,SKU-1038,Monterrey Supply,Wipers,Rubber,Tariff / Duty,12971,0.0
2024-Q2,SKU-1038,Monterrey Supply,Wipers,Rubber,Tariff / Duty,12971,0.0
2024-Q3,SKU-1038,Monterrey Supply,Wipers,Rubber,Tariff / Duty,12971,0.0
2024-Q4,SKU-1038,Monterrey Supply,Wipers,Rubber,Tariff / Duty,12971,0.0
2025-Q1,SKU-1038,Monterrey Supply,Wipers,Rubber,Tariff / Duty,12971,0.0
2025-Q2,SKU-1038,Monterrey Supply,Wipers,Rubber,Tariff / Duty,12971,0.0
2025-Q3,SKU-1038,Monterrey Supply,Wipers,Rubber,Tariff / Duty,12971,0.0
2025-Q4,SKU-1038,Monterrey Supply,Wipers,Rubber,Tariff / Duty,12971,0.0
2023-Q1,SKU-1039,Monterrey Supply,Wipers,Rubber,Tariff / Duty,7095,1901.46
2023-Q2,SKU-1039,Monterrey Supply,Wipers,Rubber,Tariff / Duty,7095,1938.35
2023-Q3,SKU-1039,Monterrey Supply,Wipers,Rubber,Tariff / Duty,7095,1986.6
2023-Q4,SKU-1039,Monterrey Supply,Wipers,Rubber,Tariff / Duty,7095,2126.37
2024-Q1,SKU-1039,Monterrey Supply,Wipers,Rubber,Tariff / Duty,7095,2115.02
2024-Q2,SKU-1039,Monterrey Supply,Wipers,Rubber,Tariff / Duty,7095,2146.24
2024-Q3,SKU-1039,Monterrey Supply,Wipers,Rubber,Tariff / Duty,7095,2258.34
2024-Q4,SKU-1039,Monterrey Supply,Wipers,Rubber,Tariff / Duty,7095,2140.56
2025-Q1,SKU-1039,Monterrey Supply,Wipers,Rubber,Tariff / Duty,7095,2073.87
2025-Q2,SKU-1039,Monterrey Supply,Wipers,Rubber,Tariff / Duty,7095,2129.92
2025-Q3,SKU-1039,Monterrey Supply,Wipers,Rubber,Tariff / Duty,7095,2010.72
2025-Q4,SKU-1039,Monterrey Supply,Wipers,Rubber,Tariff / Duty,7095,1946.16
2023-Q1,SKU-1040,Monterrey Supply,Wipers,Rubber,Tariff / Duty,7899,5064.05
2023-Q2,SKU-1040,Monterrey Supply,Wipers,Rubber,Tariff / Duty,7899,5222.82
2023-Q3,SKU-1040,Monterrey Supply,Wipers,Rubber,Tariff / Duty,7899,5312.08
2023-Q4,SKU-1040,Monterrey Supply,Wipers,Rubber,Tariff / Duty,7899,5710.19
2024-Q1,SKU-1040,Monterrey Supply,Wipers,Rubber,Tariff / Duty,7899,5684.12
2024-Q2,SKU-1040,Monterrey Supply,Wipers,Rubber,Tariff / Duty,7899,5793.92
2024-Q3,SKU-1040,Monterrey Supply,Wipers,Rubber,Tariff / Duty,7899,6109.09
2024-Q4,SKU-1040,Monterrey Supply,Wipers,Rubber,Tariff / Duty,7899,5784.44
2025-Q1,SKU-1040,Monterrey Supply,Wipers,Rubber,Tariff / Duty,7899,5634.36
2025-Q2,SKU-1040,Monterrey Supply,Wipers,Rubber,Tariff / Duty,7899,5769.43
2025-Q3,SKU-1040,Monterrey Supply,Wipers,Rubber,Tariff / Duty,7899,5437.67
2025-Q4,SKU-1040,Monterrey Supply,Wipers,Rubber,Tariff / Duty,7899,5283.64
2023-Q1,SKU-1041,Great Lakes Mfg,Batteries,Lead,Tariff / Duty,9877,27108.41
2023-Q2,SKU-1041,Great Lakes Mfg,Batteries,Lead,Tariff / Duty,9877,28263.04
2023-Q3,SKU-1041,Great Lakes Mfg,Batteries,Lead,Tariff / Duty,9877,28788.49
2023-Q4,SKU-1041,Great Lakes Mfg,Batteries,Lead,Tariff / Duty,9877,28623.55
2024-Q1,SKU-1041,Great Lakes Mfg,Batteries,Lead,Tariff / Duty,9877,29496.67
2024-Q2,SKU-1041,Great Lakes Mfg,Batteries,Lead,Tariff / Duty,9877,29433.46
2024-Q3,SKU-1041,Great Lakes Mfg,Batteries,Lead,Tariff / Duty,9877,30811.3
2024-Q4,SKU-1041,Great Lakes Mfg,Batteries,Lead,Tariff / Duty,9877,31110.57
2025-Q1,SKU-1041,Great Lakes Mfg,Batteries,Lead,Tariff / Duty,9877,31241.94
2025-Q2,SKU-1041,Great Lakes Mfg,Batteries,Lead,Tariff / Duty,9877,30996.0
2025-Q3,SKU-1041,Great Lakes Mfg,Batteries,Lead,Tariff / Duty,9877,31349.6
2025-Q4,SKU-1041,Great Lakes Mfg,Batteries,Lead,Tariff / Duty,9877,31011.8
2023-Q1,SKU-1042,Great Lakes Mfg,Batteries,Lead,Tariff / Duty,11284,74350.28
2023-Q2,SKU-1042,Great Lakes Mfg,Batteries,Lead,Tariff / Duty,11284,78140.57
2023-Q3,SKU-1042,Great Lakes Mfg,Batteries,Lead,Tariff / Duty,11284,79545.43
2023-Q4,SKU-1042,Great Lakes Mfg,Batteries,Lead,Tariff / Duty,11284,78728.47
2024-Q1,SKU-1042,Great Lakes Mfg,Batteries,Lead,Tariff / Duty,11284,81206.43
2024-Q2,SKU-1042,Great Lakes Mfg,Batteries,Lead,Tariff / Duty,11284,80162.66
2024-Q3,SKU-1042,Great Lakes Mfg,Batteries,Lead,Tariff / Duty,11284,84124.48
2024-Q4,SKU-1042,Great Lakes Mfg,Batteries,Lead,Tariff / Duty,11284,84469.77
2025-Q1,SKU-1042,Great Lakes Mfg,Batteries,Lead,Tariff / Duty,11284,84467.51
2025-Q2,SKU-1042,Great Lakes Mfg,Batteries,Lead,Tariff / Duty,11284,84275.68
2025-Q3,SKU-1042,Great Lakes Mfg,Batteries,Lead,Tariff / Duty,11284,85924.27
2025-Q4,SKU-1042,Great Lakes Mfg,Batteries,Lead,Tariff / Duty,11284,85393.93
2023-Q1,SKU-1043,Great Lakes Mfg,Batteries,Lead,Tariff / Duty,14830,115717.01
2023-Q2,SKU-1043,Great Lakes Mfg,Batteries,Lead,Tariff / Duty,14830,121450.28
2023-Q3,SKU-1043,Great Lakes Mfg,Batteries,Lead,Tariff / Duty,14830,123292.17
2023-Q4,SKU-1043,Great Lakes Mfg,Batteries,Lead,Tariff / Duty,14830,122669.31
2024-Q1,SKU-1043,Great Lakes Mfg,Batteries,Lead,Tariff / Duty,14830,126462.82
2024-Q2,SKU-1043,Great Lakes Mfg,Batteries,Lead,Tariff / Duty,14830,126148.43
2024-Q3,SKU-1043,Great Lakes Mfg,Batteries,Lead,Tariff / Duty,14830,131859.46
2024-Q4,SKU-1043,Great Lakes Mfg,Batteries,Lead,Tariff / Duty,14830,133480.38
2025-Q1,SKU-1043,Great Lakes Mfg,Batteries,Lead,Tariff / Duty,14830,132907.94
2025-Q2,SKU-1043,Great Lakes Mfg,Batteries,Lead,Tariff / Duty,14830,132673.63
2025-Q3,SKU-1043,Great Lakes Mfg,Batteries,Lead,Tariff / Duty,14830,134301.96
2025-Q4,SKU-1043,Great Lakes Mfg,Batteries,Lead,Tariff / Duty,14830,132740.36
2023-Q1,SKU-1044,Great Lakes Mfg,Batteries,Lead,Tariff / Duty,12906,0.0
2023-Q2,SKU-1044,Great Lakes Mfg,Batteries,Lead,Tariff / Duty,12906,0.0
2023-Q3,SKU-1044,Great Lakes Mfg,Batteries,Lead,Tariff / Duty,12906,0.0
2023-Q4,SKU-1044,Great Lakes Mfg,Batteries,Lead,Tariff / Duty,12906,0.0
2024-Q1,SKU-1044,Great Lakes Mfg,Batteries,Lead,Tariff / Duty,12906,0.0
2024-Q2,SKU-1044,Great Lakes Mfg,Batteries,Lead,Tariff / Duty,12906,0.0
2024-Q3,SKU-1044,Great Lakes Mfg,Batteries,Lead,Tariff / Duty,12906,0.0
2024-Q4,SKU-1044,Great Lakes Mfg,Batteries,Lead,Tariff / Duty,12906,0.0
2025-Q1,SKU-1044,Great Lakes Mfg,Batteries,Lead,Tariff / Duty,12906,0.0
2025-Q2,SKU-1044,Great Lakes Mfg,Batteries,Lead,Tariff / Duty,12906,0.0
2025-Q3,SKU-1044,Great Lakes Mfg,Batteries,Lead,Tariff / Duty,12906,0.0
2025-Q4,SKU-1044,Great Lakes Mfg,Batteries,Lead,Tariff / Duty,12906,0.0
2023-Q1,SKU-1045,Great Lakes Mfg,Brakes,Steel,Tariff / Duty,19218,51823.26
2023-Q2,SKU-1045,Great Lakes Mfg,Brakes,Steel,Tariff / Duty,19218,51479.26
2023-Q3,SKU-1045,Great Lakes Mfg,Brakes,Steel,Tariff / Duty,19218,53230.02
2023-Q4,SKU-1045,Great Lakes Mfg,Brakes,Steel,Tariff / Duty,19218,56018.55
2024-Q1,SKU-1045,Great Lakes Mfg,Brakes,Steel,Tariff / Duty,19218,53885.35
2024-Q2,SKU-1045,Great Lakes Mfg,Brakes,Steel,Tariff / Duty,19218,53107.02
2024-Q3,SKU-1045,Great Lakes Mfg,Brakes,Steel,Tariff / Duty,19218,54871.23
2024-Q4,SKU-1045,Great Lakes Mfg,Brakes,Steel,Tariff / Duty,19218,55274.81
2025-Q1,SKU-1045,Great Lakes Mfg,Brakes,Steel,Tariff / Duty,19218,56022.39
2025-Q2,SKU-1045,Great Lakes Mfg,Brakes,Steel,Tariff / Duty,19218,55455.46
2025-Q3,SKU-1045,Great Lakes Mfg,Brakes,Steel,Tariff / Duty,19218,56439.42
2025-Q4,SKU-1045,Great Lakes Mfg,Brakes,Steel,Tariff / Duty,19218,57898.07
2023-Q1,SKU-1046,Great Lakes Mfg,Brakes,Steel,Tariff / Duty,15761,36754.65
2023-Q2,SKU-1046,Great Lakes Mfg,Brakes,Steel,Tariff / Duty,15761,36822.42
2023-Q3,SKU-1046,Great Lakes Mfg,Brakes,Steel,Tariff / Duty,15761,37731.83
2023-Q4,SKU-1046,Great Lakes Mfg,Brakes,Steel,Tariff / Duty,15761,39857.99
2024-Q1,SKU-1046,Great Lakes Mfg,Brakes,Steel,Tariff / Duty,15761,38338.63
2024-Q2,SKU-1046,Great Lakes Mfg,Brakes,Steel,Tariff / Duty,15761,37700.31
2024-Q3,SKU-1046,Great Lakes Mfg,Brakes,Steel,Tariff / Duty,15761,38668.04
2024-Q4,SKU-1046,Great Lakes Mfg,Brakes,Steel,Tariff / Duty,15761,39013.2
2025-Q1,SKU-1046,Great Lakes Mfg,Brakes,Steel,Tariff / Duty,15761,39724.02
2025-Q2,SKU-1046,Great Lakes Mfg,Brakes,Steel,Tariff / Duty,15761,39186.57
2025-Q3,SKU-1046,Great Lakes Mfg,Brakes,Steel,Tariff / Duty,15761,40480.55
2025-Q4,SKU-1046,Great Lakes Mfg,Brakes,Steel,Tariff / Duty,15761,41520.78
2023-Q1,SKU-1047,Great Lakes Mfg,Brakes,Steel,Tariff / Duty,10650,18768.5
2023-Q2,SKU-1047,Great Lakes Mfg,Brakes,Steel,Tariff / Duty,10650,18894.16
2023-Q3,SKU-1047,Great Lakes Mfg,Brakes,Steel,Tariff / Duty,10650,19217.92
2023-Q4,SKU-1047,Great Lakes Mfg,Brakes,Steel,Tariff / Duty,10650,19961.3
2024-Q1,SKU-1047,Great Lakes Mfg,Brakes,Steel,Tariff / Duty,10650,19406.43
2024-Q2,SKU-1047,Great Lakes Mfg,Brakes,Steel,Tariff / Duty,10650,19259.46
2024-Q3,SKU-1047,Great Lakes Mfg,Brakes,Steel,Tariff / Duty,10650,19691.85
2024-Q4,SKU-1047,Great Lakes Mfg,Brakes,Steel,Tariff / Duty,10650,19906.98
2025-Q1,SKU-1047,Great Lakes Mfg,Brakes,Steel,Tariff / Duty,10650,20068.86
2025-Q2,SKU-1047,Great Lakes Mfg,Brakes,Steel,Tariff / Duty,10650,20044.37
2025-Q3,SKU-1047,Great Lakes Mfg,Brakes,Steel,Tariff / Duty,10650,20237.13
2025-Q4,SKU-1047,Great Lakes Mfg,Brakes,Steel,Tariff / Duty,10650,20582.19
2023-Q1,SKU-1048,Great Lakes Mfg,Belts & Hoses,Rubber,Tariff / Duty,13745,11182.93
2023-Q2,SKU-1048,Great Lakes Mfg,Belts & Hoses,Rubber,Tariff / Duty,13745,11475.7
2023-Q3,SKU-1048,Great Lakes Mfg,Belts & Hoses,Rubber,Tariff / Duty,13745,11699.74
2023-Q4,SKU-1048,Great Lakes Mfg,Belts & Hoses,Rubber,Tariff / Duty,13745,12129.96
2024-Q1,SKU-1048,Great Lakes Mfg,Belts & Hoses,Rubber,Tariff / Duty,13745,11716.24
2024-Q2,SKU-1048,Great Lakes Mfg,Belts & Hoses,Rubber,Tariff / Duty,13745,11892.17
2024-Q3,SKU-1048,Great Lakes Mfg,Belts & Hoses,Rubber,Tariff / Duty,13745,11973.27
2024-Q4,SKU-1048,Great Lakes Mfg,Belts & Hoses,Rubber,Tariff / Duty,13745,11837.19
2025-Q1,SKU-1048,Great Lakes Mfg,Belts & Hoses,Rubber,Tariff / Duty,13745,11850.94
2025-Q2,SKU-1048,Great Lakes Mfg,Belts & Hoses,Rubber,Tariff / Duty,13745,12657.77
2025-Q3,SKU-1048,Great Lakes Mfg,Belts & Hoses,Rubber,Tariff / Duty,13745,12020.0
2025-Q4,SKU-1048,Great Lakes Mfg,Belts & Hoses,Rubber,Tariff / Duty,13745,12400.74
2023-Q1,SKU-1049,Great Lakes Mfg,Belts & Hoses,Rubber,Tariff / Duty,10096,13015.76
2023-Q2,SKU-1049,Great Lakes Mfg,Belts & Hoses,Rubber,Tariff / Duty,10096,13284.32
2023-Q3,SKU-1049,Great Lakes Mfg,Belts & Hoses,Rubber,Tariff / Duty,10096,13581.14
2023-Q4,SKU-1049,Great Lakes Mfg,Belts & Hoses,Rubber,Tariff / Duty,10096,14064.74
2024-Q1,SKU-1049,Great Lakes Mfg,Belts & Hoses,Rubber,Tariff / Duty,10096,13534.7
2024-Q2,SKU-1049,Great Lakes Mfg,Belts & Hoses,Rubber,Tariff / Duty,10096,13596.28
2024-Q3,SKU-1049,Great Lakes Mfg,Belts & Hoses,Rubber,Tariff / Duty,10096,13626.57
2024-Q4,SKU-1049,Great Lakes Mfg,Belts & Hoses,Rubber,Tariff / Duty,10096,13510.47
2025-Q1,SKU-1049,Great Lakes Mfg,Belts & Hoses,Rubber,Tariff / Duty,10096,13517.53
2025-Q2,SKU-1049,Great Lakes Mfg,Belts & Hoses,Rubber,Tariff / Duty,10096,14503.91
2025-Q3,SKU-1049,Great Lakes Mfg,Belts & Hoses,Rubber,Tariff / Duty,10096,13935.51
2025-Q4,SKU-1049,Great Lakes Mfg,Belts & Hoses,Rubber,Tariff / Duty,10096,14446.37
2023-Q1,SKU-1050,Pacific Components,Filters,Paper,Tariff / Duty,2210,0.0
2023-Q2,SKU-1050,Pacific Components,Filters,Paper,Tariff / Duty,2210,0.0
2023-Q3,SKU-1050,Pacific Components,Filters,Paper,Tariff / Duty,2210,0.0
2023-Q4,SKU-1050,Pacific Components,Filters,Paper,Tariff / Duty,2210,0.0
2024-Q1,SKU-1050,Pacific Components,Filters,Paper,Tariff / Duty,2210,0.0
2024-Q2,SKU-1050,Pacific Components,Filters,Paper,Tariff / Duty,2210,0.0
2024-Q3,SKU-1050,Pacific Components,Filters,Paper,Tariff / Duty,2210,0.0
2024-Q4,SKU-1050,Pacific Components,Filters,Paper,Tariff / Duty,2210,0.0
2025-Q1,SKU-1050,Pacific Components,Filters,Paper,Tariff / Duty,2210,0.0
2025-Q2,SKU-1050,Pacific Components,Filters,Paper,Tariff / Duty,2210,0.0
2025-Q3,SKU-1050,Pacific Components,Filters,Paper,Tariff / Duty,2210,0.0
2025-Q4,SKU-1050,Pacific Components,Filters,Paper,Tariff / Duty,2210,0.0
2023-Q1,SKU-1051,Pacific Components,Filters,Paper,Tariff / Duty,14895,9896.24
2023-Q2,SKU-1051,Pacific Components,Filters,Paper,Tariff / Duty,14895,9732.39
2023-Q3,SKU-1051,Pacific Components,Filters,Paper,Tariff / Duty,14895,10045.19
2023-Q4,SKU-1051,Pacific Components,Filters,Paper,Tariff / Duty,14895,10319.26
2024-Q1,SKU-1051,Pacific Components,Filters,Paper,Tariff / Duty,14895,10588.86
2024-Q2,SKU-1051,Pacific Components,Filters,Paper,Tariff / Duty,14895,10548.64
2024-Q3,SKU-1051,Pacific Components,Filters,Paper,Tariff / Duty,14895,11250.19
2024-Q4,SKU-1051,Pacific Components,Filters,Paper,Tariff / Duty,14895,11259.13
2025-Q1,SKU-1051,Pacific Components,Filters,Paper,Tariff / Duty,14895,11367.86
2025-Q2,SKU-1051,Pacific Components,Filters,Paper,Tariff / Duty,14895,11434.89
2025-Q3,SKU-1051,Pacific Components,Filters,Paper,Tariff / Duty,14895,11954.73
2025-Q4,SKU-1051,Pacific Components,Filters,Paper,Tariff / Duty,14895,12215.39
2023-Q1,SKU-1052,Pacific Components,Wipers,Rubber,Tariff / Duty,6603,0.0
2023-Q2,SKU-1052,Pacific Components,Wipers,Rubber,Tariff / Duty,6603,0.0
2023-Q3,SKU-1052,Pacific Components,Wipers,Rubber,Tariff / Duty,6603,0.0
2023-Q4,SKU-1052,Pacific Components,Wipers,Rubber,Tariff / Duty,6603,0.0
2024-Q1,SKU-1052,Pacific Components,Wipers,Rubber,Tariff / Duty,6603,0.0
2024-Q2,SKU-1052,Pacific Components,Wipers,Rubber,Tariff / Duty,6603,0.0
2024-Q3,SKU-1052,Pacific Components,Wipers,Rubber,Tariff / Duty,6603,0.0
2024-Q4,SKU-1052,Pacific Components,Wipers,Rubber,Tariff / Duty,6603,0.0
2025-Q1,SKU-1052,Pacific Components,Wipers,Rubber,Tariff / Duty,6603,0.0
2025-Q2,SKU-1052,Pacific Components,Wipers,Rubber,Tariff / Duty,6603,0.0
2025-Q3,SKU-1052,Pacific Components,Wipers,Rubber,Tariff / Duty,6603,0.0
2025-Q4,SKU-1052,Pacific Components,Wipers,Rubber,Tariff / Duty,6603,0.0
2023-Q1,SKU-1053,Pacific Components,Wipers,Rubber,Tariff / Duty,9039,7759.08
2023-Q2,SKU-1053,Pacific Components,Wipers,Rubber,Tariff / Duty,9039,7722.02
2023-Q3,SKU-1053,Pacific Components,Wipers,Rubber,Tariff / Duty,9039,8029.34
2023-Q4,SKU-1053,Pacific Components,Wipers,Rubber,Tariff / Duty,9039,8440.62
2024-Q1,SKU-1053,Pacific Components,Wipers,Rubber,Tariff / Duty,9039,8142.33
2024-Q2,SKU-1053,Pacific Components,Wipers,Rubber,Tariff / Duty,9039,8073.63
2024-Q3,SKU-1053,Pacific Components,Wipers,Rubber,Tariff / Duty,9039,8197.47
2024-Q4,SKU-1053,Pacific Components,Wipers,Rubber,Tariff / Duty,9039,8136.91
2025-Q1,SKU-1053,Pacific Components,Wipers,Rubber,Tariff / Duty,9039,8233.63
2025-Q2,SKU-1053,Pacific Components,Wipers,Rubber,Tariff / Duty,9039,8832.01
2025-Q3,SKU-1053,Pacific Components,Wipers,Rubber,Tariff / Duty,9039,8860.03
2025-Q4,SKU-1053,Pacific Components,Wipers,Rubber,Tariff / Duty,9039,9177.3
2023-Q1,SKU-1054,Pacific Components,Wipers,Rubber,Tariff / Duty,12447,4153.56
2023-Q2,SKU-1054,Pacific Components,Wipers,Rubber,Tariff / Duty,12447,4144.85
2023-Q3,SKU-1054,Pacific Components,Wipers,Rubber,Tariff / Duty,12447,4279.28
2023-Q4,SKU-1054,Pacific Components,Wipers,Rubber,Tariff / Duty,12447,4495.86
2024-Q1,SKU-1054,Pacific Components,Wipers,Rubber,Tariff / Duty,12447,4380.1
2024-Q2,SKU-1054,Pacific Components,Wipers,Rubber,Tariff / Duty,12447,4336.53
2024-Q3,SKU-1054,Pacific Components,Wipers,Rubber,Tariff / Duty,12447,4452.29
2024-Q4,SKU-1054,Pacific Components,Wipers,Rubber,Tariff / Duty,12447,4397.53
2025-Q1,SKU-1054,Pacific Components,Wipers,Rubber,Tariff / Duty,12447,4453.54
2025-Q2,SKU-1054,Pacific Components,Wipers,Rubber,Tariff / Duty,12447,4762.22
2025-Q3,SKU-1054,Pacific Components,Wipers,Rubber,Tariff / Duty,12447,4751.02
2025-Q4,SKU-1054,Pacific Components,Wipers,Rubber,Tariff / Duty,12447,4829.44
2023-Q1,SKU-1055,Pacific Components,Wipers,Rubber,Tariff / Duty,14496,15474.48
2023-Q2,SKU-1055,Pacific Components,Wipers,Rubber,Tariff / Duty,14496,15370.11
2023-Q3,SKU-1055,Pacific Components,Wipers,Rubber,Tariff / Duty,14496,15871.67
2023-Q4,SKU-1055,Pacific Components,Wipers,Rubber,Tariff / Duty,14496,16600.82
2024-Q1,SKU-1055,Pacific Components,Wipers,Rubber,Tariff / Duty,14496,16183.33
2024-Q2,SKU-1055,Pacific Components,Wipers,Rubber,Tariff / Duty,14496,16034.03
2024-Q3,SKU-1055,Pacific Components,Wipers,Rubber,Tariff / Duty,14496,16474.7
2024-Q4,SKU-1055,Pacific Components,Wipers,Rubber,Tariff / Duty,14496,16255.81
2025-Q1,SKU-1055,Pacific Components,Wipers,Rubber,Tariff / Duty,14496,16510.94
2025-Q2,SKU-1055,Pacific Components,Wipers,Rubber,Tariff / Duty,14496,17470.58
2025-Q3,SKU-1055,Pacific Components,Wipers,Rubber,Tariff / Duty,14496,17432.89
2025-Q4,SKU-1055,Pacific Components,Wipers,Rubber,Tariff / Duty,14496,17793.84
2023-Q1,SKU-1056,Pacific Components,Spark Plugs,Copper,Tariff / Duty,2877,0.0
2023-Q2,SKU-1056,Pacific Components,Spark Plugs,Copper,Tariff / Duty,2877,0.0
2023-Q3,SKU-1056,Pacific Components,Spark Plugs,Copper,Tariff / Duty,2877,0.0
2023-Q4,SKU-1056,Pacific Components,Spark Plugs,Copper,Tariff / Duty,2877,0.0
2024-Q1,SKU-1056,Pacific Components,Spark Plugs,Copper,Tariff / Duty,2877,0.0
2024-Q2,SKU-1056,Pacific Components,Spark Plugs,Copper,Tariff / Duty,2877,0.0
2024-Q3,SKU-1056,Pacific Components,Spark Plugs,Copper,Tariff / Duty,2877,0.0
2024-Q4,SKU-1056,Pacific Components,Spark Plugs,Copper,Tariff / Duty,2877,0.0
2025-Q1,SKU-1056,Pacific Components,Spark Plugs,Copper,Tariff / Duty,2877,0.0
2025-Q2,SKU-1056,Pacific Components,Spark Plugs,Copper,Tariff / Duty,2877,0.0
2025-Q3,SKU-1056,Pacific Components,Spark Plugs,Copper,Tariff / Duty,2877,0.0
2025-Q4,SKU-1056,Pacific Components,Spark Plugs,Copper,Tariff / Duty,2877,0.0
2023-Q1,SKU-1057,Pacific Components,Spark Plugs,Copper,Tariff / Duty,8910,1517.37
2023-Q2,SKU-1057,Pacific Components,Spark Plugs,Copper,Tariff / Duty,8910,1532.52
2023-Q3,SKU-1057,Pacific Components,Spark Plugs,Copper,Tariff / Duty,8910,1587.76
2023-Q4,SKU-1057,Pacific Components,Spark Plugs,Copper,Tariff / Duty,8910,1684.88
2024-Q1,SKU-1057,Pacific Components,Spark Plugs,Copper,Tariff / Duty,8910,1695.57
2024-Q2,SKU-1057,Pacific Components,Spark Plugs,Copper,Tariff / Duty,8910,1711.61
2024-Q3,SKU-1057,Pacific Components,Spark Plugs,Copper,Tariff / Duty,8910,1816.75
2024-Q4,SKU-1057,Pacific Components,Spark Plugs,Copper,Tariff / Duty,8910,1823.88
2025-Q1,SKU-1057,Pacific Components,Spark Plugs,Copper,Tariff / Duty,8910,1907.63
2025-Q2,SKU-1057,Pacific Components,Spark Plugs,Copper,Tariff / Duty,8910,1929.02
2025-Q3,SKU-1057,Pacific Components,Spark Plugs,Copper,Tariff / Duty,8910,1982.48
2025-Q4,SKU-1057,Pacific Components,Spark Plugs,Copper,Tariff / Duty,8910,1971.78
2023-Q1,SKU-1058,Pacific Components,Spark Plugs,Copper,Tariff / Duty,6387,1118.36
2023-Q2,SKU-1058,Pacific Components,Spark Plugs,Copper,Tariff / Duty,6387,1136.25
2023-Q3,SKU-1058,Pacific Components,Spark Plugs,Copper,Tariff / Duty,6387,1181.6
2023-Q4,SKU-1058,Pacific Components,Spark Plugs,Copper,Tariff / Duty,6387,1253.77
2024-Q1,SKU-1058,Pacific Components,Spark Plugs,Copper,Tariff / Duty,6387,1266.54
2024-Q2,SKU-1058,Pacific Components,Spark Plugs,Copper,Tariff / Duty,6387,1278.04
2024-Q3,SKU-1058,Pacific Components,Spark Plugs,Copper,Tariff / Duty,6387,1356.6
2024-Q4,SKU-1058,Pacific Components,Spark Plugs,Copper,Tariff / Duty,6387,1366.82
2025-Q1,SKU-1058,Pacific Components,Spark Plugs,Copper,Tariff / Duty,6387,1437.71
2025-Q2,SKU-1058,Pacific Components,Spark Plugs,Copper,Tariff / Duty,6387,1444.1
2025-Q3,SKU-1058,Pacific Components,Spark Plugs,Copper,Tariff / Duty,6387,1497.11
2025-Q4,SKU-1058,Pacific Components,Spark Plugs,Copper,Tariff / Duty,6387,1496.47
2023-Q1,SKU-1059,Pacific Components,Motor Oil,Crude Oil,Tariff / Duty,17644,19369.58
2023-Q2,SKU-1059,Pacific Components,Motor Oil,Crude Oil,Tariff / Duty,17644,18353.29
2023-Q3,SKU-1059,Pacific Components,Motor Oil,Crude Oil,Tariff / Duty,17644,18272.13
2023-Q4,SKU-1059,Pacific Components,Motor Oil,Crude Oil,Tariff / Duty,17644,19471.92
2024-Q1,SKU-1059,Pacific Components,Motor Oil,Crude Oil,Tariff / Duty,17644,20766.99
2024-Q2,SKU-1059,Pacific Components,Motor Oil,Crude Oil,Tariff / Duty,17644,21598.02
2024-Q3,SKU-1059,Pacific Components,Motor Oil,Crude Oil,Tariff / Duty,17644,21599.78
2024-Q4,SKU-1059,Pacific Components,Motor Oil,Crude Oil,Tariff / Duty,17644,22347.89
2025-Q1,SKU-1059,Pacific Components,Motor Oil,Crude Oil,Tariff / Duty,17644,23163.04
2025-Q2,SKU-1059,Pacific Components,Motor Oil,Crude Oil,Tariff / Duty,17644,24182.87
2025-Q3,SKU-1059,Pacific Components,Motor Oil,Crude Oil,Tariff / Duty,17644,26889.46
2025-Q4,SKU-1059,Pacific Components,Motor Oil,Crude Oil,Tariff / Duty,17644,27778.71
2023-Q1,SKU-1060,Pacific Components,Motor Oil,Crude Oil,Tariff / Duty,3162,4047.04
2023-Q2,SKU-1060,Pacific Components,Motor Oil,Crude Oil,Tariff / Duty,3162,3926.26
2023-Q3,SKU-1060,Pacific Components,Motor Oil,Crude Oil,Tariff / Duty,3162,3881.36
2023-Q4,SKU-1060,Pacific Components,Motor Oil,Crude Oil,Tariff / Duty,3162,4117.56
2024-Q1,SKU-1060,Pacific Components,Motor Oil,Crude Oil,Tariff / Duty,3162,4331.94
2024-Q2,SKU-1060,Pacific Components,Motor Oil,Crude Oil,Tariff / Duty,3162,4486.56
2024-Q3,SKU-1060,Pacific Components,Motor Oil,Crude Oil,Tariff / Duty,3162,4533.36
2024-Q4,SKU-1060,Pacific Components,Motor Oil,Crude Oil,Tariff / Duty,3162,4645.29
2025-Q1,SKU-1060,Pacific Components,Motor Oil,Crude Oil,Tariff / Duty,3162,4796.75
2025-Q2,SKU-1060,Pacific Components,Motor Oil,Crude Oil,Tariff / Duty,3162,4983.0
2025-Q3,SKU-1060,Pacific Components,Motor Oil,Crude Oil,Tariff / Duty,3162,5359.91
2025-Q4,SKU-1060,Pacific Components,Motor Oil,Crude Oil,Tariff / Duty,3162,5477.85
2023-Q1,SKU-1061,Pacific Components,Motor Oil,Crude Oil,Tariff / Duty,1065,1717.74
2023-Q2,SKU-1061,Pacific Components,Motor Oil,Crude Oil,Tariff / Duty,1065,1656.93
2023-Q3,SKU-1061,Pacific Components,Motor Oil,Crude Oil,Tariff / Duty,1065,1635.84
2023-Q4,SKU-1061,Pacific Components,Motor Oil,Crude Oil,Tariff / Duty,1065,1740.1
2024-Q1,SKU-1061,Pacific Components,Motor Oil,Crude Oil,Tariff / Duty,1065,1842.45
2024-Q2,SKU-1061,Pacific Components,Motor Oil,Crude Oil,Tariff / Duty,1065,1897.19
2024-Q3,SKU-1061,Pacific Components,Motor Oil,Crude Oil,Tariff / Duty,1065,1928.72
2024-Q4,SKU-1061,Pacific Components,Motor Oil,Crude Oil,Tariff / Duty,1065,1972.27
2025-Q1,SKU-1061,Pacific Components,Motor Oil,Crude Oil,Tariff / Duty,1065,2043.95
2025-Q2,SKU-1061,Pacific Components,Motor Oil,Crude Oil,Tariff / Duty,1065,2116.9
2025-Q3,SKU-1061,Pacific Components,Motor Oil,Crude Oil,Tariff / Duty,1065,2285.49
2025-Q4,SKU-1061,Pacific Components,Motor Oil,Crude Oil,Tariff / Duty,1065,2326.92
2023-Q1,SKU-1062,Pacific Components,Motor Oil,Crude Oil,Tariff / Duty,6133,8568.41
2023-Q2,SKU-1062,Pacific Components,Motor Oil,Crude Oil,Tariff / Duty,6133,8269.12
2023-Q3,SKU-1062,Pacific Components,Motor Oil,Crude Oil,Tariff / Duty,6133,8105.99
2023-Q4,SKU-1062,Pacific Components,Motor Oil,Crude Oil,Tariff / Duty,6133,8584.97
2024-Q1,SKU-1062,Pacific Components,Motor Oil,Crude Oil,Tariff / Duty,6133,9068.87
2024-Q2,SKU-1062,Pacific Components,Motor Oil,Crude Oil,Tariff / Duty,6133,9293.95
2024-Q3,SKU-1062,Pacific Components,Motor Oil,Crude Oil,Tariff / Duty,6133,9365.09
2024-Q4,SKU-1062,Pacific Components,Motor Oil,Crude Oil,Tariff / Duty,6133,9596.92
2025-Q1,SKU-1062,Pacific Components,Motor Oil,Crude Oil,Tariff / Duty,6133,9901.73
2025-Q2,SKU-1062,Pacific Components,Motor Oil,Crude Oil,Tariff / Duty,6133,10342.08
2025-Q3,SKU-1062,Pacific Components,Motor Oil,Crude Oil,Tariff / Duty,6133,11322.74
2025-Q4,SKU-1062,Pacific Components,Motor Oil,Crude Oil,Tariff / Duty,6133,11579.72
